chromosome_accession	subtype	genus	family	order	class	phylum	source_rows	hit_rows	effective_unique_hit_spacers	unambiguous_oriented_hit_rows	orientations	published_pam_fields	rows_with_cas9_annotation	curation_priority	curation_priority_points	registered_system_id	readiness	independence_status	ncbi_title	ncbi_taxid	ncbi_sequence_length	ncbi_updatedate	ncbi_metadata_status
CP009575.1	CAS-TypeIIC	Listeria	Listeriaceae	Bacillales	Bacilli	Firmicutes	93	80	80	80	forward	XnnACnC	93	A	70		needs_exact_same_strain_protein_and_experimental_gold	aggregate_consensus_flanks_no_raw_target_ids	Listeria ivanovii subsp. londoniensis strain WSLC 30167, complete genome	202752	2993492	2015/03/11	matched
CP015403.2	CAS-TypeIIB			Burkholderiales	Betaproteobacteria	Proteobacteria	94	66	66	66	forward|reverse	XnGG	94	A	60		needs_exact_same_strain_protein_and_experimental_gold	aggregate_consensus_flanks_no_raw_target_ids	Burkholderiales bacterium YL45 chromosome, complete genome	1834205	2923112	2017/04/05	matched
CP022723.1	CAS-TypeIIA	Bifidobacterium	Bifidobacteriaceae	Bifidobacteriales	Actinobacteria	Actinobacteria	67	61	61	61	forward	XnnGCGT	67	A	70		needs_exact_same_strain_protein_and_experimental_gold	aggregate_consensus_flanks_no_raw_target_ids	Bifidobacterium bifidum strain S6 chromosome, complete genome	1681	2311342	2018/08/15	matched
AP010655.1	CAS-TypeIIA	Streptococcus	Streptococcaceae	Lactobacillales	Bacilli	Firmicutes	67	59	59	59	forward	XnGG	67	A	70		needs_exact_same_strain_protein_and_experimental_gold	aggregate_consensus_flanks_no_raw_target_ids	Streptococcus mutans NN2025 DNA, complete genome	511691	2013587	2016/10/07	matched
CP002113.1	CAS-TypeIIC	Capnocytophaga	Flavobacteriaceae	Flavobacteriales	Flavobacteriia	Bacteroidetes	106	59	59	59	reverse		106	A	60		needs_exact_same_strain_protein_and_experimental_gold	aggregate_consensus_flanks_no_raw_target_ids	Capnocytophaga canimorsus Cc5, complete genome	860228	2571406	2014/01/30	matched
LR134394.1	CAS-TypeIIC	Listeria	Listeriaceae	Bacillales	Bacilli	Firmicutes	74	59	59	59	forward	XnnACnC	74	A	70		needs_exact_same_strain_protein_and_experimental_gold	aggregate_consensus_flanks_no_raw_target_ids	Listeria ivanovii subsp. londoniensis strain NCTC12701 genome assembly, chromosome: 1	202752	3007116	2018/12/19	matched
LT907930.1	CAS-TypeIIC	Lactobacillus	Lactobacillaceae	Lactobacillales	Bacilli	Firmicutes	91	57	57	57	forward	XnnnnGCAC	91	A	70		needs_exact_same_strain_protein_and_experimental_gold	aggregate_consensus_flanks_no_raw_target_ids	Lactobacillus sakei strain J18 genome assembly, chromosome: LSAJ18, whole genome shotgun sequence	1599	1824746	2017/11/01	matched
CP016205.1	CAS-TypeIIC	Prevotella	Prevotellaceae	Bacteroidales	Bacteroidia	Bacteroidetes	64	55	55	55	reverse	XnnnnCC	64	A	70		needs_exact_same_strain_protein_and_experimental_gold	aggregate_consensus_flanks_no_raw_target_ids	Prevotella scopos JCM 17725 strain W2052 chromosome 2 genome	1236518	1436518	2016/07/11	matched
LR027880.1	CAS-TypeIIC	Roseburia	Lachnospiraceae	Clostridiales	Clostridia	Firmicutes	61	55	55	55	reverse	XnnnnCATA|XnnnnCnnA	61	A	70		needs_exact_same_strain_protein_and_experimental_gold	aggregate_consensus_flanks_no_raw_target_ids	Roseburia intestinalis L1-82 genome assembly, chromosome: 1	536231	4493348	2019/02/27	matched
LS483364.1	CAS-TypeIIA	Streptococcus	Streptococcaceae	Lactobacillales	Bacilli	Firmicutes	63	53	53	53	forward	XnGGnG	63	A	70		needs_exact_same_strain_protein_and_experimental_gold	aggregate_consensus_flanks_no_raw_target_ids	Streptococcus sanguinis strain NCTC11086 genome assembly, chromosome: 1	1305	2331387	2018/06/17	matched
CM002372.1	CAS-TypeIIC	Streptococcus	Streptococcaceae	Lactobacillales	Bacilli	Firmicutes	52	50	50	50	forward	XnnAAAAA	52	A	70		needs_exact_same_strain_protein_and_experimental_gold	aggregate_consensus_flanks_no_raw_target_ids	Streptococcus thermophilus M17PTZA496 chromosome, whole genome shotgun sequence	1433289	1995662	2014/01/24	matched
CP019981.1	CAS-TypeIIA	Pediococcus	Lactobacillaceae	Lactobacillales	Bacilli	Firmicutes	67	49	49	49	reverse	XnnTAC	67	A	70		needs_exact_same_strain_protein_and_experimental_gold	aggregate_consensus_flanks_no_raw_target_ids	Pediococcus inopinatus strain DSM 20285 chromosome, complete genome	114090	2137091	2018/03/08	matched
CP012073.1	CAS-TypeIIC	Ottowia	Comamonadaceae	Burkholderiales	Betaproteobacteria	Proteobacteria	57	47	47	47	reverse	XnnGnnT	57	A	70		needs_exact_same_strain_protein_and_experimental_gold	aggregate_consensus_flanks_no_raw_target_ids	Ottowia sp. oral taxon 894 strain W10237, complete genome	1658672	2925783	2015/08/07	matched
CP031881.1	CAS-TypeIIC	Streptococcus	Streptococcaceae	Lactobacillales	Bacilli	Firmicutes	50	47	47	47	forward	XnnGAAAA	50	A	70		needs_exact_same_strain_protein_and_experimental_gold	aggregate_consensus_flanks_no_raw_target_ids	Streptococcus thermophilus strain ST106 chromosome, complete genome	1308	1856083	2018/09/03	matched
CP017697.1	CAS-TypeIIC	Lactobacillus	Lactobacillaceae	Lactobacillales	Bacilli	Firmicutes	82	46	46	46	reverse	XnnnnCTAC	82	A	70		needs_exact_same_strain_protein_and_experimental_gold	aggregate_consensus_flanks_no_raw_target_ids	Lactobacillus coryniformis subsp. torquens DSM 20004 = KCTC 3535, complete genome	1423822	2956605	2017/10/25	matched
LT984417.2	CAS-TypeIIA	Lactobacillus	Lactobacillaceae	Lactobacillales	Bacilli	Firmicutes	67	46	46	46	reverse	XnnAAG	67	A	70		needs_exact_same_strain_protein_and_experimental_gold	aggregate_consensus_flanks_no_raw_target_ids	Lactobacillus fuchuensis strain MFPC41A2801 genome assembly, chromosome: I, whole genome shotgun sequence	164393	2045293	2018/02/13	matched
CP022022.1	CAS-TypeIIC	Capnocytophaga	Flavobacteriaceae	Flavobacteriales	Flavobacteriia	Bacteroidetes	52	45	45	45	reverse	XnAAAAA	52	A	70		needs_exact_same_strain_protein_and_experimental_gold	aggregate_consensus_flanks_no_raw_target_ids	Capnocytophaga endodontalis strain ChDC OS43, complete genome	2708117	3412686	2020/02/14	matched
CP031545.1	CAS-TypeIIC	Streptococcus	Streptococcaceae	Lactobacillales	Bacilli	Firmicutes	48	45	45	45	forward	XnnAGAAA	48	A	70		needs_exact_same_strain_protein_and_experimental_gold	aggregate_consensus_flanks_no_raw_target_ids	Streptococcus thermophilus strain ST109 chromosome, complete genome	1308	1788866	2018/08/18	matched
CP003860.1	CAS-TypeIIC	Streptococcus	Streptococcaceae	Lactobacillales	Bacilli	Firmicutes	50	44	44	44	forward	XnnAA|XnnAAAAA|XnnAnAnA	50	A	70		needs_exact_same_strain_protein_and_experimental_gold	aggregate_consensus_flanks_no_raw_target_ids	Streptococcus anginosus C1051, complete genome	862970	1911706	2014/03/07	matched
HE613569.1	CAS-TypeIIC	Streptococcus	Streptococcaceae	Lactobacillales	Bacilli	Firmicutes	45	43	43	43	reverse	XnnGnAAA	45	A	70		needs_exact_same_strain_protein_and_experimental_gold	aggregate_consensus_flanks_no_raw_target_ids	Streptococcus macedonicus ACA-DC 198 main chromosome complete genome	1116231	2130034	2015/08/03	matched
LR594041.1	CAS-TypeIIC	Streptococcus	Streptococcaceae	Lactobacillales	Bacilli	Firmicutes	43	43	43	43	reverse	XnnAAAG	43	A	70		needs_exact_same_strain_protein_and_experimental_gold	aggregate_consensus_flanks_no_raw_target_ids	Streptococcus gordonii strain NCTC9124 genome assembly, chromosome: 1	1302	2223915	2019/05/17	matched
LS974444.1	CAS-TypeIIC	Streptococcus	Streptococcaceae	Lactobacillales	Bacilli	Firmicutes	55	42	42	42	reverse	XnnAAAAA	55	A	70		needs_exact_same_strain_protein_and_experimental_gold	aggregate_consensus_flanks_no_raw_target_ids	Streptococcus thermophilus strain N4L genome assembly, chromosome: 1	1308	1831756	2018/07/03	matched
CP002220.1	CAS-TypeIIA	Bifidobacterium	Bifidobacteriaceae	Bifidobacteriales	Actinobacteria	Actinobacteria	43	40	40	40	reverse	XnnGCGT	43	A	70		needs_exact_same_strain_protein_and_experimental_gold	aggregate_consensus_flanks_no_raw_target_ids	Bifidobacterium bifidum S17, complete genome	883062	2186882	2014/01/31	matched
LS483408.1	CAS-TypeIIA	Streptococcus	Streptococcaceae	Lactobacillales	Bacilli	Firmicutes	57	39	39	39	reverse	XnGG	57	A	69		needs_exact_same_strain_protein_and_experimental_gold	aggregate_consensus_flanks_no_raw_target_ids	Streptococcus uberis strain NCTC4674 genome assembly, chromosome: 1	1349	2024265	2018/06/17	matched
CP001107.1	CAS-TypeIIC		Lachnospiraceae	Clostridiales	Clostridia	Firmicutes	44	38	38	38	forward	XnnAnAA	44	A	68		needs_exact_same_strain_protein_and_experimental_gold	aggregate_consensus_flanks_no_raw_target_ids	Agathobacter rectalis ATCC 33656 chromosome, complete genome	515619	3449685	2017/08/25	matched
CP039457.1	CAS-TypeIIA	Streptococcus	Streptococcaceae	Lactobacillales	Bacilli	Firmicutes	42	38	38	38	reverse	XnGG	42	A	68		needs_exact_same_strain_protein_and_experimental_gold	aggregate_consensus_flanks_no_raw_target_ids	Streptococcus pasteurianus strain WUSP067 chromosome, complete genome	197614	2149841	2019/04/24	matched
FR875178.1	CAS-TypeIIC	Streptococcus	Streptococcaceae	Lactobacillales	Bacilli	Firmicutes	39	38	38	38	forward	XnnAGAAA	39	A	68		needs_exact_same_strain_protein_and_experimental_gold	aggregate_consensus_flanks_no_raw_target_ids	Streptococcus thermophilus JIM 8232 complete genome	1051074	1929905	2015/02/27	matched
CM002371.1	CAS-TypeIIC	Streptococcus	Streptococcaceae	Lactobacillales	Bacilli	Firmicutes	42	37	37	37	forward	XnnAAAAA|XnnAGAAA|XnnAGAAAnAA	42	A	67		needs_exact_same_strain_protein_and_experimental_gold	aggregate_consensus_flanks_no_raw_target_ids	Streptococcus thermophilus MTH17CL396 chromosome, whole genome shotgun sequence	1433288	1820209	2014/01/24	matched
CP012589.1	CAS-TypeIIC	Capnocytophaga	Flavobacteriaceae	Flavobacteriales	Flavobacteriia	Bacteroidetes	39	36	36	36	forward	XnATTTTT	39	A	66		needs_exact_same_strain_protein_and_experimental_gold	aggregate_consensus_flanks_no_raw_target_ids	Capnocytophaga sp. oral taxon 323 strain F0383, complete genome	1705617	2614527	2015/09/04	matched
CP014241.1	CAS-TypeIIA	Bifidobacterium	Bifidobacteriaceae	Bifidobacteriales	Actinobacteria	Actinobacteria	42	36	36	36	reverse	XnGGG	42	A	66		needs_exact_same_strain_protein_and_experimental_gold	aggregate_consensus_flanks_no_raw_target_ids	Bifidobacterium angulatum strain GT102, complete genome	1683	2064639	2016/02/22	matched
CP025399.1	CAS-TypeIIC	Streptococcus	Streptococcaceae	Lactobacillales	Bacilli	Firmicutes	38	36	36	36	forward	XnnAAAAA|XnnAGAAA	38	A	66		needs_exact_same_strain_protein_and_experimental_gold	aggregate_consensus_flanks_no_raw_target_ids	Streptococcus thermophilus strain GABA chromosome, complete genome	1308	1857468	2017/12/21	matched
CP035054.1	CAS-TypeIIA	Lactobacillus	Lactobacillaceae	Lactobacillales	Bacilli	Firmicutes	44	36	36	36	reverse	XnnAAA	44	A	66		needs_exact_same_strain_protein_and_experimental_gold	aggregate_consensus_flanks_no_raw_target_ids	Limosilactobacillus fermentum strain SRCM103285 chromosome, complete genome	1613	2146888	2019/01/20	matched
AP018699.1	CAS-TypeIIA	Lactobacillus	Lactobacillaceae	Lactobacillales	Bacilli	Firmicutes	50	35	35	35	forward	XnnGAA	50	A	65		needs_exact_same_strain_protein_and_experimental_gold	aggregate_consensus_flanks_no_raw_target_ids	Lactobacillus curvatus NFH-Km12 DNA, complete genome	28038	1911461	2018/06/02	matched
CM002369.1	CAS-TypeIIC	Streptococcus	Streptococcaceae	Lactobacillales	Bacilli	Firmicutes	46	35	35	35	forward	XnnAGAAA|XnnAGAAAnAA	46	A	65		needs_exact_same_strain_protein_and_experimental_gold	aggregate_consensus_flanks_no_raw_target_ids	Streptococcus thermophilus TH1435 chromosome, whole genome shotgun sequence	1415776	1736780	2014/01/24	matched
CP031253.1	CAS-TypeIIC	Neisseria	Neisseriaceae	Neisseriales	Betaproteobacteria	Proteobacteria	39	35	35	35	forward|reverse	XGAA	39	A	55		needs_exact_same_strain_protein_and_experimental_gold	aggregate_consensus_flanks_no_raw_target_ids	Neisseria lactamica strain M17106 chromosome, complete genome	486	2200224	2018/08/01	matched
CP011013.1	CAS-TypeIIA	Lactobacillus	Lactobacillaceae	Lactobacillales	Bacilli	Firmicutes	37	33	33	33	reverse	XnnAAAA	37	A	63		needs_exact_same_strain_protein_and_experimental_gold	aggregate_consensus_flanks_no_raw_target_ids	Lactobacillus mucosae LM1, complete genome	1130798	2326299	2015/03/11	matched
LR134288.1	CAS-TypeIIA	Streptococcus	Streptococcaceae	Lactobacillales	Bacilli	Firmicutes	37	33	33	33	reverse	XnGG	37	A	63		needs_exact_same_strain_protein_and_experimental_gold	aggregate_consensus_flanks_no_raw_target_ids	Streptococcus milleri strain NCTC11169 genome assembly, chromosome: 1	33040	1856804	2018/12/19	matched
LS483306.1	CAS-TypeIIC	Enterococcus	Enterococcaceae	Lactobacillales	Bacilli	Firmicutes	50	33	33	33	forward	XnnnnAAA	50	A	63		needs_exact_same_strain_protein_and_experimental_gold	aggregate_consensus_flanks_no_raw_target_ids	Enterococcus cecorum strain NCTC12421 genome assembly, chromosome: 1	44008	2421598	2018/06/17	matched
LS991421.1	CAS-TypeIIA	Lactobacillus	Lactobacillaceae	Lactobacillales	Bacilli	Firmicutes	42	33	33	33	reverse	XnnTAG	42	A	63		needs_exact_same_strain_protein_and_experimental_gold	aggregate_consensus_flanks_no_raw_target_ids	Lactobacillus zeae isolate CECT 9104 genome assembly, chromosome: 1	57037	3045762	2020/08/03	matched
CP018477.1	CAS-TypeIIC	Thermogutta	Thermoguttaceae	Pirellulales	Planctomycetia	Planctomycetes	73	32	32	32	forward	XnnnCC	73	A	62		needs_exact_same_strain_protein_and_experimental_gold	aggregate_consensus_flanks_no_raw_target_ids	Thermogutta terrifontis strain R1, complete genome	1331910	4810751	2021/03/15	matched
CP031835.1	CAS-TypeIIA	Lactobacillus	Lactobacillaceae	Lactobacillales	Bacilli	Firmicutes	46	32	32	32	reverse	XnnAAAA	46	A	62		needs_exact_same_strain_protein_and_experimental_gold	aggregate_consensus_flanks_no_raw_target_ids	Lactobacillus amylolyticus strain L5 chromosome, complete genome	83683	1400795	2022/10/28	matched
AE017226.1	CAS-TypeIIA	Treponema	Spirochaetaceae	Spirochaetales	Spirochaetia	Spirochaetes	53	31	31	31	forward	XnAnAA	53	registered	61	tde-atcc35405-published-flanks	registered_retrospective_system	aggregate_consensus_flanks_no_raw_target_ids	Treponema denticola ATCC 35405, complete genome	243275	2843201	2014/01/31	matched
CP002340.1	CAS-TypeIIC	Streptococcus	Streptococcaceae	Lactobacillales	Bacilli	Firmicutes	34	31	31	31	forward	XnnAGAAAnAA|XnnAnAA	34	A	61		needs_exact_same_strain_protein_and_experimental_gold	aggregate_consensus_flanks_no_raw_target_ids	Streptococcus thermophilus ND03, complete genome	767463	1831949	2014/01/31	matched
CP009470.1	CAS-TypeIIC	Staphylococcus	Staphylococcaceae	Bacillales	Bacilli	Firmicutes	36	31	31	31	reverse	XnnGAA	36	A	61		needs_exact_same_strain_protein_and_experimental_gold	aggregate_consensus_flanks_no_raw_target_ids	Staphylococcus schleiferi strain 1360-13, complete genome	1295	2435632	2015/09/23	matched
CP019935.1	CAS-TypeIIC	Streptococcus	Streptococcaceae	Lactobacillales	Bacilli	Firmicutes	34	31	31	31	forward	XnnAGAAAnAA|XnnAnAA	34	A	61		needs_exact_same_strain_protein_and_experimental_gold	aggregate_consensus_flanks_no_raw_target_ids	Streptococcus thermophilus strain APC151 chromosome, complete genome	1308	1839134	2017/03/03	matched
CP028149.1	CAS-TypeIIC	Clostridium	Clostridiaceae	Clostridiales	Clostridia	Firmicutes	42	31	31	31	forward	XnnnnnAAA	42	A	61		needs_exact_same_strain_protein_and_experimental_gold	aggregate_consensus_flanks_no_raw_target_ids	Clostridium perfringens strain JXJA17 chromosome, complete genome	1502	3324072	2018/07/31	matched
LR594047.1	CAS-TypeIIA	Streptococcus	Streptococcaceae	Lactobacillales	Bacilli	Firmicutes	33	31	31	31	reverse	XnGGnG	33	A	61		needs_exact_same_strain_protein_and_experimental_gold	aggregate_consensus_flanks_no_raw_target_ids	Streptococcus dysgalactiae subsp. equisimilis strain NCTC11554 genome assembly, chromosome: 1	119602	2233282	2019/05/17	matched
AP012054.1	CAS-TypeIIC	Streptococcus	Streptococcaceae	Lactobacillales	Bacilli	Firmicutes	37	30	30	30	reverse	XnnGnnAA|XnnnnAAA	37	A	60		needs_exact_same_strain_protein_and_experimental_gold	aggregate_consensus_flanks_no_raw_target_ids	Streptococcus pasteurianus ATCC 43144 DNA, complete genome	981540	2100077	2016/10/07	matched
CP007170.1	CAS-TypeIIA	Listeria	Listeriaceae	Bacillales	Bacilli	Firmicutes	31	30	30	30	reverse	XnGG	31	A	60		needs_exact_same_strain_protein_and_experimental_gold	aggregate_consensus_flanks_no_raw_target_ids	Listeria monocytogenes serotype 1/2a str. 10-0812, complete genome	1196165	2942234	2017/07/03	matched
CP007171.1	CAS-TypeIIA	Listeria	Listeriaceae	Bacillales	Bacilli	Firmicutes	31	30	30	30	reverse	XnGG	31	A	60		needs_exact_same_strain_protein_and_experimental_gold	aggregate_consensus_flanks_no_raw_target_ids	Listeria monocytogenes serotype 1/2a str. 10-0813, complete genome	1196166	2942234	2017/07/03	matched
CP007688.1	CAS-TypeIIA	Listeria	Listeriaceae	Bacillales	Bacilli	Firmicutes	31	30	30	30	reverse	XnGG	31	A	60		needs_exact_same_strain_protein_and_experimental_gold	aggregate_consensus_flanks_no_raw_target_ids	Listeria monocytogenes strain L1846, complete genome	1639	2947477	2015/06/03	matched
LR134282.1	CAS-TypeIIC	Streptococcus	Streptococcaceae	Lactobacillales	Bacilli	Firmicutes	34	30	30	30	reverse	XnnGCAAA	34	A	60		needs_exact_same_strain_protein_and_experimental_gold	aggregate_consensus_flanks_no_raw_target_ids	Streptococcus equinus strain NCTC8140 genome assembly, chromosome: 1	1335	1873522	2018/12/19	matched
LR594042.1	CAS-TypeIIC	Streptococcus	Streptococcaceae	Lactobacillales	Bacilli	Firmicutes	34	30	30	30	reverse	XnnGCAAA	34	A	60		needs_exact_same_strain_protein_and_experimental_gold	aggregate_consensus_flanks_no_raw_target_ids	Streptococcus equinus strain NCTC8133 genome assembly, chromosome: 1	1335	1867673	2020/08/03	matched
LT906436.1	CAS-TypeIIA	Listeria	Listeriaceae	Bacillales	Bacilli	Firmicutes	31	30	30	30	reverse	XnGG	31	A	60		needs_exact_same_strain_protein_and_experimental_gold	aggregate_consensus_flanks_no_raw_target_ids	Listeria monocytogenes strain NCTC10357 genome assembly, chromosome: 1	1639	2864663	2017/08/15	matched
CM003138.1	CAS-TypeIIC	Streptococcus	Streptococcaceae	Lactobacillales	Bacilli	Firmicutes	29	29	29	29	forward	XnnAGAAA	29	A	59		needs_exact_same_strain_protein_and_experimental_gold	aggregate_consensus_flanks_no_raw_target_ids	Streptococcus thermophilus 1F8CT chromosome, whole genome shotgun sequence	1435981	1736449	2015/02/18	matched
CP002002.1	CAS-TypeIIA	Listeria	Listeriaceae	Bacillales	Bacilli	Firmicutes	30	29	29	29	reverse	XnGG	30	A	59		needs_exact_same_strain_protein_and_experimental_gold	aggregate_consensus_flanks_no_raw_target_ids	Listeria monocytogenes 10403S, complete genome	393133	2903106	2014/02/13	matched
CP007684.1	CAS-TypeIIA	Listeria	Listeriaceae	Bacillales	Bacilli	Firmicutes	30	29	29	29	reverse	XnGG	30	A	59		needs_exact_same_strain_protein_and_experimental_gold	aggregate_consensus_flanks_no_raw_target_ids	Listeria monocytogenes strain L2626, complete genome	1639	2907486	2015/06/03	matched
CP014261.1	CAS-TypeIIA	Listeria	Listeriaceae	Bacillales	Bacilli	Firmicutes	30	29	29	29	reverse	XnGG	30	A	59		needs_exact_same_strain_protein_and_experimental_gold	aggregate_consensus_flanks_no_raw_target_ids	Listeria monocytogenes strain 2015TE19005-1355, complete genome	1639	2864291	2016/02/08	matched
CP014790.1	CAS-TypeIIA	Listeria	Listeriaceae	Bacillales	Bacilli	Firmicutes	30	29	29	29	reverse	XnGG	30	A	59		needs_exact_same_strain_protein_and_experimental_gold	aggregate_consensus_flanks_no_raw_target_ids	Listeria monocytogenes strain 2015TE24968 chromosome, complete genome	1639	2894716	2016/03/23	matched
CP028392.1	CAS-TypeIIA	Listeria	Listeriaceae	Bacillales	Bacilli	Firmicutes	30	29	29	29	reverse	XnGG	30	A	59		needs_exact_same_strain_protein_and_experimental_gold	aggregate_consensus_flanks_no_raw_target_ids	Listeria monocytogenes strain 2016TE2013 chromosome	1639	2894711	2018/04/09	matched
CP028393.1	CAS-TypeIIA	Listeria	Listeriaceae	Bacillales	Bacilli	Firmicutes	30	29	29	29	reverse	XnGG	30	A	59		needs_exact_same_strain_protein_and_experimental_gold	aggregate_consensus_flanks_no_raw_target_ids	Listeria monocytogenes strain 2016TE840-1-1 chromosome	1639	2894816	2018/04/09	matched
CP028394.1	CAS-TypeIIA	Listeria	Listeriaceae	Bacillales	Bacilli	Firmicutes	30	29	29	29	reverse	XnGG	30	A	59		needs_exact_same_strain_protein_and_experimental_gold	aggregate_consensus_flanks_no_raw_target_ids	Listeria monocytogenes strain 2016TE4965-1-1 chromosome	1639	2894814	2018/04/09	matched
CP028395.1	CAS-TypeIIA	Listeria	Listeriaceae	Bacillales	Bacilli	Firmicutes	30	29	29	29	reverse	XnGG	30	A	59		needs_exact_same_strain_protein_and_experimental_gold	aggregate_consensus_flanks_no_raw_target_ids	Listeria monocytogenes strain 2016TE4526-1-1 chromosome	1639	2894816	2018/04/09	matched
CP028396.1	CAS-TypeIIA	Listeria	Listeriaceae	Bacillales	Bacilli	Firmicutes	30	29	29	29	reverse	XnGG	30	A	59		needs_exact_same_strain_protein_and_experimental_gold	aggregate_consensus_flanks_no_raw_target_ids	Listeria monocytogenes strain 2016TE3773-1-1 chromosome	1639	2894816	2018/04/09	matched
CP028397.1	CAS-TypeIIA	Listeria	Listeriaceae	Bacillales	Bacilli	Firmicutes	30	29	29	29	reverse	XnGG	30	A	59		needs_exact_same_strain_protein_and_experimental_gold	aggregate_consensus_flanks_no_raw_target_ids	Listeria monocytogenes strain 2016TE3770-1-1 chromosome	1639	2894816	2018/04/09	matched
CP028398.1	CAS-TypeIIA	Listeria	Listeriaceae	Bacillales	Bacilli	Firmicutes	30	29	29	29	reverse	XnGG	30	A	59		needs_exact_same_strain_protein_and_experimental_gold	aggregate_consensus_flanks_no_raw_target_ids	Listeria monocytogenes strain 2016TE3767-1-1 chromosome	1639	2894815	2018/04/09	matched
CP028399.1	CAS-TypeIIA	Listeria	Listeriaceae	Bacillales	Bacilli	Firmicutes	30	29	29	29	reverse	XnGG	30	A	59		needs_exact_same_strain_protein_and_experimental_gold	aggregate_consensus_flanks_no_raw_target_ids	Listeria monocytogenes strain 2016TE3765-1-1 chromosome	1639	2894817	2018/04/09	matched
CP028400.1	CAS-TypeIIA	Listeria	Listeriaceae	Bacillales	Bacilli	Firmicutes	30	29	29	29	reverse	XnGG	30	A	59		needs_exact_same_strain_protein_and_experimental_gold	aggregate_consensus_flanks_no_raw_target_ids	Listeria monocytogenes strain 2016TE340 chromosome	1639	2894816	2018/04/09	matched
CP028401.1	CAS-TypeIIA	Listeria	Listeriaceae	Bacillales	Bacilli	Firmicutes	30	29	29	29	reverse	XnGG	30	A	59		needs_exact_same_strain_protein_and_experimental_gold	aggregate_consensus_flanks_no_raw_target_ids	Listeria monocytogenes strain 2016TE337 chromosome	1639	2894816	2018/04/09	matched
CP028402.1	CAS-TypeIIA	Listeria	Listeriaceae	Bacillales	Bacilli	Firmicutes	30	29	29	29	reverse	XnGG	30	A	59		needs_exact_same_strain_protein_and_experimental_gold	aggregate_consensus_flanks_no_raw_target_ids	Listeria monocytogenes strain 2016TE2143 chromosome	1639	2894816	2018/04/09	matched
CP028403.1	CAS-TypeIIA	Listeria	Listeriaceae	Bacillales	Bacilli	Firmicutes	30	29	29	29	reverse	XnGG	30	A	59		needs_exact_same_strain_protein_and_experimental_gold	aggregate_consensus_flanks_no_raw_target_ids	Listeria monocytogenes strain 2016TE1560 chromosome	1639	2894816	2018/04/09	matched
CP028404.1	CAS-TypeIIA	Listeria	Listeriaceae	Bacillales	Bacilli	Firmicutes	30	29	29	29	reverse	XnGG	30	A	59		needs_exact_same_strain_protein_and_experimental_gold	aggregate_consensus_flanks_no_raw_target_ids	Listeria monocytogenes strain 2015TE34286 chromosome	1639	2894816	2018/04/09	matched
CP028405.1	CAS-TypeIIA	Listeria	Listeriaceae	Bacillales	Bacilli	Firmicutes	30	29	29	29	reverse	XnGG	30	A	59		needs_exact_same_strain_protein_and_experimental_gold	aggregate_consensus_flanks_no_raw_target_ids	Listeria monocytogenes strain 2015TE24980 chromosome	1639	2863306	2018/04/09	matched
CP028406.1	CAS-TypeIIA	Listeria	Listeriaceae	Bacillales	Bacilli	Firmicutes	30	29	29	29	reverse	XnGG	30	A	59		needs_exact_same_strain_protein_and_experimental_gold	aggregate_consensus_flanks_no_raw_target_ids	Listeria monocytogenes strain 2015TE24968 chromosome	1639	2894710	2018/04/09	matched
CP028407.1	CAS-TypeIIA	Listeria	Listeriaceae	Bacillales	Bacilli	Firmicutes	30	29	29	29	reverse	XnGG	30	A	59		needs_exact_same_strain_protein_and_experimental_gold	aggregate_consensus_flanks_no_raw_target_ids	Listeria monocytogenes strain 2015TE22590 chromosome	1639	2894817	2018/04/09	matched
CP028408.1	CAS-TypeIIA	Listeria	Listeriaceae	Bacillales	Bacilli	Firmicutes	30	29	29	29	reverse	XnGG	30	A	59		needs_exact_same_strain_protein_and_experimental_gold	aggregate_consensus_flanks_no_raw_target_ids	Listeria monocytogenes strain 2015TE17781-9 chromosome	1639	2894813	2018/04/09	matched
CP028409.1	CAS-TypeIIA	Listeria	Listeriaceae	Bacillales	Bacilli	Firmicutes	30	29	29	29	reverse	XnGG	30	A	59		needs_exact_same_strain_protein_and_experimental_gold	aggregate_consensus_flanks_no_raw_target_ids	Listeria monocytogenes strain 2015TE17781-8 chromosome	1639	2894813	2018/04/09	matched
CP028410.1	CAS-TypeIIA	Listeria	Listeriaceae	Bacillales	Bacilli	Firmicutes	30	29	29	29	reverse	XnGG	30	A	59		needs_exact_same_strain_protein_and_experimental_gold	aggregate_consensus_flanks_no_raw_target_ids	Listeria monocytogenes strain 2015TE17781-7 chromosome	1639	2894816	2018/04/09	matched
CP028411.1	CAS-TypeIIA	Listeria	Listeriaceae	Bacillales	Bacilli	Firmicutes	30	29	29	29	reverse	XnGG	30	A	59		needs_exact_same_strain_protein_and_experimental_gold	aggregate_consensus_flanks_no_raw_target_ids	Listeria monocytogenes strain 2015TE17781-6 chromosome	1639	2894811	2018/04/09	matched
CP028412.1	CAS-TypeIIA	Listeria	Listeriaceae	Bacillales	Bacilli	Firmicutes	30	29	29	29	reverse	XnGG	30	A	59		needs_exact_same_strain_protein_and_experimental_gold	aggregate_consensus_flanks_no_raw_target_ids	Listeria monocytogenes strain 2015TE17781-5 chromosome	1639	2894815	2018/04/09	matched
CP028413.1	CAS-TypeIIA	Listeria	Listeriaceae	Bacillales	Bacilli	Firmicutes	30	29	29	29	reverse	XnGG	30	A	59		needs_exact_same_strain_protein_and_experimental_gold	aggregate_consensus_flanks_no_raw_target_ids	Listeria monocytogenes strain 2015TE17781-3 chromosome	1639	2894810	2018/04/09	matched
CP029372.1	CAS-TypeIIA	Listeria	Listeriaceae	Bacillales	Bacilli	Firmicutes	30	29	29	29	reverse	XnGG	30	A	59		needs_exact_same_strain_protein_and_experimental_gold	aggregate_consensus_flanks_no_raw_target_ids	Listeria monocytogenes strain 2018TE5305-1-4 chromosome, complete genome	1639	2894782	2018/05/21	matched
FQ312004.1	CAS-TypeIIC	Bacteroides	Bacteroidaceae	Bacteroidales	Bacteroidia	Bacteroidetes	29	29	29	29	forward	XnAnTnC	29	A	59		needs_exact_same_strain_protein_and_experimental_gold	aggregate_consensus_flanks_no_raw_target_ids	Bacteroides fragilis 638R genome	862962	5373121	2015/02/27	matched
LR594049.1	CAS-TypeIIC	Streptococcus	Streptococcaceae	Lactobacillales	Bacilli	Firmicutes	31	29	29	29	reverse	XnnGCAA	31	A	59		needs_exact_same_strain_protein_and_experimental_gold	aggregate_consensus_flanks_no_raw_target_ids	Streptococcus gordonii strain NCTC10231 genome assembly, chromosome: 1	1302	2185555	2019/05/17	matched
CM002370.1	CAS-TypeIIC	Streptococcus	Streptococcaceae	Lactobacillales	Bacilli	Firmicutes	30	28	28	28	forward	XnnAGAA	30	A	58		needs_exact_same_strain_protein_and_experimental_gold	aggregate_consensus_flanks_no_raw_target_ids	Streptococcus thermophilus TH1436 chromosome, whole genome shotgun sequence	1423145	1778760	2014/01/24	matched
CP014890.1	CAS-TypeIIC	Lactobacillus	Lactobacillaceae	Lactobacillales	Bacilli	Firmicutes	62	28	28	28	forward	XnnnnGTTT	62	A	58		needs_exact_same_strain_protein_and_experimental_gold	aggregate_consensus_flanks_no_raw_target_ids	Loigolactobacillus backii strain TMW 1.1992 chromosome, complete genome	375175	2548351	2016/09/27	matched
CP031334.1	CAS-TypeIIC	Neisseria	Neisseriaceae	Neisseriales	Betaproteobacteria	Proteobacteria	41	28	28	28	forward		41	B	48		needs_exact_same_strain_protein_and_experimental_gold	aggregate_consensus_flanks_no_raw_target_ids	Neisseria meningitidis strain M22293 chromosome, complete genome	487	2314390	2018/08/05	matched
LR590477.1	CAS-TypeIIC	Neisseria	Neisseriaceae	Neisseriales	Betaproteobacteria	Proteobacteria	42	35	28	28	reverse	XGAA	42	A	58		needs_exact_same_strain_protein_and_experimental_gold	aggregate_consensus_flanks_no_raw_target_ids	Neisseria lactamica strain NCTC10617 genome assembly, chromosome: 1	486	2198889	2019/05/11	matched
LS483462.1	CAS-TypeIIC	Streptococcus	Streptococcaceae	Lactobacillales	Bacilli	Firmicutes	37	28	28	28	reverse	XnnGnnAA	37	A	58		needs_exact_same_strain_protein_and_experimental_gold	aggregate_consensus_flanks_no_raw_target_ids	Streptococcus pasteurianus strain NCTC13784 genome assembly, chromosome: 1	197614	2178089	2018/06/17	matched
CM003139.1	CAS-TypeIIA	Streptococcus	Streptococcaceae	Lactobacillales	Bacilli	Firmicutes	27	27	27	27	reverse	XnGGnG	27	A	57		needs_exact_same_strain_protein_and_experimental_gold	aggregate_consensus_flanks_no_raw_target_ids	Streptococcus thermophilus TH985 chromosome, whole genome shotgun sequence	1435972	1789956	2015/02/18	matched
CP003058.1	CAS-TypeIIA	Acidaminococcus	Acidaminococcaceae	Acidaminococcales	Negativicutes	Firmicutes	52	27	27	27	forward	XnGTAA	52	registered	57	ain-ryc-mr95-published-flanks	registered_retrospective_system	aggregate_consensus_flanks_no_raw_target_ids	Acidaminococcus intestini RyC-MR95, complete genome	568816	2487765	2014/01/31	matched
CP003222.2	CAS-TypeIIC	Flavobacterium	Flavobacteriaceae	Flavobacteriales	Flavobacteriia	Bacteroidetes	43	27	27	27	forward		43	B	47		needs_exact_same_strain_protein_and_experimental_gold	aggregate_consensus_flanks_no_raw_target_ids	Flavobacterium columnare ATCC 49512, complete genome	1041826	3162432	2014/01/31	matched
CP007685.1	CAS-TypeIIA	Listeria	Listeriaceae	Bacillales	Bacilli	Firmicutes	28	27	27	27	reverse	XnGG	28	A	57		needs_exact_same_strain_protein_and_experimental_gold	aggregate_consensus_flanks_no_raw_target_ids	Listeria monocytogenes strain L2676, complete genome	1639	2947293	2015/06/03	matched
CP014201.1	CAS-TypeIIA	Lactobacillus	Lactobacillaceae	Lactobacillales	Bacilli	Firmicutes	31	27	27	27	reverse	XnGAAA	31	A	57		needs_exact_same_strain_protein_and_experimental_gold	aggregate_consensus_flanks_no_raw_target_ids	Lactobacillus rhamnosus strain BFE5264, complete genome	47715	3068152	2017/02/06	matched
CP022384.1	CAS-TypeIIC	Capnocytophaga	Flavobacteriaceae	Flavobacteriales	Flavobacteriia	Bacteroidetes	33	27	27	27	reverse	XnnAAAG	33	A	57		needs_exact_same_strain_protein_and_experimental_gold	aggregate_consensus_flanks_no_raw_target_ids	Capnocytophaga leadbetteri strain H6253 chromosome, complete genome	327575	2504023	2018/06/26	matched
CP032621.1	CAS-TypeIIA	Streptococcus	Streptococcaceae	Lactobacillales	Bacilli	Firmicutes	29	27	27	27	forward	XnGG	29	A	57		needs_exact_same_strain_protein_and_experimental_gold	aggregate_consensus_flanks_no_raw_target_ids	Streptococcus gwangjuensis strain ChDC B345 chromosome, complete genome	1433513	1972481	2018/10/07	matched
LR134203.1	CAS-TypeIIA	Streptococcus	Streptococcaceae	Lactobacillales	Bacilli	Firmicutes	29	27	27	27	reverse	XnAGA	29	A	57		needs_exact_same_strain_protein_and_experimental_gold	aggregate_consensus_flanks_no_raw_target_ids	Streptococcus lutetiensis strain NCTC11436 genome assembly, chromosome: 1	150055	1852036	2020/08/03	matched
CM002371.1	CAS-TypeIIA	Streptococcus	Streptococcaceae	Lactobacillales	Bacilli	Firmicutes	26	26	26	26	reverse	XTGGnG	26	A	56		needs_exact_same_strain_protein_and_experimental_gold	aggregate_consensus_flanks_no_raw_target_ids	Streptococcus thermophilus MTH17CL396 chromosome, whole genome shotgun sequence	1433288	1820209	2014/01/24	matched
CP006594.1	CAS-TypeIIA	Listeria	Listeriaceae	Bacillales	Bacilli	Firmicutes	39	26	26	26	reverse	XnGG	39	A	56		needs_exact_same_strain_protein_and_experimental_gold	aggregate_consensus_flanks_no_raw_target_ids	Listeria monocytogenes strain R2-502, complete genome	1639	3034043	2014/07/30	matched
CP006597.1	CAS-TypeIIA	Listeria	Listeriaceae	Bacillales	Bacilli	Firmicutes	39	26	26	26	reverse	XnGG	39	A	56		needs_exact_same_strain_protein_and_experimental_gold	aggregate_consensus_flanks_no_raw_target_ids	Listeria monocytogenes strain N1-011A, complete genome	1639	3094342	2015/02/12	matched
CP016400.1	CAS-TypeIIA	Lactobacillus	Lactobacillaceae	Lactobacillales	Bacilli	Firmicutes	31	26	26	26	reverse	XAnGAA	31	A	56		needs_exact_same_strain_protein_and_experimental_gold	aggregate_consensus_flanks_no_raw_target_ids					not_resolved
CP023477.1	CAS-TypeIIA	Streptococcus	Streptococcaceae	Lactobacillales	Bacilli	Firmicutes	31	26	26	26	forward	XnGG	31	A	56		needs_exact_same_strain_protein_and_experimental_gold	aggregate_consensus_flanks_no_raw_target_ids	Streptococcus mutans strain LAR01 chromosome, complete genome	1309	2088369	2018/03/13	matched
CP035306.1	CAS-TypeIIA	Streptococcus	Streptococcaceae	Lactobacillales	Bacilli	Firmicutes	31	26	26	26	reverse	XnGGnG	31	A	56		needs_exact_same_strain_protein_and_experimental_gold	aggregate_consensus_flanks_no_raw_target_ids	Streptococcus thermophilus strain IDCC2201 chromosome, complete genome	1308	1794836	2019/01/28	matched
CP039381.1	CAS-TypeIIA	Ruminococcus	Ruminococcaceae	Clostridiales	Clostridia	Firmicutes	42	26	26	26	forward	XnnTAAA	42	A	56		needs_exact_same_strain_protein_and_experimental_gold	aggregate_consensus_flanks_no_raw_target_ids	Ruminococcus bovis strain JE7A12 chromosome, complete genome	2564099	2440231	2019/05/22	matched
FR720325.1	CAS-TypeIIA	Listeria	Listeriaceae	Bacillales	Bacilli	Firmicutes	39	26	26	26	reverse	XnGG	39	A	56		needs_exact_same_strain_protein_and_experimental_gold	aggregate_consensus_flanks_no_raw_target_ids	Listeria monocytogenes serotype 7 str. SLCC2482 complete genome	863767	2936689	2015/02/27	matched
FR733646.1	CAS-TypeIIA	Listeria	Listeriaceae	Bacillales	Bacilli	Firmicutes	39	26	26	26	reverse	XnGG	39	A	56		needs_exact_same_strain_protein_and_experimental_gold	aggregate_consensus_flanks_no_raw_target_ids	Listeria monocytogenes strain SLCC2755, serotype 1/2b	932919	2966146	2015/02/27	matched
CP000725.1	CAS-TypeIIC	Streptococcus	Streptococcaceae	Lactobacillales	Bacilli	Firmicutes	26	25	25	25	reverse	XnnAAAG	26	registered	55	sgo-challis-ch1-published-flanks	registered_retrospective_system	aggregate_consensus_flanks_no_raw_target_ids	Streptococcus gordonii str. Challis substr. CH1, complete genome	467705	2196662	2014/01/31	matched
CP007160.1	CAS-TypeIIA	Listeria	Listeriaceae	Bacillales	Bacilli	Firmicutes	26	25	25	25	reverse	XnGG	26	A	55		needs_exact_same_strain_protein_and_experimental_gold	aggregate_consensus_flanks_no_raw_target_ids	Listeria monocytogenes WSLC1001, complete genome	1457187	2951235	2014/05/21	matched
FR733647.1	CAS-TypeIIA	Listeria	Listeriaceae	Bacillales	Bacilli	Firmicutes	26	25	25	25	reverse	XnGG	26	A	55		needs_exact_same_strain_protein_and_experimental_gold	aggregate_consensus_flanks_no_raw_target_ids	Listeria monocytogenes strain SLCC5850, serotype 1/2a	882096	2907142	2015/02/27	matched
FR873482.1	CAS-TypeIIC	Streptococcus	Streptococcaceae	Lactobacillales	Bacilli	Firmicutes	25	25	25	25	forward	XnnAGAAA	25	registered	55	ssa-jim8777-published-flanks	registered_retrospective_system	aggregate_consensus_flanks_no_raw_target_ids	Streptococcus salivarius JIM8777 complete genome	347253	2210574	2015/02/27	matched
LR134291.1	CAS-TypeIIC	Streptococcus	Streptococcaceae	Lactobacillales	Bacilli	Firmicutes	26	25	25	25	reverse	XnnAAAG	26	A	55		needs_exact_same_strain_protein_and_experimental_gold	aggregate_consensus_flanks_no_raw_target_ids	Streptococcus gordonii strain NCTC7868 genome assembly, chromosome: 1	1302	2196660	2018/12/19	matched
LR134397.1	CAS-TypeIIA	Listeria	Listeriaceae	Bacillales	Bacilli	Firmicutes	26	25	25	25	reverse	XnGG	26	A	55		needs_exact_same_strain_protein_and_experimental_gold	aggregate_consensus_flanks_no_raw_target_ids	Listeria monocytogenes strain NCTC7973 genome assembly, chromosome: 1	1639	2908293	2018/12/19	matched
LR134400.1	CAS-TypeIIA	Listeria	Listeriaceae	Bacillales	Bacilli	Firmicutes	26	25	25	25	reverse	XnGG	26	A	55		needs_exact_same_strain_protein_and_experimental_gold	aggregate_consensus_flanks_no_raw_target_ids	Listeria monocytogenes strain NCTC7974 genome assembly, plasmid: 3	1639	593685	2018/12/19	matched
CP002464.1	CAS-TypeIIA	Lactobacillus	Lactobacillaceae	Lactobacillales	Bacilli	Firmicutes	26	24	24	24	reverse	XnTAAA	26	B	54		needs_exact_same_strain_protein_and_experimental_gold	aggregate_consensus_flanks_no_raw_target_ids	Lactobacillus johnsonii DPC 6026, complete genome	909954	1966342	2014/01/31	matched
CP003499.1	CAS-TypeIIC	Streptococcus	Streptococcaceae	Lactobacillales	Bacilli	Firmicutes	30	24	24	24	forward	XnnAGAAA|XnnAGAAAnAA|XnnAnAAA	30	B	54		needs_exact_same_strain_protein_and_experimental_gold	aggregate_consensus_flanks_no_raw_target_ids	Streptococcus thermophilus MN-ZLW-002, complete genome	1187956	1848520	2014/01/31	matched
CP011536.1	CAS-TypeIIA	Lactobacillus	Lactobacillaceae	Lactobacillales	Bacilli	Firmicutes	35	24	24	24	forward	XnCAAAA	35	B	54		needs_exact_same_strain_protein_and_experimental_gold	aggregate_consensus_flanks_no_raw_target_ids	Limosilactobacillus fermentum 3872, complete genome	1381124	2297851	2015/12/03	matched
CP012588.1	CAS-TypeIIC	Streptococcus	Streptococcaceae	Lactobacillales	Bacilli	Firmicutes	30	24	24	24	forward	XnnAGAAA|XnnAGAAAnAA|XnnAnAAA	30	B	54		needs_exact_same_strain_protein_and_experimental_gold	aggregate_consensus_flanks_no_raw_target_ids	Streptococcus thermophilus strain MN-BM-A01, complete genome	1308	1876516	2015/09/09	matched
CP019979.1	CAS-TypeIIA	Streptococcus	Streptococcaceae	Lactobacillales	Bacilli	Firmicutes	25	24	24	24	forward	XnGG	25	B	54		needs_exact_same_strain_protein_and_experimental_gold	aggregate_consensus_flanks_no_raw_target_ids	Streptococcus agalactiae strain Sag158 chromosome, complete genome	1311	2096882	2017/03/13	matched
CP027770.1	CAS-TypeIIC	Staphylococcus	Staphylococcaceae	Bacillales	Bacilli	Firmicutes	33	24	24	24	reverse	XTGG	33	B	54		needs_exact_same_strain_protein_and_experimental_gold	aggregate_consensus_flanks_no_raw_target_ids	Staphylococcus felis strain ATCC 49168 chromosome, complete genome	46127	2479423	2018/03/21	matched
HG421741.1	CAS-TypeIIA	Listeria	Listeriaceae	Bacillales	Bacilli	Firmicutes	25	24	24	24	reverse	XnGG	25	B	54		needs_exact_same_strain_protein_and_experimental_gold	aggregate_consensus_flanks_no_raw_target_ids	Listeria monocytogenes EGD, complete genome	1334565	2907193	2016/02/25	matched
LS483348.1	CAS-TypeIIA	Streptococcus	Streptococcaceae	Lactobacillales	Bacilli	Firmicutes	28	24	24	24	reverse	XnAGAA	28	B	54		needs_exact_same_strain_protein_and_experimental_gold	aggregate_consensus_flanks_no_raw_target_ids	Streptococcus lutetiensis strain NCTC8738 genome assembly, chromosome: 1	150055	1966581	2018/06/17	matched
LT605205.1	CAS-TypeIIC	Proteiniphilum	Dysgonamonadaceae	Bacteroidales	Bacteroidia	Bacteroidetes	38	24	24	24	reverse	XnnAAAT	38	B	54		needs_exact_same_strain_protein_and_experimental_gold	aggregate_consensus_flanks_no_raw_target_ids	Proteiniphilum saccharofermentans isolate M3/6 genome assembly, chromosome: I	1642647	4414963	2017/01/26	matched
AP012053.1	CAS-TypeIIA	Streptococcus	Streptococcaceae	Lactobacillales	Bacilli	Firmicutes	37	23	23	23	forward|reverse	XTGnnT	37	B	43		needs_exact_same_strain_protein_and_experimental_gold	aggregate_consensus_flanks_no_raw_target_ids	Streptococcus gallolyticus subsp. gallolyticus ATCC 43143 DNA, complete genome	981539	2362241	2016/10/07	matched
CP000023.1	CAS-TypeIIC	Streptococcus	Streptococcaceae	Lactobacillales	Bacilli	Firmicutes	33	23	23	23	forward	XnnGnnAA	33	registered	53	sth1a-lmg18311-published-flanks	registered_retrospective_system	aggregate_consensus_flanks_no_raw_target_ids	Streptococcus thermophilus LMG 18311, complete genome	264199	1796846	2014/01/31	matched
CP000233.1	CAS-TypeIIA	Lactobacillus	Lactobacillaceae	Lactobacillales	Bacilli	Firmicutes	28	23	23	23	forward	XnGAAG	28	B	53		needs_exact_same_strain_protein_and_experimental_gold	aggregate_consensus_flanks_no_raw_target_ids	Lactobacillus salivarius UCC118, complete genome	362948	1827111	2014/01/31	matched
CP000283.1	CAS-TypeIIC	Rhodopseudomonas	Bradyrhizobiaceae	Rhizobiales	Alphaproteobacteria	Proteobacteria	47	23	23	23	forward		47	B	43		needs_exact_same_strain_protein_and_experimental_gold	aggregate_consensus_flanks_no_raw_target_ids	Rhodopseudomonas palustris BisB5, complete genome	316057	4892717	2014/01/28	matched
CP002034.1	CAS-TypeIIA	Lactobacillus	Lactobacillaceae	Lactobacillales	Bacilli	Firmicutes	28	23	23	23	forward	XnGAAG	28	B	53		needs_exact_same_strain_protein_and_experimental_gold	aggregate_consensus_flanks_no_raw_target_ids	Lactobacillus salivarius CECT 5713, complete genome	712961	1828169	2014/01/31	matched
CP012706.1	CAS-TypeIIC	Bacteroides	Bacteroidaceae	Bacteroidales	Bacteroidia	Bacteroidetes	24	23	23	23	forward	XnAAnnC|XnnGnnC	24	B	53		needs_exact_same_strain_protein_and_experimental_gold	aggregate_consensus_flanks_no_raw_target_ids	Bacteroides fragilis strain S14 chromosome, complete genome	817	4902215	2016/07/08	matched
CP017064.1	CAS-TypeIIA	Streptococcus	Streptococcaceae	Lactobacillales	Bacilli	Firmicutes	23	23	23	23	reverse	XnGGnG	23	B	53		needs_exact_same_strain_protein_and_experimental_gold	aggregate_consensus_flanks_no_raw_target_ids	Streptococcus thermophilus strain ST3, complete genome	1308	1865056	2017/09/05	matched
CP018809.1	CAS-TypeIIA	Lactobacillus	Lactobacillaceae	Lactobacillales	Bacilli	Firmicutes	24	23	23	23	reverse	XnGGnnnT	24	B	53		needs_exact_same_strain_protein_and_experimental_gold	aggregate_consensus_flanks_no_raw_target_ids	Lactobacillus jensenii strain SNUV360 chromosome, complete genome	109790	1672949	2017/01/05	matched
CP036555.1	CAS-TypeIIC	Bacteroides	Bacteroidaceae	Bacteroidales	Bacteroidia	Bacteroidetes	26	23	23	23	forward	XnAAnnC	26	B	53		needs_exact_same_strain_protein_and_experimental_gold	aggregate_consensus_flanks_no_raw_target_ids	Bacteroides fragilis strain CCUG 4856 chromosome, complete genome	817	5205133	2019/05/23	matched
CR626927.1	CAS-TypeIIC	Bacteroides	Bacteroidaceae	Bacteroidales	Bacteroidia	Bacteroidetes	26	23	23	23	forward	XnAAnnC	26	B	53		needs_exact_same_strain_protein_and_experimental_gold	aggregate_consensus_flanks_no_raw_target_ids	Bacteroides fragilis NCTC 9343, complete genome	272559	5205140	2015/02/06	matched
LR134484.1	CAS-TypeIIA	Gemella		Bacillales	Bacilli	Firmicutes	27	23	23	23	forward	XnAAACC	27	B	53		needs_exact_same_strain_protein_and_experimental_gold	aggregate_consensus_flanks_no_raw_target_ids	Gemella haemolysans strain NCTC10459 genome assembly, chromosome: 1	1379	1926227	2018/12/19	matched
LS483339.1	CAS-TypeIIC	Streptococcus	Streptococcaceae	Lactobacillales	Bacilli	Firmicutes	34	23	23	23	forward	XnnGAAAA|XnnnAAAA	34	B	53		needs_exact_same_strain_protein_and_experimental_gold	aggregate_consensus_flanks_no_raw_target_ids	Streptococcus thermophilus strain NCTC12958 genome assembly, chromosome: 1	1308	2102271	2018/06/17	matched
AP014612.1	CAS-TypeIIC	Streptococcus	Streptococcaceae	Lactobacillales	Bacilli	Firmicutes	34	22	22	22	forward		34	B	42		needs_exact_same_strain_protein_and_experimental_gold	aggregate_consensus_flanks_no_raw_target_ids	Streptococcus troglodytae TKU31 DNA, complete genome	1111760	2097874	2017/02/14	matched
CM002370.1	CAS-TypeIIA	Streptococcus	Streptococcaceae	Lactobacillales	Bacilli	Firmicutes	24	22	22	22	reverse	XnGGnG	24	B	52		needs_exact_same_strain_protein_and_experimental_gold	aggregate_consensus_flanks_no_raw_target_ids	Streptococcus thermophilus TH1436 chromosome, whole genome shotgun sequence	1423145	1778760	2014/01/24	matched
CP006805.1	CAS-TypeIIC	Streptococcus	Streptococcaceae	Lactobacillales	Bacilli	Firmicutes	23	22	22	22	forward	XnnACAA	23	B	52		needs_exact_same_strain_protein_and_experimental_gold	aggregate_consensus_flanks_no_raw_target_ids	Streptococcus sp. I-G2, complete genome	1156431	1992567	2013/12/11	matched
CP007573.1	CAS-TypeIIA	Streptococcus	Streptococcaceae	Lactobacillales	Bacilli	Firmicutes	35	22	22	22	forward		35	B	42		needs_exact_same_strain_protein_and_experimental_gold	aggregate_consensus_flanks_no_raw_target_ids	Streptococcus anginosus strain SA1, complete genome	1328	2036353	2016/09/14	matched
CP009623.1	CAS-TypeIIC	Staphylococcus	Staphylococcaceae	Bacillales	Bacilli	Firmicutes	33	22	22	22	reverse	XnnAAAA	33	B	52		needs_exact_same_strain_protein_and_experimental_gold	aggregate_consensus_flanks_no_raw_target_ids	Staphylococcus agnetis strain 908 chromosome, complete genome	985762	2474434	2022/12/12	matched
CP022474.1	CAS-TypeIIA	Lactobacillus	Lactobacillaceae	Lactobacillales	Bacilli	Firmicutes	45	22	22	22	forward	XnnAAA	45	B	52		needs_exact_same_strain_protein_and_experimental_gold	aggregate_consensus_flanks_no_raw_target_ids	Latilactobacillus curvatus strain MRS6 chromosome, complete genome	28038	2114309	2017/07/24	matched
CP033808.1	CAS-TypeIIA	Streptococcus	Streptococcaceae	Lactobacillales	Bacilli	Firmicutes	25	22	22	22	reverse	XnGGA	25	B	52		needs_exact_same_strain_protein_and_experimental_gold	aggregate_consensus_flanks_no_raw_target_ids	Streptococcus sp. FDAARGOS_522 chromosome, complete genome	2420310	2101126	2019/02/11	matched
LR134292.1	CAS-TypeIIC	Streptococcus	Streptococcaceae	Lactobacillales	Bacilli	Firmicutes	26	22	22	22	reverse	XnnAnAAC	26	B	52		needs_exact_same_strain_protein_and_experimental_gold	aggregate_consensus_flanks_no_raw_target_ids	Streptococcus equinus strain NCTC10389 genome assembly, chromosome: 1	1335	1781995	2018/12/19	matched
LR590625.1	CAS-TypeIIA	Streptococcus	Streptococcaceae	Lactobacillales	Bacilli	Firmicutes	28	22	22	22	forward|reverse	XnAGT	28	B	42		needs_exact_same_strain_protein_and_experimental_gold	aggregate_consensus_flanks_no_raw_target_ids	Streptococcus canis strain B700072 genome assembly, chromosome: 1	1329	2106614	2019/05/15	matched
LT841333.1	CAS-TypeIIA	Lactobacillus	Lactobacillaceae	Lactobacillales	Bacilli	Firmicutes	25	22	22	22	reverse	XnnGAAA	25	B	52		needs_exact_same_strain_protein_and_experimental_gold	aggregate_consensus_flanks_no_raw_target_ids	Lactobacillus curvatus isolate FLEC03 genome assembly, chromosome: LCUFL03, whole genome shotgun sequence	28038	1854704	2017/05/03	matched
AP018726.1	CAS-TypeIIA	Streptococcus	Streptococcaceae	Lactobacillales	Bacilli	Firmicutes	21	21	21	21	forward	XnAGTT	21	B	51		needs_exact_same_strain_protein_and_experimental_gold	aggregate_consensus_flanks_no_raw_target_ids	Streptococcus dysgalactiae Kdys0611 DNA, complete genome	1334	2142780	2020/05/29	matched
CP003025.1	CAS-TypeIIA	Streptococcus	Streptococcaceae	Lactobacillales	Bacilli	Firmicutes	22	21	21	21	reverse	XnAGAA	22	B	51		needs_exact_same_strain_protein_and_experimental_gold	aggregate_consensus_flanks_no_raw_target_ids	Streptococcus lutetiensis 033, complete genome	1076934	1975547	2014/01/30	matched
CP007631.2	CAS-TypeIIA	Streptococcus	Streptococcaceae	Lactobacillales	Bacilli	Firmicutes	26	21	21	21	forward	XTGGnT|XnGG	26	B	51		needs_exact_same_strain_protein_and_experimental_gold	aggregate_consensus_flanks_no_raw_target_ids	Streptococcus agalactiae strain NGBS061, complete genome	1311	2221207	2014/08/14	matched
CP013688.1	CAS-TypeIIC	Streptococcus	Streptococcaceae	Lactobacillales	Bacilli	Firmicutes	24	21	21	21	forward	XnTnAnA	24	B	51		needs_exact_same_strain_protein_and_experimental_gold	aggregate_consensus_flanks_no_raw_target_ids	Streptococcus gallolyticus strain ICDDRB-NRC-S1, complete genome	315405	2052496	2015/12/22	matched
CP016602.1	CAS-TypeIIA	Lactobacillus	Lactobacillaceae	Lactobacillales	Bacilli	Firmicutes	28	21	21	21	forward	XAnGAAA	28	B	51		needs_exact_same_strain_protein_and_experimental_gold	aggregate_consensus_flanks_no_raw_target_ids	Latilactobacillus curvatus strain WiKim52, complete sequence	28038	1986991	2016/08/02	matched
CP021770.1	CAS-TypeIIA	Streptococcus	Streptococcaceae	Lactobacillales	Bacilli	Firmicutes	24	21	21	21	forward	XnGG	24	B	51		needs_exact_same_strain_protein_and_experimental_gold	aggregate_consensus_flanks_no_raw_target_ids	Streptococcus agalactiae strain B508 chromosome, complete genome	1311	2199578	2018/07/05	matched
CP031255.1	CAS-TypeIIC	Neisseria	Neisseriaceae	Neisseriales	Betaproteobacteria	Proteobacteria	23	21	21	21	reverse	XnnnnGnAA	23	B	51		needs_exact_same_strain_protein_and_experimental_gold	aggregate_consensus_flanks_no_raw_target_ids	Neisseria elongata strain M15910 chromosome, complete genome	495	2534634	2018/08/01	matched
LS974444.1	CAS-TypeIIA	Streptococcus	Streptococcaceae	Lactobacillales	Bacilli	Firmicutes	28	21	21	21	forward	XnGGnG	28	B	51		needs_exact_same_strain_protein_and_experimental_gold	aggregate_consensus_flanks_no_raw_target_ids	Streptococcus thermophilus strain N4L genome assembly, chromosome: 1	1308	1831756	2018/07/03	matched
LT990039.1	CAS-TypeIIA	Mordavella	Clostridiaceae	Clostridiales	Clostridia	Firmicutes	38	24	21	21	reverse	XnnnACT	38	B	51		needs_exact_same_strain_protein_and_experimental_gold	aggregate_consensus_flanks_no_raw_target_ids	Mordavella sp. Marseille-P3756 genome assembly, chromosome: contig00001	2086584	2769591	2018/03/15	matched
AP019372.1	CAS-TypeIIC	Staphylococcus	Staphylococcaceae	Bacillales	Bacilli	Firmicutes	23	20	20	20	forward	XTGG	23	B	50		needs_exact_same_strain_protein_and_experimental_gold	aggregate_consensus_flanks_no_raw_target_ids	Staphylococcus pseudintermedius SP79 DNA, complete genome	283734	2509706	2018/12/20	matched
CP002215.1	CAS-TypeIIA	Streptococcus	Streptococcaceae	Lactobacillales	Bacilli	Firmicutes	23	20	20	20	reverse	XnGG|XnGGnG	23	B	50		needs_exact_same_strain_protein_and_experimental_gold	aggregate_consensus_flanks_no_raw_target_ids	Streptococcus dysgalactiae subsp. equisimilis ATCC 12394, complete genome	663954	2159491	2014/01/30	matched
CP002478.1	CAS-TypeIIC	Staphylococcus	Staphylococcaceae	Bacillales	Bacilli	Firmicutes	23	20	20	20	forward	XTGG	23	B	50		needs_exact_same_strain_protein_and_experimental_gold	aggregate_consensus_flanks_no_raw_target_ids	Staphylococcus pseudintermedius ED99, complete genome	984892	2572216	2014/01/31	matched
CP012805.1	CAS-TypeIIC	Streptococcus	Streptococcaceae	Lactobacillales	Bacilli	Firmicutes	29	20	20	20	forward	XnnAA|XnnAnAnA	29	B	50		needs_exact_same_strain_protein_and_experimental_gold	aggregate_consensus_flanks_no_raw_target_ids	Streptococcus anginosus strain J4211, complete genome	1328	1924513	2015/12/24	matched
CP015206.1	CAS-TypeIIA	Pediococcus	Lactobacillaceae	Lactobacillales	Bacilli	Firmicutes	33	20	20	20	forward	XnnnTA	33	B	50		needs_exact_same_strain_protein_and_experimental_gold	aggregate_consensus_flanks_no_raw_target_ids	Pediococcus acidilactici strain ZPA017, complete genome	1254	2131361	2016/10/18	matched
CP020774.1	CAS-TypeIIA	Listeria	Listeriaceae	Bacillales	Bacilli	Firmicutes	33	20	20	20	reverse	XnGG	33	B	50		needs_exact_same_strain_protein_and_experimental_gold	aggregate_consensus_flanks_no_raw_target_ids	Listeria monocytogenes strain H34 chromosome, complete genome	1639	2892474	2017/04/20	matched
CP032680.1	CAS-TypeIIA	Lactobacillus	Lactobacillaceae	Lactobacillales	Bacilli	Firmicutes	25	20	20	20	reverse	XnTAAAA	25	B	50		needs_exact_same_strain_protein_and_experimental_gold	aggregate_consensus_flanks_no_raw_target_ids	Lactobacillus johnsonii strain ZLJ010 chromosome, complete genome	33959	1999879	2019/01/10	matched
CP035306.1	CAS-TypeIIC	Streptococcus	Streptococcaceae	Lactobacillales	Bacilli	Firmicutes	21	20	20	20	forward	XnnACAA|XnnAGAAAnAA	21	B	50		needs_exact_same_strain_protein_and_experimental_gold	aggregate_consensus_flanks_no_raw_target_ids	Streptococcus thermophilus strain IDCC2201 chromosome, complete genome	1308	1794836	2019/01/28	matched
FR824043.1	CAS-TypeIIA	Streptococcus	Streptococcaceae	Lactobacillales	Bacilli	Firmicutes	27	20	20	20	reverse		27	B	40		needs_exact_same_strain_protein_and_experimental_gold	aggregate_consensus_flanks_no_raw_target_ids	Streptococcus gallolyticus subsp. gallolyticus ATCC BAA-2069 complete chromosome sequence, strain ATCC BAA-2069	990317	2356444	2015/02/27	matched
LR594037.1	CAS-TypeIIC	Streptococcus	Streptococcaceae	Lactobacillales	Bacilli	Firmicutes	27	20	20	20	forward	XnnAA	27	B	50		needs_exact_same_strain_protein_and_experimental_gold	aggregate_consensus_flanks_no_raw_target_ids	Streptococcus anginosus strain NCTC11064 genome assembly, chromosome: 1	1328	1904537	2019/05/17	matched
LT906470.1	CAS-TypeIIA	Veillonella	Veillonellaceae	Veillonellales	Negativicutes	Firmicutes	26	20	20	20	forward	XnAAAAA	26	B	50		needs_exact_same_strain_protein_and_experimental_gold	aggregate_consensus_flanks_no_raw_target_ids	Veillonella rodentium strain NCTC12018 genome assembly, chromosome: 1	248315	2041290	2017/08/15	matched
AP018050.1	CAS-TypeIIC	Prevotella	Prevotellaceae	Bacteroidales	Bacteroidia	Bacteroidetes	23	19	19	19	forward	XnAAnAA	23	B	49		needs_exact_same_strain_protein_and_experimental_gold	aggregate_consensus_flanks_no_raw_target_ids	Prevotella melaninogenica DNA, complete genome, strain: GAI 07411	28132	1344922	2017/09/01	matched
CM002369.1	CAS-TypeIIA	Streptococcus	Streptococcaceae	Lactobacillales	Bacilli	Firmicutes	20	19	19	19	reverse	XTGGnG|XTGGnGGnnA|XnGGnG	20	B	49		needs_exact_same_strain_protein_and_experimental_gold	aggregate_consensus_flanks_no_raw_target_ids	Streptococcus thermophilus TH1435 chromosome, whole genome shotgun sequence	1415776	1736780	2014/01/24	matched
CM003135.1	CAS-TypeIIC	Streptococcus	Streptococcaceae	Lactobacillales	Bacilli	Firmicutes	21	19	19	19	forward	XnnGAAAA	21	B	49		needs_exact_same_strain_protein_and_experimental_gold	aggregate_consensus_flanks_no_raw_target_ids	Streptococcus thermophilus TH1477 chromosome, whole genome shotgun sequence	1436725	1834035	2020/02/12	matched
CP003700.1	CAS-TypeIIA	Fusobacterium	Fusobacteriaceae	Fusobacteriales	Fusobacteriia	Fusobacteria	19	19	19	19	forward		19	C	39		needs_exact_same_strain_protein_and_experimental_gold	aggregate_consensus_flanks_no_raw_target_ids	Fusobacterium nucleatum subsp. vincentii 3_1_36A2, complete genome	469604	2268272	2013/12/18	matched
CP007064.1	CAS-TypeIIA	Fusobacterium	Fusobacteriaceae	Fusobacteriales	Fusobacteriia	Fusobacteria	20	19	19	19	reverse	XnnnnTA	20	B	49		needs_exact_same_strain_protein_and_experimental_gold	aggregate_consensus_flanks_no_raw_target_ids	Fusobacterium nucleatum subsp. vincentii 3_1_27 chromosome 1, complete sequence	469602	1801686	2014/02/07	matched
CP008903.1	CAS-TypeIIC	Geobacillus	Bacillaceae	Bacillales	Bacilli	Firmicutes	32	19	19	19	forward	XnnnnnnAA	32	B	49		needs_exact_same_strain_protein_and_experimental_gold	aggregate_consensus_flanks_no_raw_target_ids	Geobacillus sp. LC300, complete genome	1519377	3494216	2019/01/18	matched
CP014881.1	CAS-TypeIIC	Lactobacillus	Lactobacillaceae	Lactobacillales	Bacilli	Firmicutes	57	19	19	19	reverse	XnnnnGTTT|XnnnnnTTT	57	B	49		needs_exact_same_strain_protein_and_experimental_gold	aggregate_consensus_flanks_no_raw_target_ids	Loigolactobacillus backii strain TMW 1.1991 chromosome, complete genome	375175	2563677	2016/09/27	matched
CP029536.1	CAS-TypeIIA	Lactobacillus	Lactobacillaceae	Lactobacillales	Bacilli	Firmicutes	51	19	19	19	reverse	XTGAAA|XTGAAAG	51	B	49		needs_exact_same_strain_protein_and_experimental_gold	aggregate_consensus_flanks_no_raw_target_ids	Lacticaseibacillus paracasei strain LC355 chromosome, complete genome	1597	3044973	2018/06/27	matched
CP031195.1	CAS-TypeIIA	Lactobacillus	Lactobacillaceae	Lactobacillales	Bacilli	Firmicutes	23	19	19	19	forward	XnGAAA	23	B	49		needs_exact_same_strain_protein_and_experimental_gold	aggregate_consensus_flanks_no_raw_target_ids	Limosilactobacillus fermentum strain LDTM 7301 chromosome, complete genome	1613	2046196	2018/07/31	matched
CP031477.1	CAS-TypeIIC	Haemophilus	Pasteurellaceae	Pasteurellales	Gammaproteobacteria	Proteobacteria	21	19	19	19	forward	XnnnnGTAAA	21	B	49		needs_exact_same_strain_protein_and_experimental_gold	aggregate_consensus_flanks_no_raw_target_ids	Haemophilus parainfluenzae strain M27794 chromosome, complete genome	729	2148960	2018/08/15	matched
CP039381.1	CAS-TypeIIC	Ruminococcus	Ruminococcaceae	Clostridiales	Clostridia	Firmicutes	27	19	19	19	reverse	XnnnnnCATA	27	B	49		needs_exact_same_strain_protein_and_experimental_gold	aggregate_consensus_flanks_no_raw_target_ids	Ruminococcus bovis strain JE7A12 chromosome, complete genome	2564099	2440231	2019/05/22	matched
LR134283.1	CAS-TypeIIA	Streptococcus	Streptococcaceae	Lactobacillales	Bacilli	Firmicutes	23	19	19	19	forward	XnGGnG	23	B	49		needs_exact_same_strain_protein_and_experimental_gold	aggregate_consensus_flanks_no_raw_target_ids	Streptococcus anginosus strain NCTC10713 genome assembly, chromosome: 1	1328	1953654	2018/12/19	matched
LR134312.1	CAS-TypeIIA	Enterococcus	Enterococcaceae	Lactobacillales	Bacilli	Firmicutes	27	19	19	19	forward|reverse	XnGG	27	C	39		needs_exact_same_strain_protein_and_experimental_gold	aggregate_consensus_flanks_no_raw_target_ids	Enterococcus faecalis strain NCTC8745 genome assembly, chromosome: 1	1351	2719199	2018/12/19	matched
LS483339.1	CAS-TypeIIA	Streptococcus	Streptococcaceae	Lactobacillales	Bacilli	Firmicutes	22	19	19	19	reverse	XTGGnG|XnGGT|XnGGnG	22	B	49		needs_exact_same_strain_protein_and_experimental_gold	aggregate_consensus_flanks_no_raw_target_ids	Streptococcus thermophilus strain NCTC12958 genome assembly, chromosome: 1	1308	2102271	2018/06/17	matched
AP019309.1	CAS-TypeIIA	Intestinibaculum	Erysipelotrichaceae	Erysipelotrichales	Erysipelotrichia	Firmicutes	59	18	18	18	forward|reverse	XnGGnT	59	C	38		needs_exact_same_strain_protein_and_experimental_gold	aggregate_consensus_flanks_no_raw_target_ids	Erysipelotrichaceae bacterium SG0102 DNA, complete genome	2487118	3212924	2018/11/14	matched
CP002340.1	CAS-TypeIIA	Streptococcus	Streptococcaceae	Lactobacillales	Bacilli	Firmicutes	18	18	18	18	reverse	XTGGnG|XnGGnG	18	B	48		needs_exact_same_strain_protein_and_experimental_gold	aggregate_consensus_flanks_no_raw_target_ids	Streptococcus thermophilus ND03, complete genome	767463	1831949	2014/01/31	matched
CP003499.1	CAS-TypeIIA	Streptococcus	Streptococcaceae	Lactobacillales	Bacilli	Firmicutes	26	18	18	18	reverse	XnGGnG	26	B	48		needs_exact_same_strain_protein_and_experimental_gold	aggregate_consensus_flanks_no_raw_target_ids	Streptococcus thermophilus MN-ZLW-002, complete genome	1187956	1848520	2014/01/31	matched
CP003686.1	CAS-TypeIIA	Streptococcus	Streptococcaceae	Lactobacillales	Bacilli	Firmicutes	21	18	18	18	reverse	XnGG	21	B	48		needs_exact_same_strain_protein_and_experimental_gold	aggregate_consensus_flanks_no_raw_target_ids	Streptococcus mutans GS-5, complete genome	1198676	2027088	2014/01/31	matched
CP012075.1	CAS-TypeIIC	Prevotella	Prevotellaceae	Bacteroidales	Bacteroidia	Bacteroidetes	22	18	18	18	reverse	XnnAAC	22	B	48		needs_exact_same_strain_protein_and_experimental_gold	aggregate_consensus_flanks_no_raw_target_ids	Prevotella fusca JCM 17724 strain W1435 chromosome 2, complete sequence	1236517	1433558	2015/08/07	matched
CP012588.1	CAS-TypeIIA	Streptococcus	Streptococcaceae	Lactobacillales	Bacilli	Firmicutes	26	18	18	18	reverse	XnGGnG	26	B	48		needs_exact_same_strain_protein_and_experimental_gold	aggregate_consensus_flanks_no_raw_target_ids	Streptococcus thermophilus strain MN-BM-A01, complete genome	1308	1876516	2015/09/09	matched
CP017025.1	CAS-TypeIIC	Campylobacter	Campylobacteraceae	Campylobacterales	Epsilonproteobacteria	Proteobacteria	22	18	18	18	forward		22	C	38		needs_exact_same_strain_protein_and_experimental_gold	aggregate_consensus_flanks_no_raw_target_ids	Campylobacter coli strain 14983A, complete sequence	195	1797243	2016/09/06	matched
CP019935.1	CAS-TypeIIA	Streptococcus	Streptococcaceae	Lactobacillales	Bacilli	Firmicutes	18	18	18	18	reverse	XTGGnG|XnGGnG	18	B	48		needs_exact_same_strain_protein_and_experimental_gold	aggregate_consensus_flanks_no_raw_target_ids	Streptococcus thermophilus strain APC151 chromosome, complete genome	1308	1839134	2017/03/03	matched
CP020831.1	CAS-TypeIIA	Listeria	Listeriaceae	Bacillales	Bacilli	Firmicutes	20	18	18	18	reverse	XnGGnAnnA	20	B	48		needs_exact_same_strain_protein_and_experimental_gold	aggregate_consensus_flanks_no_raw_target_ids	Listeria monocytogenes strain PNUSAL000144 chromosome, complete genome	1639	2912199	2017/04/24	matched
CP028724.1	CAS-TypeIIA	Enterococcus	Enterococcaceae	Lactobacillales	Bacilli	Firmicutes	27	18	18	18	forward|reverse	XnGG	27	C	38		needs_exact_same_strain_protein_and_experimental_gold	aggregate_consensus_flanks_no_raw_target_ids	Enterococcus faecalis strain CVM N60443F chromosome, complete genome	1351	2758818	2019/03/07	matched
CP031153.1	CAS-TypeIIC	Kordia	Flavobacteriaceae	Flavobacteriales	Flavobacteriia	Bacteroidetes	41	18	18	18	forward		41	C	38		needs_exact_same_strain_protein_and_experimental_gold	aggregate_consensus_flanks_no_raw_target_ids	Kordia sp. SMS9 chromosome, complete genome	2282170	5482391	2018/08/01	matched
CP035742.1	CAS-TypeIIC	Staphylococcus	Staphylococcaceae	Bacillales	Bacilli	Firmicutes	21	18	18	18	forward	XTGG	21	B	48		needs_exact_same_strain_protein_and_experimental_gold	aggregate_consensus_flanks_no_raw_target_ids	Staphylococcus pseudintermedius strain 51_92 chromosome	283734	2512363	2021/04/19	matched
CP039887.1	CAS-TypeIIC	Neisseria	Neisseriaceae	Neisseriales	Betaproteobacteria	Proteobacteria	20	18	18	18	reverse		20	C	38		needs_exact_same_strain_protein_and_experimental_gold	aggregate_consensus_flanks_no_raw_target_ids	Neisseria subflava strain ATCC 49275 chromosome, complete genome	28449	2195659	2019/05/07	matched
HE858529.1	CAS-TypeIIA	Streptococcus	Streptococcaceae	Lactobacillales	Bacilli	Firmicutes	19	18	18	18	reverse	XnGGnG	19	B	48		needs_exact_same_strain_protein_and_experimental_gold	aggregate_consensus_flanks_no_raw_target_ids	Streptococcus dysgalactiae subsp. equisimilis AC-2713, complete genome	759913	2179445	2015/02/27	matched
LR134094.1	CAS-TypeIIA	Streptococcus	Streptococcaceae	Lactobacillales	Bacilli	Firmicutes	20	18	18	18	reverse		20	C	38		needs_exact_same_strain_protein_and_experimental_gold	aggregate_consensus_flanks_no_raw_target_ids	Streptococcus dysgalactiae subsp. dysgalactiae strain NCTC4669 genome assembly, chromosome: 1	99822	2201894	2018/12/20	matched
LT960777.1	CAS-TypeIIA	Lactobacillus	Lactobacillaceae	Lactobacillales	Bacilli	Firmicutes	35	18	18	18	reverse	XnnGAAAnT	35	B	48		needs_exact_same_strain_protein_and_experimental_gold	aggregate_consensus_flanks_no_raw_target_ids	Lactobacillus sakei strain FLEC01 genome assembly, chromosome: 1	1599	1902372	2017/11/01	matched
AP010935.1	CAS-TypeIIA	Streptococcus	Streptococcaceae	Lactobacillales	Bacilli	Firmicutes	18	17	17	17	reverse	XTnGnG	18	B	47		needs_exact_same_strain_protein_and_experimental_gold	aggregate_consensus_flanks_no_raw_target_ids	Streptococcus dysgalactiae subsp. equisimilis GGS_124 DNA, complete genome	486410	2106340	2024/06/12	matched
AP018935.1	CAS-TypeIIA	Streptococcus	Streptococcaceae	Lactobacillales	Bacilli	Firmicutes	19	17	17	17	forward	XnGG	19	B	47		needs_exact_same_strain_protein_and_experimental_gold	aggregate_consensus_flanks_no_raw_target_ids	Streptococcus agalactiae HU-GS5823 DNA, complete genome	1311	2231314	2019/10/25	matched
CM001580.1	CAS-TypeIIC	Pasteurella	Pasteurellaceae	Pasteurellales	Gammaproteobacteria	Proteobacteria	20	17	17	17	forward		20	C	37		needs_exact_same_strain_protein_and_experimental_gold	aggregate_consensus_flanks_no_raw_target_ids	Pasteurella multocida subsp. gallicida X73 chromosome, whole genome shotgun sequence	1169410	2266799	2015/03/18	matched
CP002001.1	CAS-TypeIIA	Listeria	Listeriaceae	Bacillales	Bacilli	Firmicutes	19	17	17	17	reverse	XnGG	19	B	47		needs_exact_same_strain_protein_and_experimental_gold	aggregate_consensus_flanks_no_raw_target_ids	Listeria monocytogenes J0161, complete genome	393130	3000464	2013/11/22	matched
CP007034.1	CAS-TypeIIC	Barnesiella	Barnesiellaceae	Bacteroidales	Bacteroidia	Bacteroidetes	61	17	17	17	reverse		61	C	37		needs_exact_same_strain_protein_and_experimental_gold	aggregate_consensus_flanks_no_raw_target_ids	Barnesiella viscericola DSM 18177, complete genome	880074	3076856	2014/06/11	matched
CP010062.1	CAS-TypeIIA	Enterococcus	Enterococcaceae	Lactobacillales	Bacilli	Firmicutes	36	17	17	17	forward	XTnnnCA	36	B	47		needs_exact_same_strain_protein_and_experimental_gold	aggregate_consensus_flanks_no_raw_target_ids	Enterococcus cecorum strain CE2 genome	44008	2437293	2015/10/16	matched
CP010309.1	CAS-TypeIIC	Staphylococcus	Staphylococcaceae	Bacillales	Bacilli	Firmicutes	18	17	17	17	reverse	XnnGAA	18	B	47		needs_exact_same_strain_protein_and_experimental_gold	aggregate_consensus_flanks_no_raw_target_ids	Staphylococcus schleiferi strain 2317-03, complete genome	1295	2582931	2015/09/23	matched
CP012148.1	CAS-TypeIIA	Lactobacillus	Lactobacillaceae	Lactobacillales	Bacilli	Firmicutes	45	17	17	17	reverse	XTGAAA	45	B	47		needs_exact_same_strain_protein_and_experimental_gold	aggregate_consensus_flanks_no_raw_target_ids	Lactobacillus paracasei strain L9, complete genome	1597	3076437	2015/08/05	matched
CP012719.1	CAS-TypeIIA	Streptococcus	Streptococcaceae	Lactobacillales	Bacilli	Firmicutes	25	17	17	17	reverse	XnGG	25	B	47		needs_exact_same_strain_protein_and_experimental_gold	aggregate_consensus_flanks_no_raw_target_ids	Streptococcus anginosus strain J4206, complete genome	1328	2001352	2016/08/02	matched
CP016394.1	CAS-TypeIIC	Streptococcus	Streptococcaceae	Lactobacillales	Bacilli	Firmicutes	32	17	17	17	reverse	XnnAAAAA|XnnAGAAA	32	B	47		needs_exact_same_strain_protein_and_experimental_gold	aggregate_consensus_flanks_no_raw_target_ids	Streptococcus thermophilus strain ND07, complete genome	1308	1869510	2016/10/28	matched
CP016439.1	CAS-TypeIIC	Streptococcus	Streptococcaceae	Lactobacillales	Bacilli	Firmicutes	35	17	17	17	reverse	XnnAnAA	35	B	47		needs_exact_same_strain_protein_and_experimental_gold	aggregate_consensus_flanks_no_raw_target_ids	Streptococcus thermophilus strain CS8, complete genome	1308	1791656	2016/07/15	matched
CP017064.1	CAS-TypeIIC	Streptococcus	Streptococcaceae	Lactobacillales	Bacilli	Firmicutes	17	17	17	17	forward	XnnAAAAA|XnnAGAAA	17	B	47		needs_exact_same_strain_protein_and_experimental_gold	aggregate_consensus_flanks_no_raw_target_ids	Streptococcus thermophilus strain ST3, complete genome	1308	1865056	2017/09/05	matched
CP017666.1	CAS-TypeIIA	Streptococcus	Streptococcaceae	Lactobacillales	Bacilli	Firmicutes	26	17	17	17	forward	XnGGnG	26	B	47		needs_exact_same_strain_protein_and_experimental_gold	aggregate_consensus_flanks_no_raw_target_ids	Streptococcus suis strain 0061 chromosome, complete genome	1307	2138420	2018/07/02	matched
CP017667.1	CAS-TypeIIA	Streptococcus	Streptococcaceae	Lactobacillales	Bacilli	Firmicutes	26	17	17	17	forward	XnGGnG	26	B	47		needs_exact_same_strain_protein_and_experimental_gold	aggregate_consensus_flanks_no_raw_target_ids	Streptococcus suis strain 1081 chromosome, complete genome	1307	2228089	2018/07/02	matched
CP017713.1	CAS-TypeIIA	Lactobacillus	Lactobacillaceae	Lactobacillales	Bacilli	Firmicutes	30	17	17	17	reverse	XnnATA	30	B	47		needs_exact_same_strain_protein_and_experimental_gold	aggregate_consensus_flanks_no_raw_target_ids	Loigolactobacillus coryniformis subsp. coryniformis KCTC 3167 = DSM 20001 chromosome, complete genome	913848	2951508	2018/01/02	matched
CP019617.1	CAS-TypeIIA	Listeria	Listeriaceae	Bacillales	Bacilli	Firmicutes	19	17	17	17	reverse	XnGG	19	B	47		needs_exact_same_strain_protein_and_experimental_gold	aggregate_consensus_flanks_no_raw_target_ids	Listeria monocytogenes strain 10-092876-0055 LM4, complete genome	1639	2989685	2017/02/14	matched
CP020403.2	CAS-TypeIIC	Pasteurella	Pasteurellaceae	Pasteurellales	Gammaproteobacteria	Proteobacteria	20	17	17	17	forward		20	C	37		needs_exact_same_strain_protein_and_experimental_gold	aggregate_consensus_flanks_no_raw_target_ids	Pasteurella multocida strain FDAARGOS_216 chromosome, complete genome	747	2295191	2019/10/02	matched
CP022389.1	CAS-TypeIIC	Capnocytophaga	Flavobacteriaceae	Flavobacteriales	Flavobacteriia	Bacteroidetes	40	17	17	17	reverse		40	C	37		needs_exact_same_strain_protein_and_experimental_gold	aggregate_consensus_flanks_no_raw_target_ids	Capnocytophaga canimorsus strain H3936 chromosome, complete genome	28188	2455405	2018/06/26	matched
CP026116.1	CAS-TypeIIA	Lactobacillus	Lactobacillaceae	Lactobacillales	Bacilli	Firmicutes	28	17	17	17	reverse	XnGATA	28	B	47		needs_exact_same_strain_protein_and_experimental_gold	aggregate_consensus_flanks_no_raw_target_ids	Latilactobacillus curvatus JCM 1096 = DSM 20019 chromosome, complete genome	1293592	1898076	2019/01/22	matched
CP031003.1	CAS-TypeIIA	Lactobacillus	Lactobacillaceae	Lactobacillales	Bacilli	Firmicutes	21	17	17	17	forward	XnnAAAA	21	B	47		needs_exact_same_strain_protein_and_experimental_gold	aggregate_consensus_flanks_no_raw_target_ids	Latilactobacillus curvatus strain TMW 1.1928 chromosome, complete genome	28038	2044903	2018/08/21	matched
CP034193.1	CAS-TypeIIA	Lactobacillus	Lactobacillaceae	Lactobacillales	Bacilli	Firmicutes	22	17	17	17	forward	XnnAAC	22	B	47		needs_exact_same_strain_protein_and_experimental_gold	aggregate_consensus_flanks_no_raw_target_ids	Limosilactobacillus fermentum strain YL-11 chromosome, complete genome	1613	1908534	2018/12/04	matched
LR134263.1	CAS-TypeIIC	Staphylococcus	Staphylococcaceae	Bacillales	Bacilli	Firmicutes	18	17	17	17	forward	XTGG	18	B	47		needs_exact_same_strain_protein_and_experimental_gold	aggregate_consensus_flanks_no_raw_target_ids	Staphylococcus delphini strain NCTC12225 genome assembly, chromosome: 1	53344	2798161	2018/12/19	matched
LS483341.1	CAS-TypeIIA	Streptococcus	Streptococcaceae	Lactobacillales	Bacilli	Firmicutes	18	17	17	17	forward	XnGG	18	B	47		needs_exact_same_strain_protein_and_experimental_gold	aggregate_consensus_flanks_no_raw_target_ids	Streptococcus gordonii strain NCTC7865 genome assembly, chromosome: 1	1302	2187611	2018/06/17	matched
LT907931.1	CAS-TypeIIA	Lactobacillus	Lactobacillaceae	Lactobacillales	Bacilli	Firmicutes	24	17	17	17	reverse	XnnAnAA	24	B	47		needs_exact_same_strain_protein_and_experimental_gold	aggregate_consensus_flanks_no_raw_target_ids	Lactobacillus sakei strain J160x1 genome assembly, chromosome: LSAJ160, whole genome shotgun sequence	1599	1842916	2017/11/01	matched
AP014624.1	CAS-TypeIIC	Chryseobacterium	Flavobacteriaceae	Flavobacteriales	Flavobacteriia	Bacteroidetes	37	16	16	16	reverse		37	C	36		needs_exact_same_strain_protein_and_experimental_gold	aggregate_consensus_flanks_no_raw_target_ids	Chryseobacterium sp. StRB126 DNA, complete genome	878220	5503743	2014/10/25	matched
AP018676.1	CAS-TypeIIC	Helicobacter	Helicobacteraceae	Campylobacterales	Epsilonproteobacteria	Proteobacteria	43	16	16	16	reverse	XnnnnnnTnnA	43	B	46		needs_exact_same_strain_protein_and_experimental_gold	aggregate_consensus_flanks_no_raw_target_ids	Helicobacter cinaedi P01D0000 DNA, complete genome	213	2154041	2019/02/08	matched
CP002541.1	CAS-TypeIIC	Sphaerochaeta	Spirochaetaceae	Spirochaetales	Spirochaetia	Spirochaetes	42	16	16	16	forward	XnnnTTT	42	B	46		needs_exact_same_strain_protein_and_experimental_gold	aggregate_consensus_flanks_no_raw_target_ids	Sphaerochaeta globosa str. Buddy, complete genome	158189	3316466	2013/05/07	matched
CP009557.1	CAS-TypeIIC	Clostridium	Clostridiaceae	Clostridiales	Clostridia	Firmicutes	22	16	16	16	forward	XnnnnnAGAA	22	B	46		needs_exact_same_strain_protein_and_experimental_gold	aggregate_consensus_flanks_no_raw_target_ids	Clostridium perfringens strain FORC_003, complete genome	1502	3338532	2015/10/01	matched
CP010059.1	CAS-TypeIIA	Enterococcus	Enterococcaceae	Lactobacillales	Bacilli	Firmicutes	33	16	16	16	forward	XTnnnCA	33	B	46		needs_exact_same_strain_protein_and_experimental_gold	aggregate_consensus_flanks_no_raw_target_ids	Enterococcus cecorum strain CE1 genome	44008	2438959	2015/10/16	matched
CP017037.1	CAS-TypeIIA	Dialister	Veillonellaceae	Veillonellales	Negativicutes	Firmicutes	19	16	16	16	reverse	XnnnnTnnnnT	19	B	46		needs_exact_same_strain_protein_and_experimental_gold	aggregate_consensus_flanks_no_raw_target_ids	Dialister pneumosintes strain F0677, complete sequence	39950	1274073	2018/04/09	matched
CP017151.1	CAS-TypeIIA	Lactobacillus	Lactobacillaceae	Lactobacillales	Bacilli	Firmicutes	19	16	16	16	forward	XnGAAA	19	B	46		needs_exact_same_strain_protein_and_experimental_gold	aggregate_consensus_flanks_no_raw_target_ids	Limosilactobacillus fermentum strain NCC2970, complete genome	1613	1949874	2017/03/17	matched
CP020457.1	CAS-TypeIIA	Lactobacillus	Lactobacillaceae	Lactobacillales	Bacilli	Firmicutes	21	16	16	16	reverse		21	C	36		needs_exact_same_strain_protein_and_experimental_gold	aggregate_consensus_flanks_no_raw_target_ids	Lactobacillus amylolyticus strain L6, complete sequence	83683	1422440	2017/03/30	matched
CP021674.1	CAS-TypeIIA	Lactobacillus	Lactobacillaceae	Lactobacillales	Bacilli	Firmicutes	23	16	16	16	forward	XnGAAA	23	B	46		needs_exact_same_strain_protein_and_experimental_gold	aggregate_consensus_flanks_no_raw_target_ids	Levilactobacillus brevis strain SRCM101106 chromosome, complete genome	1580	2440326	2017/06/06	matched
CP021769.1	CAS-TypeIIA	Streptococcus	Streptococcaceae	Lactobacillales	Bacilli	Firmicutes	18	16	16	16	reverse	XnTGG	18	B	46		needs_exact_same_strain_protein_and_experimental_gold	aggregate_consensus_flanks_no_raw_target_ids	Streptococcus agalactiae strain B509 chromosome, complete genome	1311	2060637	2018/07/05	matched
CP028183.1	CAS-TypeIIA	Listeria	Listeriaceae	Bacillales	Bacilli	Firmicutes	21	16	16	16	reverse	XnGGTA|XnGGnA|XnGGnAnnA	21	B	46		needs_exact_same_strain_protein_and_experimental_gold	aggregate_consensus_flanks_no_raw_target_ids	Listeria monocytogenes strain CFSAN054109 chromosome, complete genome	1639	3062735	2018/04/02	matched
FN995097.1	CAS-TypeIIC	Neisseria	Neisseriaceae	Neisseriales	Betaproteobacteria	Proteobacteria	18	16	16	16	forward|reverse		18	C	26		needs_exact_same_strain_protein_and_experimental_gold	aggregate_consensus_flanks_no_raw_target_ids	Neisseria lactamica 020-06 complete genome	489653	2220606	2016/11/03	matched
FQ312002.1	CAS-TypeIIC	Haemophilus	Pasteurellaceae	Pasteurellales	Gammaproteobacteria	Proteobacteria	16	16	16	16	reverse	XnnnnGAAT	16	B	46		needs_exact_same_strain_protein_and_experimental_gold	aggregate_consensus_flanks_no_raw_target_ids	Haemophilus parainfluenzae T3T1 complete genome	862965	2086875	2015/02/27	matched
FR774048.1	CAS-TypeIIC	Neisseria	Neisseriaceae	Neisseriales	Betaproteobacteria	Proteobacteria	22	16	16	16	forward		22	C	36		needs_exact_same_strain_protein_and_experimental_gold	aggregate_consensus_flanks_no_raw_target_ids	Neisseria meningitidis WUE 2594 complete genome	942513	2227255	2015/02/27	matched
HG934468.1	CAS-TypeIIC	Mucinivorans	Rikenellaceae	Bacteroidales	Bacteroidia	Bacteroidetes	64	16	16	16	forward	XnnGnnT	64	B	46		needs_exact_same_strain_protein_and_experimental_gold	aggregate_consensus_flanks_no_raw_target_ids	Mucinivorans hirudinis complete genome	1433126	3149227	2015/02/27	matched
LR134512.1	CAS-TypeIIA	Streptococcus	Streptococcaceae	Lactobacillales	Bacilli	Firmicutes	18	16	16	16	forward	XTGGnT|XnGG	18	B	46		needs_exact_same_strain_protein_and_experimental_gold	aggregate_consensus_flanks_no_raw_target_ids	Streptococcus agalactiae strain NCTC13949 genome assembly, chromosome: 1	1311	2032876	2018/12/19	matched
AP018447.1	CAS-TypeIIC	Helicobacter	Helicobacteraceae	Campylobacterales	Epsilonproteobacteria	Proteobacteria	36	15	15	15	reverse		36	C	35		needs_exact_same_strain_protein_and_experimental_gold	aggregate_consensus_flanks_no_raw_target_ids	Helicobacter cinaedi P06D0798 DNA, complete genome	213	2165979	2019/02/08	matched
AP018721.1	CAS-TypeIIC	Sulfuritortus	Thiobacillaceae	Nitrosomonadales	Betaproteobacteria	Proteobacteria	32	15	15	15	reverse		32	C	35		needs_exact_same_strain_protein_and_experimental_gold	aggregate_consensus_flanks_no_raw_target_ids	Sulfuritortus calidifontis J1A DNA, complete genome	1914471	2720636	2019/03/13	matched
CM001469.1	CAS-TypeIIA	Listeria	Listeriaceae	Bacillales	Bacilli	Firmicutes	18	15	15	15	reverse	XnGG	18	B	45		needs_exact_same_strain_protein_and_experimental_gold	aggregate_consensus_flanks_no_raw_target_ids	Listeria monocytogenes FSL J1-208 chromosome, whole genome shotgun sequence	393119	2776529	2015/03/18	matched
CM003136.1	CAS-TypeIIA	Streptococcus	Streptococcaceae	Lactobacillales	Bacilli	Firmicutes	18	15	15	15	reverse	XnGGnG	18	B	45		needs_exact_same_strain_protein_and_experimental_gold	aggregate_consensus_flanks_no_raw_target_ids	Streptococcus thermophilus TH982 chromosome, whole genome shotgun sequence	1435974	1782640	2015/02/13	matched
CP000024.1	CAS-TypeIIC	Streptococcus	Streptococcaceae	Lactobacillales	Bacilli	Firmicutes	35	15	15	15	forward	XnnAnAAA	35	B	45		needs_exact_same_strain_protein_and_experimental_gold	aggregate_consensus_flanks_no_raw_target_ids	Streptococcus thermophilus CNRZ1066, complete genome	299768	1796226	2014/01/30	matched
CP002390.1	CAS-TypeIIA	Filifactor	Peptostreptococcaceae	Clostridiales	Clostridia	Firmicutes	21	15	15	15	reverse	XnnnAA	21	B	45		needs_exact_same_strain_protein_and_experimental_gold	aggregate_consensus_flanks_no_raw_target_ids	Filifactor alocis ATCC 35896, complete genome	546269	1931012	2014/08/07	matched
CP007524.1	CAS-TypeIIC	Neisseria	Neisseriaceae	Neisseriales	Betaproteobacteria	Proteobacteria	22	15	15	15	forward		22	C	35		needs_exact_same_strain_protein_and_experimental_gold	aggregate_consensus_flanks_no_raw_target_ids	Neisseria meningitidis strain 510612, complete genome	487	2188020	2014/05/21	matched
CP007769.1	CAS-TypeIIC	Campylobacter	Campylobacteraceae	Campylobacterales	Epsilonproteobacteria	Proteobacteria	32	15	15	15	reverse		32	C	35		needs_exact_same_strain_protein_and_experimental_gold	aggregate_consensus_flanks_no_raw_target_ids	Campylobacter sp. RM16704, complete genome	1500960	1557536	2016/09/06	matched
CP011059.1	CAS-TypeIIC	Elizabethkingia	Flavobacteriaceae	Flavobacteriales	Flavobacteriia	Bacteroidetes	25	15	15	15	reverse		25	C	35		needs_exact_same_strain_protein_and_experimental_gold	aggregate_consensus_flanks_no_raw_target_ids	Elizabethkingia miricola strain BM10, complete genome	172045	4242519	2016/06/23	matched
CP013476.1	CAS-TypeIIC	Turicibacter	Erysipelotrichaceae	Erysipelotrichales	Erysipelotrichia	Firmicutes	19	15	15	15	forward	XnnAAAC	19	B	45		needs_exact_same_strain_protein_and_experimental_gold	aggregate_consensus_flanks_no_raw_target_ids	Turicibacter sp. H121, complete genome	1712675	2622031	2016/04/06	matched
CP013722.1	CAS-TypeIIA	Listeria	Listeriaceae	Bacillales	Bacilli	Firmicutes	21	15	15	15	forward	XnGG	21	B	45		needs_exact_same_strain_protein_and_experimental_gold	aggregate_consensus_flanks_no_raw_target_ids	Listeria monocytogenes strain Lm 3163, complete genome	1639	2927751	2016/04/07	matched
CP020433.2	CAS-TypeIIA	Streptococcus	Streptococcaceae	Lactobacillales	Bacilli	Firmicutes	16	15	15	15	forward	XnGG	16	B	45		needs_exact_same_strain_protein_and_experimental_gold	aggregate_consensus_flanks_no_raw_target_ids	Streptococcus intermedius strain FDAARGOS_233 chromosome, complete genome	1338	1914006	2019/09/27	matched
CP025118.1	CAS-TypeIIC	Lacinutrix	Flavobacteriaceae	Flavobacteriales	Flavobacteriia	Bacteroidetes	58	15	15	15	reverse		58	C	35		needs_exact_same_strain_protein_and_experimental_gold	aggregate_consensus_flanks_no_raw_target_ids	Lacinutrix sp. Bg11-31 chromosome, complete genome	2057808	3666763	2017/12/11	matched
CP027229.1	CAS-TypeIIC	Capnocytophaga	Flavobacteriaceae	Flavobacteriales	Flavobacteriia	Bacteroidetes	16	15	15	15	forward	XnnAAA|XnnAAAGA	16	B	45		needs_exact_same_strain_protein_and_experimental_gold	aggregate_consensus_flanks_no_raw_target_ids	Capnocytophaga sp. oral taxon 878 strain F0545 chromosome, complete genome	1316596	2962157	2018/03/16	matched
CP031328.1	CAS-TypeIIC	Neisseria	Neisseriaceae	Neisseriales	Betaproteobacteria	Proteobacteria	22	15	15	15	forward		22	C	35		needs_exact_same_strain_protein_and_experimental_gold	aggregate_consensus_flanks_no_raw_target_ids	Neisseria meningitidis strain M18755 chromosome, complete genome	487	2223855	2018/08/05	matched
CP031332.1	CAS-TypeIIC	Neisseria	Neisseriaceae	Neisseriales	Betaproteobacteria	Proteobacteria	21	15	15	15	forward		21	C	35		needs_exact_same_strain_protein_and_experimental_gold	aggregate_consensus_flanks_no_raw_target_ids	Neisseria meningitidis strain M22814 chromosome, complete genome	487	2190201	2018/08/05	matched
CP040008.1	CAS-TypeIIC					Candidatus Saccharibacteria	16	15	15	15	forward	XnnnnGCA	16	B	45		needs_exact_same_strain_protein_and_experimental_gold	aggregate_consensus_flanks_no_raw_target_ids	Candidatus Saccharibacteria bacterium oral taxon 955 strain PM004 chromosome, complete genome	2572087	842202	2020/06/16	matched
CP040504.1	CAS-TypeIIC	Neisseria	Neisseriaceae	Neisseriales	Betaproteobacteria	Proteobacteria	25	15	15	15	forward		25	C	35		needs_exact_same_strain_protein_and_experimental_gold	aggregate_consensus_flanks_no_raw_target_ids	Neisseria sp. oral taxon 014 str. F0314 chromosome	641149	2502158	2019/05/29	matched
LR134509.1	CAS-TypeIIC	Helicobacter	Helicobacteraceae	Campylobacterales	Epsilonproteobacteria	Proteobacteria	20	15	15	15	forward	AnnnGGnnAnX	20	B	45		needs_exact_same_strain_protein_and_experimental_gold	aggregate_consensus_flanks_no_raw_target_ids	Helicobacter pullorum strain NCTC13154 genome assembly, chromosome: 1	35818	1733410	2018/12/19	matched
LR134520.1	CAS-TypeIIA	Streptococcus	Streptococcaceae	Lactobacillales	Bacilli	Firmicutes	17	15	15	15	reverse	XnGGA|XnGGnnnA	17	B	45		needs_exact_same_strain_protein_and_experimental_gold	aggregate_consensus_flanks_no_raw_target_ids	Streptococcus agalactiae strain NCTC13947 genome assembly, chromosome: 1	1311	2095190	2018/12/19	matched
LS483393.1	CAS-TypeIIC	Clostridium	Clostridiaceae	Clostridiales	Clostridia	Firmicutes	16	15	15	15	forward	XnnnnnAnA	16	B	45		needs_exact_same_strain_protein_and_experimental_gold	aggregate_consensus_flanks_no_raw_target_ids	Clostridium perfringens strain NCTC13170 genome assembly, chromosome: 1	1502	3291135	2018/06/17	matched
LT670843.1	CAS-TypeIIC	Flavobacterium	Flavobacteriaceae	Flavobacteriales	Flavobacteriia	Bacteroidetes	39	15	15	15	forward	XnAnnT	39	B	45		needs_exact_same_strain_protein_and_experimental_gold	aggregate_consensus_flanks_no_raw_target_ids	Flavobacterium psychrophilum strain OSU THCO2-90 genome assembly, chromosome: chr	96345	2783852	2020/06/17	matched
LT960790.1	CAS-TypeIIA	Lactobacillus	Lactobacillaceae	Lactobacillales	Bacilli	Firmicutes	29	15	15	15	reverse	XnnGAAA|XnnGAAAnT	29	B	45		needs_exact_same_strain_protein_and_experimental_gold	aggregate_consensus_flanks_no_raw_target_ids	Lactobacillus sakei strain J54 genome assembly, chromosome: 1	1599	1964671	2017/11/01	matched
AP018335.1	CAS-TypeIIC	Ureibacillus	Planococcaceae	Bacillales	Bacilli	Firmicutes	23	14	14	14	forward	XnnnGnnA	23	B	44		needs_exact_same_strain_protein_and_experimental_gold	aggregate_consensus_flanks_no_raw_target_ids	Ureibacillus thermosphaericus DNA, complete geonome, strain: A1	51173	3488104	2017/06/24	matched
CP002652.1	CAS-TypeIIA	Lactobacillus	Lactobacillaceae	Lactobacillales	Bacilli	Firmicutes	25	14	14	14	reverse	XnnAnnA	25	B	44		needs_exact_same_strain_protein_and_experimental_gold	aggregate_consensus_flanks_no_raw_target_ids	Lactobacillus buchneri NRRL B-30929, complete genome	511437	2506301	2011/10/11	matched
CP006819.1	CAS-TypeIIC	Streptococcus	Streptococcaceae	Lactobacillales	Bacilli	Firmicutes	32	14	14	14	forward	XnnAGAAA|XnnAGAAAnAA	32	B	44		needs_exact_same_strain_protein_and_experimental_gold	aggregate_consensus_flanks_no_raw_target_ids	Streptococcus thermophilus ASCC 1275, complete genome	1408178	1845495	2014/06/11	matched
CP010554.1	CAS-TypeIIC	Rugosibacter	Rhodocyclaceae	Rhodocyclales	Betaproteobacteria	Proteobacteria	37	14	14	14	forward	XnGC	37	B	44		needs_exact_same_strain_protein_and_experimental_gold	aggregate_consensus_flanks_no_raw_target_ids	Rugosibacter aromaticivorans strain Ca6, complete genome	1565605	2934611	2018/04/17	matched
CP010999.1	CAS-TypeIIC	Streptococcus	Streptococcaceae	Lactobacillales	Bacilli	Firmicutes	32	14	14	14	forward	XnnAGAAA|XnnAGAAAnAA	32	B	44		needs_exact_same_strain_protein_and_experimental_gold	aggregate_consensus_flanks_no_raw_target_ids	Streptococcus thermophilus strain MN-BM-A02, complete genome	1308	1850434	2015/09/10	matched
CP011329.1	CAS-TypeIIA	Streptococcus	Streptococcaceae	Lactobacillales	Bacilli	Firmicutes	16	14	14	14	forward	XnGG	16	B	44		needs_exact_same_strain_protein_and_experimental_gold	aggregate_consensus_flanks_no_raw_target_ids	Streptococcus agalactiae strain H002, complete genome	1311	2147416	2015/10/13	matched
CP012392.1	CAS-TypeIIC	Neisseria	Neisseriaceae	Neisseriales	Betaproteobacteria	Proteobacteria	20	14	14	14	forward		20	C	34		needs_exact_same_strain_protein_and_experimental_gold	aggregate_consensus_flanks_no_raw_target_ids	Neisseria meningitidis strain DE10444, complete genome	487	2170619	2016/08/02	matched
CP013651.1	CAS-TypeIIA	Streptococcus	Streptococcaceae	Lactobacillales	Bacilli	Firmicutes	14	14	14	14	forward	XnGG	14	B	44		needs_exact_same_strain_protein_and_experimental_gold	aggregate_consensus_flanks_no_raw_target_ids	Streptococcus sp. A12, complete genome	1759399	1874337	2016/03/11	matched
CP013992.1	CAS-TypeIIC	Flavobacterium	Flavobacteriaceae	Flavobacteriales	Flavobacteriia	Bacteroidetes	34	14	14	14	forward		34	C	34		needs_exact_same_strain_protein_and_experimental_gold	aggregate_consensus_flanks_no_raw_target_ids	Flavobacterium covae strain 94-081, complete genome	2906076	3321600	2016/06/07	matched
CP015283.1	CAS-TypeIIC	Streptococcus	Streptococcaceae	Lactobacillales	Bacilli	Firmicutes	14	14	14	14	reverse	XnnAAAGnnA	14	B	44		needs_exact_same_strain_protein_and_experimental_gold	aggregate_consensus_flanks_no_raw_target_ids	Streptococcus salivarius strain ATCC 25975, complete genome	1304	2199793	2017/04/18	matched
CP016026.1	CAS-TypeIIC	Streptococcus	Streptococcaceae	Lactobacillales	Bacilli	Firmicutes	32	14	14	14	forward	XnnAGAAA|XnnAGAAAnAA	32	B	44		needs_exact_same_strain_protein_and_experimental_gold	aggregate_consensus_flanks_no_raw_target_ids	Streptococcus thermophilus strain KLDS SM, complete genome	1308	1856787	2016/06/14	matched
CP016803.1	CAS-TypeIIA	Lactobacillus	Lactobacillaceae	Lactobacillales	Bacilli	Firmicutes	17	14	14	14	reverse	XnTAAC	17	B	44		needs_exact_same_strain_protein_and_experimental_gold	aggregate_consensus_flanks_no_raw_target_ids	Limosilactobacillus fermentum strain SK152, complete genome	1613	2092273	2017/08/07	matched
CP022547.1	CAS-TypeIIC	Streptococcus	Streptococcaceae	Lactobacillales	Bacilli	Firmicutes	18	14	14	14	forward	XnnAAAG	0	C	34		needs_exact_same_strain_protein_and_experimental_gold	aggregate_consensus_flanks_no_raw_target_ids	Streptococcus thermophilus strain B59671 chromosome, complete genome	1308	1821173	2017/10/04	matched
CP022757.1	CAS-TypeIIC	Ralstonia	Burkholderiaceae	Burkholderiales	Betaproteobacteria	Proteobacteria	33	14	14	14	reverse	XnGGnG	33	B	44		needs_exact_same_strain_protein_and_experimental_gold	aggregate_consensus_flanks_no_raw_target_ids	Ralstonia solanacearum strain T101 chromosome, complete genome	305	3532837	2018/09/10	matched
CP022763.1	CAS-TypeIIC	Ralstonia	Burkholderiaceae	Burkholderiales	Betaproteobacteria	Proteobacteria	33	14	14	14	reverse	XnGGnG	33	B	44		needs_exact_same_strain_protein_and_experimental_gold	aggregate_consensus_flanks_no_raw_target_ids	Ralstonia solanacearum strain T82 chromosome, complete genome	305	3532888	2018/09/10	matched
CP022774.1	CAS-TypeIIC	Ralstonia	Burkholderiaceae	Burkholderiales	Betaproteobacteria	Proteobacteria	33	14	14	14	reverse	XnGGnG	33	B	44		needs_exact_same_strain_protein_and_experimental_gold	aggregate_consensus_flanks_no_raw_target_ids	Ralstonia solanacearum strain T12 chromosome, complete genome	305	3532612	2018/09/10	matched
CP022796.1	CAS-TypeIIC	Ralstonia	Burkholderiaceae	Burkholderiales	Betaproteobacteria	Proteobacteria	33	14	14	14	reverse	XnGGnG	33	B	44		needs_exact_same_strain_protein_and_experimental_gold	aggregate_consensus_flanks_no_raw_target_ids	Ralstonia solanacearum strain SL2312 chromosome, complete genome	305	3532889	2018/09/10	matched
CP025216.1	CAS-TypeIIC	Streptococcus	Streptococcaceae	Lactobacillales	Bacilli	Firmicutes	32	14	14	14	forward	XnnAGAAA|XnnAGAAAnAA	32	B	44		needs_exact_same_strain_protein_and_experimental_gold	aggregate_consensus_flanks_no_raw_target_ids	Streptococcus thermophilus strain DGCC 7710 chromosome, complete genome	1308	1851207	2022/07/20	matched
CP033371.1	CAS-TypeIIA	Lactobacillus	Lactobacillaceae	Lactobacillales	Bacilli	Firmicutes	20	14	14	14	reverse	XnCAAC	20	B	44		needs_exact_same_strain_protein_and_experimental_gold	aggregate_consensus_flanks_no_raw_target_ids	Limosilactobacillus fermentum strain DR9 chromosome, complete genome	1613	1285454	2018/11/04	matched
CP034099.1	CAS-TypeIIA	Lactobacillus	Lactobacillaceae	Lactobacillales	Bacilli	Firmicutes	20	14	14	14	reverse	XnCAAC	20	B	44		needs_exact_same_strain_protein_and_experimental_gold	aggregate_consensus_flanks_no_raw_target_ids	Limosilactobacillus fermentum strain LMT2-75 chromosome, complete genome	1613	2298221	2018/12/02	matched
CP035007.1	CAS-TypeIIC	Staphylococcus	Staphylococcaceae	Bacillales	Bacilli	Firmicutes	16	14	14	14	reverse	XnnGAA	16	B	44		needs_exact_same_strain_protein_and_experimental_gold	aggregate_consensus_flanks_no_raw_target_ids	Staphylococcus schleiferi strain OT1-1 chromosome, complete genome	1295	2539409	2019/01/16	matched
CP035926.1	CAS-TypeIIC	Arcobacter	Campylobacteraceae	Campylobacterales	Epsilonproteobacteria	Proteobacteria	28	14	14	14	forward	XnnnnnTTT	28	B	44		needs_exact_same_strain_protein_and_experimental_gold	aggregate_consensus_flanks_no_raw_target_ids	Aliarcobacter thereius LMG 24486 chromosome, complete genome	1032240	1915080	2019/10/08	matched
FM999788.1	CAS-TypeIIC	Neisseria	Neisseriaceae	Neisseriales	Betaproteobacteria	Proteobacteria	23	14	14	14	reverse		23	C	34		needs_exact_same_strain_protein_and_experimental_gold	aggregate_consensus_flanks_no_raw_target_ids	Neisseria meningitidis 8013, complete genome	604162	2277550	2015/02/27	matched
FP929049.1	CAS-TypeIIC	Roseburia	Lachnospiraceae	Clostridiales	Clostridia	Firmicutes	19	14	14	14	reverse	XnnnnCnCA|XnnnnCnnA	19	B	44		needs_exact_same_strain_protein_and_experimental_gold	aggregate_consensus_flanks_no_raw_target_ids	Roseburia intestinalis M50/1 draft genome	657315	4143550	2015/02/27	matched
FR733645.1	CAS-TypeIIA	Listeria	Listeriaceae	Bacillales	Bacilli	Firmicutes	21	14	14	14	reverse	XnGG	21	B	44		needs_exact_same_strain_protein_and_experimental_gold	aggregate_consensus_flanks_no_raw_target_ids	Listeria monocytogenes strain SLCC2540, serotype 3b	879089	2976958	2015/02/27	matched
LR134320.1	CAS-TypeIIA	Streptococcus	Streptococcaceae	Lactobacillales	Bacilli	Firmicutes	21	14	14	14	reverse	XTAAA	21	B	44		needs_exact_same_strain_protein_and_experimental_gold	aggregate_consensus_flanks_no_raw_target_ids	Streptococcus mutans strain NCTC10832 genome assembly, chromosome: 1	1309	2005322	2018/12/19	matched
LS483354.1	CAS-TypeIIA	Streptococcus	Streptococcaceae	Lactobacillales	Bacilli	Firmicutes	16	14	14	14	reverse	XnGG|XnGGnnnT	16	B	44		needs_exact_same_strain_protein_and_experimental_gold	aggregate_consensus_flanks_no_raw_target_ids	Streptococcus equi subsp. zooepidemicus strain NCTC11606 genome assembly, chromosome: 1	40041	2071453	2018/06/17	matched
LS483403.1	CAS-TypeIIC	Streptococcus	Streptococcaceae	Lactobacillales	Bacilli	Firmicutes	26	14	14	14	reverse	XnnAAAAA	26	B	44		needs_exact_same_strain_protein_and_experimental_gold	aggregate_consensus_flanks_no_raw_target_ids	Streptococcus lutetiensis strain NCTC13774 genome assembly, chromosome: 1	150055	1793521	2018/06/17	matched
AP013045.1	CAS-TypeIIC	Tannerella	Tannerellaceae	Bacteroidales	Bacteroidia	Bacteroidetes	20	13	13	13	forward	XnnAAA	20	B	43		needs_exact_same_strain_protein_and_experimental_gold	aggregate_consensus_flanks_no_raw_target_ids	Tannerella forsythia KS16 DNA, complete genome	1307833	3393002	2024/04/04	matched
AP014944.1	CAS-TypeIIC	Staphylococcus	Staphylococcaceae	Bacillales	Bacilli	Firmicutes	15	13	13	13	reverse	XnnGAAG	15	B	43		needs_exact_same_strain_protein_and_experimental_gold	aggregate_consensus_flanks_no_raw_target_ids	Staphylococcus schleiferi DNA, complete genome, strain: TSCC54	1295	2528077	2015/11/07	matched
AP018538.1	CAS-TypeIIC	Enterococcus	Enterococcaceae	Lactobacillales	Bacilli	Firmicutes	16	13	13	13	reverse	XnnATAA	16	B	43		needs_exact_same_strain_protein_and_experimental_gold	aggregate_consensus_flanks_no_raw_target_ids	Enterococcus faecalis KUB3006 DNA, complete genome	1351	2893216	2018/05/09	matched
AP018543.1	CAS-TypeIIC	Enterococcus	Enterococcaceae	Lactobacillales	Bacilli	Firmicutes	16	13	13	13	reverse	XnnATAA	16	B	43		needs_exact_same_strain_protein_and_experimental_gold	aggregate_consensus_flanks_no_raw_target_ids	Enterococcus faecalis KUB3007 DNA, complete genome	1351	2890148	2018/05/09	matched
CM001398.1	CAS-TypeIIA	Oenococcus	Leuconostocaceae	Lactobacillales	Bacilli	Firmicutes	56	13	13	13	forward		56	C	33		needs_exact_same_strain_protein_and_experimental_gold	aggregate_consensus_flanks_no_raw_target_ids	Oenococcus kitaharae DSM 17330 chromosome, whole genome shotgun sequence	1045004	1833925	2015/03/18	matched
CP002006.1	CAS-TypeIIC	Prevotella	Prevotellaceae	Bacteroidales	Bacteroidia	Bacteroidetes	15	13	13	13	reverse	XnAGGGCG	15	B	43		needs_exact_same_strain_protein_and_experimental_gold	aggregate_consensus_flanks_no_raw_target_ids	Prevotella ruminicola 23, complete genome	264731	3619559	2014/01/31	matched
CP002542.1	CAS-TypeIIC	Fluviicola	Crocinitomicaceae	Flavobacteriales	Flavobacteriia	Bacteroidetes	70	13	13	13	reverse		70	C	33		needs_exact_same_strain_protein_and_experimental_gold	aggregate_consensus_flanks_no_raw_target_ids	Fluviicola taffensis DSM 16823 chromosome, complete genome	755732	4633577	2019/09/10	matched
CP003726.1	CAS-TypeIIA	Enterococcus	Enterococcaceae	Lactobacillales	Bacilli	Firmicutes	22	13	13	13	forward|reverse	XnGG|XnGGnA	22	C	33		needs_exact_same_strain_protein_and_experimental_gold	aggregate_consensus_flanks_no_raw_target_ids	Enterococcus faecalis D32, complete genome	1206105	2987450	2014/01/31	matched
CP007181.1	CAS-TypeIIC	Campylobacter	Campylobacteraceae	Campylobacterales	Epsilonproteobacteria	Proteobacteria	15	13	13	13	reverse	TnnTnnnnnnX	15	B	43		needs_exact_same_strain_protein_and_experimental_gold	aggregate_consensus_flanks_no_raw_target_ids	Campylobacter coli RM4661, complete genome	1183379	1824273	2014/05/14	matched
CP010992.1	CAS-TypeIIC	Flavobacterium	Flavobacteriaceae	Flavobacteriales	Flavobacteriia	Bacteroidetes	24	13	13	13	forward		24	C	33		needs_exact_same_strain_protein_and_experimental_gold	aggregate_consensus_flanks_no_raw_target_ids	Flavobacterium columnare strain B185, complete genome	996	3261404	2019/05/29	matched
CP013149.1	CAS-TypeIIA	Lactobacillus	Lactobacillaceae	Lactobacillales	Bacilli	Firmicutes	31	13	13	13	forward		31	C	33		needs_exact_same_strain_protein_and_experimental_gold	aggregate_consensus_flanks_no_raw_target_ids	Lactiplantibacillus plantarum strain MF1298, complete genome	1590	3235952	2020/08/28	matched
CP014623.1	CAS-TypeIIC	Lactobacillus	Lactobacillaceae	Lactobacillales	Bacilli	Firmicutes	33	13	13	13	reverse	XnnnnnTTT	33	B	43		needs_exact_same_strain_protein_and_experimental_gold	aggregate_consensus_flanks_no_raw_target_ids	Loigolactobacillus backii strain TMW 1.1988, complete sequence	375175	2558858	2016/08/26	matched
CP016391.1	CAS-TypeIIA	Streptococcus	Streptococcaceae	Lactobacillales	Bacilli	Firmicutes	13	13	13	13	forward	XnGG	13	B	43		needs_exact_same_strain_protein_and_experimental_gold	aggregate_consensus_flanks_no_raw_target_ids	Streptococcus agalactiae strain FWL1402, complete genome	1311	2090292	2016/07/11	matched
CP017295.1	CAS-TypeIIC	Streptococcus	Streptococcaceae	Lactobacillales	Bacilli	Firmicutes	13	13	13	13	reverse	XnnAAAGnT	13	B	43		needs_exact_same_strain_protein_and_experimental_gold	aggregate_consensus_flanks_no_raw_target_ids	Streptococcus gordonii strain IE35, complete genome	1302	2190105	2016/09/28	matched
CP020402.2	CAS-TypeIIC	Neisseria	Neisseriaceae	Neisseriales	Betaproteobacteria	Proteobacteria	33	13	13	13	forward		33	C	33		needs_exact_same_strain_protein_and_experimental_gold	aggregate_consensus_flanks_no_raw_target_ids	Neisseria meningitidis strain FDAARGOS_215 chromosome, complete genome	487	2305818	2019/10/02	matched
CP020422.2	CAS-TypeIIC	Neisseria	Neisseriaceae	Neisseriales	Betaproteobacteria	Proteobacteria	33	13	13	13	forward		33	C	33		needs_exact_same_strain_protein_and_experimental_gold	aggregate_consensus_flanks_no_raw_target_ids	Neisseria meningitidis strain FDAARGOS_211 chromosome, complete genome	487	2305805	2019/09/30	matched
CP020438.2	CAS-TypeIIC	Streptococcus	Streptococcaceae	Lactobacillales	Bacilli	Firmicutes	14	13	13	13	forward	XnnAGAAC	14	B	43		needs_exact_same_strain_protein_and_experimental_gold	aggregate_consensus_flanks_no_raw_target_ids	Streptococcus equinus strain FDAARGOS_251 chromosome, complete genome	1335	2074978	2019/09/27	matched
CP021790.1	CAS-TypeIIA	Lactobacillus	Lactobacillaceae	Lactobacillales	Bacilli	Firmicutes	26	13	13	13	forward|reverse	XnnnAAA	26	C	33		needs_exact_same_strain_protein_and_experimental_gold	aggregate_consensus_flanks_no_raw_target_ids	Limosilactobacillus fermentum strain LAC FRN-92 chromosome, complete genome	1613	2063606	2017/06/13	matched
CP023483.1	CAS-TypeIIA	Brochothrix	Listeriaceae	Bacillales	Bacilli	Firmicutes	23	13	13	13	reverse	XnGG	23	B	43		needs_exact_same_strain_protein_and_experimental_gold	aggregate_consensus_flanks_no_raw_target_ids	Brochothrix thermosphacta strain BI chromosome, complete genome	2756	2647794	2017/09/27	matched
CP023643.1	CAS-TypeIIA	Brochothrix	Listeriaceae	Bacillales	Bacilli	Firmicutes	23	13	13	13	reverse	XnGG	23	B	43		needs_exact_same_strain_protein_and_experimental_gold	aggregate_consensus_flanks_no_raw_target_ids	Brochothrix thermosphacta strain BII chromosome, complete genome	2756	2603084	2017/10/04	matched
CP025839.1	CAS-TypeIIC	Lactobacillus	Lactobacillaceae	Lactobacillales	Bacilli	Firmicutes	26	13	13	13	forward	XnnnnnnAC	26	B	43		needs_exact_same_strain_protein_and_experimental_gold	aggregate_consensus_flanks_no_raw_target_ids	Latilactobacillus sakei strain DS4 chromosome, complete genome	1599	2103571	2018/02/01	matched
CP028926.1	CAS-TypeIIC	Pasteurella	Pasteurellaceae	Pasteurellales	Gammaproteobacteria	Proteobacteria	20	13	13	13	forward		20	C	33		needs_exact_same_strain_protein_and_experimental_gold	aggregate_consensus_flanks_no_raw_target_ids	Pasteurella multocida strain 20N chromosome, complete genome	747	2277636	2018/04/23	matched
CP031219.1	CAS-TypeIIC	Arcobacter	Campylobacteraceae	Campylobacterales	Epsilonproteobacteria	Proteobacteria	25	13	13	13	reverse		25	C	33		needs_exact_same_strain_protein_and_experimental_gold	aggregate_consensus_flanks_no_raw_target_ids	Malaciobacter mytili LMG 24559 chromosome, complete genome	1032238	2867150	2018/10/11	matched
CP031556.1	CAS-TypeIIA	Streptococcus	Streptococcaceae	Lactobacillales	Bacilli	Firmicutes	15	13	13	13	forward	XnGG	15	B	43		needs_exact_same_strain_protein_and_experimental_gold	aggregate_consensus_flanks_no_raw_target_ids	Streptococcus agalactiae strain Sag27 chromosome, complete genome	1311	2205229	2018/08/19	matched
CP031837.1	CAS-TypeIIC	Clostridium	Clostridiaceae	Clostridiales	Clostridia	Firmicutes	14	13	13	13	reverse		14	C	33		needs_exact_same_strain_protein_and_experimental_gold	aggregate_consensus_flanks_no_raw_target_ids	Clostridium sporogenes strain YH-Raf3-2-5 chromosome, complete genome	1509	2845495	2018/08/30	matched
CP033616.1	CAS-TypeIIA	Lactobacillus	Lactobacillaceae	Lactobacillales	Bacilli	Firmicutes	16	13	13	13	reverse	XnnGAAA	16	B	43		needs_exact_same_strain_protein_and_experimental_gold	aggregate_consensus_flanks_no_raw_target_ids	Lactiplantibacillus plantarum strain J26 chromosome, complete genome	1590	3096468	2019/04/11	matched
CP033811.1	CAS-TypeIIC	Chryseobacterium	Flavobacteriaceae	Flavobacteriales	Flavobacteriia	Bacteroidetes	36	13	13	13	reverse		36	C	33		needs_exact_same_strain_protein_and_experimental_gold	aggregate_consensus_flanks_no_raw_target_ids	Chryseobacterium arthrosphaerae strain FDAARGOS_519 chromosome, complete genome	651561	5361872	2019/02/11	matched
FP929038.1	CAS-TypeIIA	Coprococcus	Lachnospiraceae	Clostridiales	Clostridia	Firmicutes	15	13	13	13	forward	XnAAAAT	15	B	43		needs_exact_same_strain_protein_and_experimental_gold	aggregate_consensus_flanks_no_raw_target_ids	Coprococcus catus GD/7 draft genome	717962	3522704	2015/02/27	matched
FP929047.1	CAS-TypeIIA	Gordonibacter	Eggerthellaceae	Eggerthellales	Coriobacteriia	Actinobacteria	18	13	13	13	forward		18	C	33		needs_exact_same_strain_protein_and_experimental_gold	aggregate_consensus_flanks_no_raw_target_ids	Gordonibacter pamelaeae 7-10-1-b draft genome	657308	3608022	2015/02/27	matched
LR134526.1	CAS-TypeIIC	Neisseria	Neisseriaceae	Neisseriales	Betaproteobacteria	Proteobacteria	33	13	13	13	forward		33	C	33		needs_exact_same_strain_protein_and_experimental_gold	aggregate_consensus_flanks_no_raw_target_ids	Neisseria meningitidis strain NCTC10026 genome assembly, chromosome: 1	487	2305833	2018/12/19	matched
LS483384.1	CAS-TypeIIA	Streptococcus	Streptococcaceae	Lactobacillales	Bacilli	Firmicutes	13	13	13	13	reverse	XnGGT	13	B	43		needs_exact_same_strain_protein_and_experimental_gold	aggregate_consensus_flanks_no_raw_target_ids	Streptococcus pyogenes strain NCTC13743 genome assembly, chromosome: 1	1314	1846983	2018/06/17	matched
AE009948.1	CAS-TypeIIA	Streptococcus	Streptococcaceae	Lactobacillales	Bacilli	Firmicutes	24	12	12	12	forward	XnGG	24	B	42		needs_exact_same_strain_protein_and_experimental_gold	aggregate_consensus_flanks_no_raw_target_ids	Streptococcus agalactiae 2603V/R, complete genome	208435	2160267	2014/01/31	matched
AP012492.1	CAS-TypeIIC	Helicobacter	Helicobacteraceae	Campylobacterales	Epsilonproteobacteria	Proteobacteria	30	12	12	12	reverse		30	C	32		needs_exact_same_strain_protein_and_experimental_gold	aggregate_consensus_flanks_no_raw_target_ids	Helicobacter cinaedi CCUG 18818 = ATCC BAA-847 DNA, complete genome	537971	2240130	2016/10/07	matched
CM001022.1	CAS-TypeIIC	Aminomonas	Synergistaceae	Synergistales	Synergistia	Synergistetes	78	12	12	12	reverse	TTGX	78	B	42		needs_exact_same_strain_protein_and_experimental_gold	aggregate_consensus_flanks_no_raw_target_ids	Aminomonas paucivorans DSM 12260 chromosome, whole genome shotgun sequence	584708	2630170	2014/09/22	matched
CP001129.1	CAS-TypeIIA	Streptococcus	Streptococcaceae	Lactobacillales	Bacilli	Firmicutes	13	12	12	12	reverse	XnGG	13	B	42		needs_exact_same_strain_protein_and_experimental_gold	aggregate_consensus_flanks_no_raw_target_ids	Streptococcus equi subsp. zooepidemicus MGCS10565, complete genome	552526	2024171	2017/03/17	matched
CP003857.1	CAS-TypeIIC	Streptococcus	Streptococcaceae	Lactobacillales	Bacilli	Firmicutes	19	12	12	12	forward	XnnnAAAAA	19	B	42		needs_exact_same_strain_protein_and_experimental_gold	aggregate_consensus_flanks_no_raw_target_ids	Streptococcus intermedius B196, complete genome	862967	1996214	2014/03/07	matched
CP003879.1	CAS-TypeIIC	Psychroflexus	Flavobacteriaceae	Flavobacteriales	Flavobacteriia	Bacteroidetes	24	12	12	12	reverse	XnnAnA	24	B	42		needs_exact_same_strain_protein_and_experimental_gold	aggregate_consensus_flanks_no_raw_target_ids	Psychroflexus torquis ATCC 700755, complete genome	313595	4321832	2014/01/31	matched
CP006576.1	CAS-TypeIIC	Elizabethkingia	Flavobacteriaceae	Flavobacteriales	Flavobacteriia	Bacteroidetes	15	12	12	12	forward		15	C	32		needs_exact_same_strain_protein_and_experimental_gold	aggregate_consensus_flanks_no_raw_target_ids	Elizabethkingia anophelis FMS-007, complete genome	1352940	3938967	2016/06/23	matched
CP006772.1	CAS-TypeIIC			Bacteroidales	Bacteroidia	Bacteroidetes	29	12	12	12	forward	TTTnnX	29	B	42		needs_exact_same_strain_protein_and_experimental_gold	aggregate_consensus_flanks_no_raw_target_ids	Bacteroidales bacterium CF, complete genome	1400053	2657245	2014/02/14	matched
CP008813.1	CAS-TypeIIA	Streptococcus	Streptococcaceae	Lactobacillales	Bacilli	Firmicutes	14	12	12	12	forward	XnGG	14	B	42		needs_exact_same_strain_protein_and_experimental_gold	aggregate_consensus_flanks_no_raw_target_ids	Streptococcus agalactiae strain C001, complete genome	1311	2121372	2017/07/05	matched
CP009676.1	CAS-TypeIIC	Staphylococcus	Staphylococcaceae	Bacillales	Bacilli	Firmicutes	16	12	12	12	reverse	XnAGAA|XnnGAA	16	B	42		needs_exact_same_strain_protein_and_experimental_gold	aggregate_consensus_flanks_no_raw_target_ids	Staphylococcus schleiferi strain 5909-02, complete genome	1295	2528396	2015/09/23	matched
CP011217.1	CAS-TypeIIA	Streptococcus	Streptococcaceae	Lactobacillales	Bacilli	Firmicutes	13	12	12	12	reverse	XnGGnG	13	B	42		needs_exact_same_strain_protein_and_experimental_gold	aggregate_consensus_flanks_no_raw_target_ids	Streptococcus thermophilus strain SMQ-301, complete genome	1308	1861792	2015/05/27	matched
CP012694.1	CAS-TypeIIC	Neisseria	Neisseriaceae	Neisseriales	Betaproteobacteria	Proteobacteria	18	12	12	12	forward		18	C	32		needs_exact_same_strain_protein_and_experimental_gold	aggregate_consensus_flanks_no_raw_target_ids	Neisseria meningitidis strain 331401, complete genome	487	2191116	2016/10/03	matched
CP013689.1	CAS-TypeIIC	Streptococcus	Streptococcaceae	Lactobacillales	Bacilli	Firmicutes	16	12	12	12	reverse	XnnAAA	16	B	42		needs_exact_same_strain_protein_and_experimental_gold	aggregate_consensus_flanks_no_raw_target_ids	Streptococcus infantarius strain ICDDRB-NRC-S5, complete genome	102684	1818293	2016/03/17	matched
CP013939.1	CAS-TypeIIC	Streptococcus	Streptococcaceae	Lactobacillales	Bacilli	Firmicutes	14	12	12	12	reverse	XnnGTnAA	14	B	42		needs_exact_same_strain_protein_and_experimental_gold	aggregate_consensus_flanks_no_raw_target_ids	Streptococcus thermophilus strain S9, complete genome	1308	1787436	2016/01/14	matched
CP014020.1	CAS-TypeIIC	Elizabethkingia	Flavobacteriaceae	Flavobacteriales	Flavobacteriia	Bacteroidetes	18	12	12	12	reverse		18	C	32		needs_exact_same_strain_protein_and_experimental_gold	aggregate_consensus_flanks_no_raw_target_ids	Elizabethkingia anophelis strain FDAARGOS_132 chromosome, complete genome	1117645	3998386	2019/09/27	matched
CP014021.1	CAS-TypeIIC	Elizabethkingia	Flavobacteriaceae	Flavobacteriales	Flavobacteriia	Bacteroidetes	18	12	12	12	reverse		18	C	32		needs_exact_same_strain_protein_and_experimental_gold	aggregate_consensus_flanks_no_raw_target_ids	Elizabethkingia anophelis strain FDAARGOS_134 chromosome, complete genome	1117645	3998385	2019/09/27	matched
CP015593.1	CAS-TypeIIA	Listeria	Listeriaceae	Bacillales	Bacilli	Firmicutes	37	12	12	12	reverse	XnGG	37	B	42		needs_exact_same_strain_protein_and_experimental_gold	aggregate_consensus_flanks_no_raw_target_ids	Listeria monocytogenes strain ICDC-LM188, complete genome	1639	2982685	2017/03/20	matched
CP016877.1	CAS-TypeIIC	Streptococcus	Streptococcaceae	Lactobacillales	Bacilli	Firmicutes	14	12	12	12	forward	XnnAAAnA	14	B	42		needs_exact_same_strain_protein_and_experimental_gold	aggregate_consensus_flanks_no_raw_target_ids	Streptococcus thermophilus strain KLDS 3.1003, complete genome	1308	1899956	2016/08/16	matched
CP017029.1	CAS-TypeIIC	Campylobacter	Campylobacteraceae	Campylobacterales	Epsilonproteobacteria	Proteobacteria	14	12	12	12	reverse	ATnnnnX	14	B	42		needs_exact_same_strain_protein_and_experimental_gold	aggregate_consensus_flanks_no_raw_target_ids	Campylobacter jejuni subsp. jejuni strain 14980A, complete sequence	32022	1709198	2016/08/31	matched
CP019615.1	CAS-TypeIIA	Listeria	Listeriaceae	Bacillales	Bacilli	Firmicutes	39	12	12	12	forward	XnGG	39	B	42		needs_exact_same_strain_protein_and_experimental_gold	aggregate_consensus_flanks_no_raw_target_ids	Listeria monocytogenes strain 10-092876-0168, complete genome	1639	3072093	2017/02/14	matched
CP020833.1	CAS-TypeIIA	Listeria	Listeriaceae	Bacillales	Bacilli	Firmicutes	15	12	12	12	reverse	XnGGTA|XnGGnAnnA	15	B	42		needs_exact_same_strain_protein_and_experimental_gold	aggregate_consensus_flanks_no_raw_target_ids	Listeria monocytogenes strain CFSAN004330 chromosome, complete genome	1639	2976340	2017/04/24	matched
CP022754.1	CAS-TypeIIC	Parabacteroides	Tannerellaceae	Bacteroidales	Bacteroidia	Bacteroidetes	13	12	12	12	forward	XnGTTTTT	13	B	42		needs_exact_same_strain_protein_and_experimental_gold	aggregate_consensus_flanks_no_raw_target_ids	Parabacteroides sp. CT06 chromosome, complete genome	2025876	5372666	2017/08/16	matched
CP025222.1	CAS-TypeIIA	Listeria	Listeriaceae	Bacillales	Bacilli	Firmicutes	15	12	12	12	reverse	XTGG|XnGG	15	B	42		needs_exact_same_strain_protein_and_experimental_gold	aggregate_consensus_flanks_no_raw_target_ids	Listeria monocytogenes strain ATCC 51775 chromosome, complete genome	1639	2995531	2018/04/03	matched
CP025399.1	CAS-TypeIIA	Streptococcus	Streptococcaceae	Lactobacillales	Bacilli	Firmicutes	15	12	12	12	reverse	XTGGnGGnnA	15	B	42		needs_exact_same_strain_protein_and_experimental_gold	aggregate_consensus_flanks_no_raw_target_ids	Streptococcus thermophilus strain GABA chromosome, complete genome	1308	1857468	2017/12/21	matched
CP035151.1	CAS-TypeIIA	Pediococcus	Lactobacillaceae	Lactobacillales	Bacilli	Firmicutes	18	12	12	12	forward	XnCAAA	18	B	42		needs_exact_same_strain_protein_and_experimental_gold	aggregate_consensus_flanks_no_raw_target_ids	Pediococcus acidilactici strain SRCM103367 chromosome, complete genome	1254	1852892	2019/01/22	matched
CP035928.1	CAS-TypeIIC	Arcobacter	Campylobacteraceae	Campylobacterales	Epsilonproteobacteria	Proteobacteria	25	12	12	12	forward		25	C	32		needs_exact_same_strain_protein_and_experimental_gold	aggregate_consensus_flanks_no_raw_target_ids	Malaciobacter pacificus strain LMG 26638 chromosome, complete genome	1080223	2657991	2019/10/08	matched
FN597254.1	CAS-TypeIIC	Streptococcus	Streptococcaceae	Lactobacillales	Bacilli	Firmicutes	15	12	12	12	reverse	XnnGnAAA	15	B	42		needs_exact_same_strain_protein_and_experimental_gold	aggregate_consensus_flanks_no_raw_target_ids	Streptococcus gallolyticus UCN34 complete genome	637909	2350911	2015/02/27	matched
FQ859183.1	CAS-TypeIIC	Flavobacterium	Flavobacteriaceae	Flavobacteriales	Flavobacteriia	Bacteroidetes	25	12	12	12	reverse		25	C	32		needs_exact_same_strain_protein_and_experimental_gold	aggregate_consensus_flanks_no_raw_target_ids	Flavobacterium branchiophilum FL-15, complete genome	1034807	3559884	2015/02/27	matched
HF952106.1	CAS-TypeIIA	Streptococcus	Streptococcaceae	Lactobacillales	Bacilli	Firmicutes	12	12	12	12	forward	XnGG	12	B	42		needs_exact_same_strain_protein_and_experimental_gold	aggregate_consensus_flanks_no_raw_target_ids	Streptococcus agalactiae ILRI112 complete genome	1318615	2029198	2014/06/25	matched
LR134242.1	CAS-TypeIIC	Staphylococcus	Staphylococcaceae	Bacillales	Bacilli	Firmicutes	13	12	12	12	forward	XAnGG	13	B	42		needs_exact_same_strain_protein_and_experimental_gold	aggregate_consensus_flanks_no_raw_target_ids	Staphylococcus warneri strain NCTC4133 genome assembly, chromosome: 1	1292	2430678	2020/08/03	matched
LR134522.1	CAS-TypeIIC	Neisseria	Neisseriaceae	Neisseriales	Betaproteobacteria	Proteobacteria	20	12	12	12	forward		20	C	32		needs_exact_same_strain_protein_and_experimental_gold	aggregate_consensus_flanks_no_raw_target_ids	Neisseria meningitidis strain NCTC3372 genome assembly, chromosome: 1	487	2182188	2018/12/19	matched
LR594048.1	CAS-TypeIIA	Streptococcus	Streptococcaceae	Lactobacillales	Bacilli	Firmicutes	12	12	12	12	reverse	XnGGnG	12	B	42		needs_exact_same_strain_protein_and_experimental_gold	aggregate_consensus_flanks_no_raw_target_ids	Streptococcus dysgalactiae subsp. equisimilis strain NCTC11556 genome assembly, chromosome: 1	119602	2193653	2019/05/17	matched
LS483342.1	CAS-TypeIIA	Streptococcus	Streptococcaceae	Lactobacillales	Bacilli	Firmicutes	15	12	12	12	reverse	XnGnnnA	15	B	42		needs_exact_same_strain_protein_and_experimental_gold	aggregate_consensus_flanks_no_raw_target_ids	Streptococcus agalactiae strain NCTC11930 genome assembly, chromosome: 1	1311	2063270	2018/06/17	matched
CP000114.1	CAS-TypeIIA	Streptococcus	Streptococcaceae	Lactobacillales	Bacilli	Firmicutes	14	11	11	11	forward	XnGG	14	B	41		needs_exact_same_strain_protein_and_experimental_gold	aggregate_consensus_flanks_no_raw_target_ids	Streptococcus agalactiae A909, complete genome	205921	2127839	2014/01/31	matched
CP000419.1	CAS-TypeIIC	Streptococcus	Streptococcaceae	Lactobacillales	Bacilli	Firmicutes	16	11	11	11	forward	XnnAAAA|XnnAAAAA	16	B	41		needs_exact_same_strain_protein_and_experimental_gold	aggregate_consensus_flanks_no_raw_target_ids	Streptococcus thermophilus LMD-9, complete genome	322159	1856368	2014/01/28	matched
CP003839.1	CAS-TypeIIA	Leuconostoc	Leuconostocaceae	Lactobacillales	Bacilli	Firmicutes	39	11	11	11	reverse	XnnAAG	39	B	41		needs_exact_same_strain_protein_and_experimental_gold	aggregate_consensus_flanks_no_raw_target_ids	Leuconostoc gelidum JB7, complete genome	1229756	1893499	2014/01/30	matched
CP004014.1	CAS-TypeIIC	Staphylococcus	Staphylococcaceae	Bacillales	Bacilli	Firmicutes	19	11	11	11	reverse		19	C	31		needs_exact_same_strain_protein_and_experimental_gold	aggregate_consensus_flanks_no_raw_target_ids	Staphylococcus pasteuri SP1, complete genome	1276282	2559946	2014/01/31	matched
CP006910.1	CAS-TypeIIA	Streptococcus	Streptococcaceae	Lactobacillales	Bacilli	Firmicutes	12	11	11	11	forward		12	C	31		needs_exact_same_strain_protein_and_experimental_gold	aggregate_consensus_flanks_no_raw_target_ids	Streptococcus agalactiae CNCTC 10/84, complete genome	1427374	2013842	2015/01/29	matched
CP009159.1	CAS-TypeIIC	Actinobacillus	Pasteurellaceae	Pasteurellales	Gammaproteobacteria	Proteobacteria	15	11	11	11	reverse	XnnnnCAAA	15	B	41		needs_exact_same_strain_protein_and_experimental_gold	aggregate_consensus_flanks_no_raw_target_ids	Actinobacillus suis ATCC 33415, complete genome	743972	2501598	2014/10/22	matched
CP011217.1	CAS-TypeIIC	Streptococcus	Streptococcaceae	Lactobacillales	Bacilli	Firmicutes	16	11	11	11	forward	XnnAAAAA	16	B	41		needs_exact_same_strain_protein_and_experimental_gold	aggregate_consensus_flanks_no_raw_target_ids	Streptococcus thermophilus strain SMQ-301, complete genome	1308	1861792	2015/05/27	matched
CP012389.1	CAS-TypeIIA	Lactobacillus	Lactobacillaceae	Lactobacillales	Bacilli	Firmicutes	20	11	11	11	forward	XnnAAA	20	B	41		needs_exact_same_strain_protein_and_experimental_gold	aggregate_consensus_flanks_no_raw_target_ids	Lactobacillus amylovorus strain JBD401, complete genome	1604	1946267	2018/04/26	matched
CP016646.1	CAS-TypeIIC	Neisseria	Neisseriaceae	Neisseriales	Betaproteobacteria	Proteobacteria	26	11	11	11	forward		26	C	31		needs_exact_same_strain_protein_and_experimental_gold	aggregate_consensus_flanks_no_raw_target_ids	Neisseria meningitidis strain M22819, complete genome	487	2173686	2016/08/02	matched
CP016647.1	CAS-TypeIIC	Neisseria	Neisseriaceae	Neisseriales	Betaproteobacteria	Proteobacteria	25	11	11	11	forward		25	registered	31	nme-m22809-published-flanks	registered_retrospective_system	aggregate_consensus_flanks_no_raw_target_ids	Neisseria meningitidis strain M22809, complete genome	487	2182171	2016/08/02	matched
CP016654.1	CAS-TypeIIC	Neisseria	Neisseriaceae	Neisseriales	Betaproteobacteria	Proteobacteria	25	11	11	11	forward		25	C	31		needs_exact_same_strain_protein_and_experimental_gold	aggregate_consensus_flanks_no_raw_target_ids	Neisseria meningitidis strain M22811, complete genome	487	2185698	2016/08/02	matched
CP016671.1	CAS-TypeIIC	Neisseria	Neisseriaceae	Neisseriales	Betaproteobacteria	Proteobacteria	23	11	11	11	forward		23	C	31		needs_exact_same_strain_protein_and_experimental_gold	aggregate_consensus_flanks_no_raw_target_ids	Neisseria meningitidis strain M22783, complete genome	487	2180570	2016/08/02	matched
CP016672.1	CAS-TypeIIC	Neisseria	Neisseriaceae	Neisseriales	Betaproteobacteria	Proteobacteria	25	11	11	11	reverse		25	C	31		needs_exact_same_strain_protein_and_experimental_gold	aggregate_consensus_flanks_no_raw_target_ids	Neisseria meningitidis strain M22828, complete genome	487	2172926	2016/08/02	matched
CP016680.1	CAS-TypeIIC	Neisseria	Neisseriaceae	Neisseriales	Betaproteobacteria	Proteobacteria	25	11	11	11	reverse		25	C	31		needs_exact_same_strain_protein_and_experimental_gold	aggregate_consensus_flanks_no_raw_target_ids	Neisseria meningitidis strain M22822, complete genome	487	2173901	2016/08/02	matched
CP016883.1	CAS-TypeIIC	Neisseria	Neisseriaceae	Neisseriales	Betaproteobacteria	Proteobacteria	25	11	11	11	forward		25	C	31		needs_exact_same_strain_protein_and_experimental_gold	aggregate_consensus_flanks_no_raw_target_ids	Neisseria meningitidis strain M22790 genome	487	2168169	2016/08/11	matched
CP020353.1	CAS-TypeIIA	Lactobacillus	Lactobacillaceae	Lactobacillales	Bacilli	Firmicutes	20	11	11	11	forward	XnnAAAA	20	B	41		needs_exact_same_strain_protein_and_experimental_gold	aggregate_consensus_flanks_no_raw_target_ids	Limosilactobacillus fermentum strain VRI-003, partial genome	1613	1949297	2019/09/30	matched
CP021104.1	CAS-TypeIIA	Lactobacillus	Lactobacillaceae	Lactobacillales	Bacilli	Firmicutes	20	11	11	11	forward	XnnAAAA	20	B	41		needs_exact_same_strain_protein_and_experimental_gold	aggregate_consensus_flanks_no_raw_target_ids	Limosilactobacillus fermentum strain FTDC 8312 chromosome, complete genome	1613	2239921	2017/05/09	matched
CP021772.1	CAS-TypeIIA	Streptococcus	Streptococcaceae	Lactobacillales	Bacilli	Firmicutes	16	11	11	11	forward	XnGG	16	B	41		needs_exact_same_strain_protein_and_experimental_gold	aggregate_consensus_flanks_no_raw_target_ids	Streptococcus agalactiae strain B111 chromosome, complete genome	1311	2150631	2018/07/05	matched
CP021870.1	CAS-TypeIIA	Streptococcus	Streptococcaceae	Lactobacillales	Bacilli	Firmicutes	13	11	11	11	forward		13	C	31		needs_exact_same_strain_protein_and_experimental_gold	aggregate_consensus_flanks_no_raw_target_ids	Streptococcus agalactiae strain SG-M4 chromosome, complete genome	1311	2072007	2017/06/16	matched
CP022058.2	CAS-TypeIIC	Chryseobacterium	Flavobacteriaceae	Flavobacteriales	Flavobacteriia	Bacteroidetes	35	11	11	11	reverse		35	C	31		needs_exact_same_strain_protein_and_experimental_gold	aggregate_consensus_flanks_no_raw_target_ids	Chryseobacterium indologenes strain FDAARGOS_337 chromosome, complete genome	253	5119391	2019/09/27	matched
CP022379.1	CAS-TypeIIC	Capnocytophaga	Flavobacteriaceae	Flavobacteriales	Flavobacteriia	Bacteroidetes	11	11	11	11	forward	XnnAAAGA	11	B	41		needs_exact_same_strain_protein_and_experimental_gold	aggregate_consensus_flanks_no_raw_target_ids	Capnocytophaga sputigena strain D1179 chromosome, complete genome	1019	2855148	2018/06/26	matched
CP023497.1	CAS-TypeIIC	Staphylococcus	Staphylococcaceae	Bacillales	Bacilli	Firmicutes	25	12	11	11	reverse	XnTGAA	25	B	41		needs_exact_same_strain_protein_and_experimental_gold	aggregate_consensus_flanks_no_raw_target_ids	Staphylococcus simulans strain FDAARGOS_383 chromosome, complete genome	1286	2702288	2019/09/30	matched
CP025221.1	CAS-TypeIIA	Listeria	Listeriaceae	Bacillales	Bacilli	Firmicutes	14	11	11	11	reverse	XTGG|XnGG	14	B	41		needs_exact_same_strain_protein_and_experimental_gold	aggregate_consensus_flanks_no_raw_target_ids	Listeria monocytogenes strain PIR00543 chromosome, complete genome	1639	2987434	2018/04/03	matched
CP025476.1	CAS-TypeIIA	Lactobacillus	Lactobacillaceae	Lactobacillales	Bacilli	Firmicutes	14	11	11	11	reverse	XTGAT|XnnGAAA	14	B	41		needs_exact_same_strain_protein_and_experimental_gold	aggregate_consensus_flanks_no_raw_target_ids	Latilactobacillus curvatus strain IRG2 chromosome, complete genome	28038	1963257	2018/12/20	matched
CP027234.1	CAS-TypeIIC	Bacteroides	Bacteroidaceae	Bacteroidales	Bacteroidia	Bacteroidetes	26	11	11	11	forward		26	C	31		needs_exact_same_strain_protein_and_experimental_gold	aggregate_consensus_flanks_no_raw_target_ids	Prevotella heparinolytica strain F0111 chromosome, complete genome	28113	3608975	2018/03/16	matched
CP028724.1	CAS-TypeIIC	Enterococcus	Enterococcaceae	Lactobacillales	Bacilli	Firmicutes	16	11	11	11	reverse	XnnATA	16	B	41		needs_exact_same_strain_protein_and_experimental_gold	aggregate_consensus_flanks_no_raw_target_ids	Enterococcus faecalis strain CVM N60443F chromosome, complete genome	1351	2758818	2019/03/07	matched
CP029175.1	CAS-TypeIIA	Listeria	Listeriaceae	Bacillales	Bacilli	Firmicutes	13	11	11	11	reverse	XnGG	13	B	41		needs_exact_same_strain_protein_and_experimental_gold	aggregate_consensus_flanks_no_raw_target_ids	Listeria monocytogenes strain NCCP 15743 chromosome, complete genome	1639	2911466	2019/04/11	matched
CP029477.1	CAS-TypeIIA	Lactobacillus	Lactobacillaceae	Lactobacillales	Bacilli	Firmicutes	27	11	11	11	forward	XnnGnnnT	27	B	41		needs_exact_same_strain_protein_and_experimental_gold	aggregate_consensus_flanks_no_raw_target_ids	Lactobacillus kullabergensis strain ESL0186 chromosome, complete genome	1218493	2018944	2018/05/24	matched
CP031513.1	CAS-TypeIIA	Lactobacillus	Lactobacillaceae	Lactobacillales	Bacilli	Firmicutes	41	11	11	11	reverse	XnnAAA	41	B	41		needs_exact_same_strain_protein_and_experimental_gold	aggregate_consensus_flanks_no_raw_target_ids	Bombilactobacillus bombi strain BI-2.5 chromosome, complete genome	1303590	1842084	2018/09/10	matched
CP032400.1	CAS-TypeIIA	Streptococcus	Streptococcaceae	Lactobacillales	Bacilli	Firmicutes	14	11	11	11	reverse		14	C	31		needs_exact_same_strain_protein_and_experimental_gold	aggregate_consensus_flanks_no_raw_target_ids	Streptococcus iniae strain YM011 chromosome, complete genome	1346	2101557	2018/09/24	matched
CP032401.1	CAS-TypeIIA	Streptococcus	Streptococcaceae	Lactobacillales	Bacilli	Firmicutes	14	11	11	11	reverse		14	C	31		needs_exact_same_strain_protein_and_experimental_gold	aggregate_consensus_flanks_no_raw_target_ids	Streptococcus iniae strain GX005 chromosome, complete genome	1346	2095003	2018/09/24	matched
CP033438.1	CAS-TypeIIA	Pediococcus	Lactobacillaceae	Lactobacillales	Bacilli	Firmicutes	30	11	11	11	reverse		30	C	31		needs_exact_same_strain_protein_and_experimental_gold	aggregate_consensus_flanks_no_raw_target_ids	Pediococcus acidilactici strain ATCC 8042 chromosome, complete genome	1254	2009598	2019/03/19	matched
CP035740.1	CAS-TypeIIC	Staphylococcus	Staphylococcaceae	Bacillales	Bacilli	Firmicutes	13	11	11	11	forward	XTGG	13	B	41		needs_exact_same_strain_protein_and_experimental_gold	aggregate_consensus_flanks_no_raw_target_ids	Staphylococcus pseudintermedius strain 53_88 chromosome	283734	2593941	2021/04/19	matched
CP039750.1	CAS-TypeIIA	Lactobacillus	Lactobacillaceae	Lactobacillales	Bacilli	Firmicutes	12	11	11	11	reverse	XnnAAC	12	B	41		needs_exact_same_strain_protein_and_experimental_gold	aggregate_consensus_flanks_no_raw_target_ids	Limosilactobacillus fermentum strain B1 28 chromosome	1613	1905587	2019/05/14	matched
FP929050.1	CAS-TypeIIC	Roseburia	Lachnospiraceae	Clostridiales	Clostridia	Firmicutes	11	11	11	11	reverse	XnnnnCnnA	1	B	41		needs_exact_same_strain_protein_and_experimental_gold	aggregate_consensus_flanks_no_raw_target_ids	Roseburia intestinalis XB6B4 draft genome	718255	4286292	2015/02/27	matched
LR134489.1	CAS-TypeIIC	Capnocytophaga	Flavobacteriaceae	Flavobacteriales	Flavobacteriia	Bacteroidetes	11	11	11	11	forward	XnnAAAGA	11	B	41		needs_exact_same_strain_protein_and_experimental_gold	aggregate_consensus_flanks_no_raw_target_ids	Capnocytophaga sputigena strain NCTC11097 genome assembly, chromosome: 1	1019	2933908	2018/12/19	matched
LR134528.1	CAS-TypeIIC	Neisseria	Neisseriaceae	Neisseriales	Betaproteobacteria	Proteobacteria	14	11	11	11	forward		14	C	31		needs_exact_same_strain_protein_and_experimental_gold	aggregate_consensus_flanks_no_raw_target_ids	Neisseria meningitidis strain NCTC12163 genome assembly, chromosome: 1	487	2228346	2018/12/19	matched
LS483387.1	CAS-TypeIIA	Streptococcus	Streptococcaceae	Lactobacillales	Bacilli	Firmicutes	13	11	11	11	forward		13	C	31		needs_exact_same_strain_protein_and_experimental_gold	aggregate_consensus_flanks_no_raw_target_ids	Streptococcus agalactiae strain NCTC8187 genome assembly, chromosome: 1	1311	2052456	2018/06/17	matched
LS483413.1	CAS-TypeIIA	Streptococcus	Streptococcaceae	Lactobacillales	Bacilli	Firmicutes	14	11	11	11	forward	XnGG	14	B	41		needs_exact_same_strain_protein_and_experimental_gold	aggregate_consensus_flanks_no_raw_target_ids	Streptococcus dysgalactiae subsp. equisimilis strain NCTC7136 genome assembly, chromosome: 1	119602	2249230	2018/06/17	matched
LT906456.1	CAS-TypeIIC	Actinobacillus	Pasteurellaceae	Pasteurellales	Gammaproteobacteria	Proteobacteria	15	11	11	11	reverse	XnnnnCAAA	15	B	41		needs_exact_same_strain_protein_and_experimental_gold	aggregate_consensus_flanks_no_raw_target_ids	Actinobacillus suis strain NCTC12996 genome assembly, chromosome: 1	716	2501959	2017/08/15	matched
LT906621.1	CAS-TypeIIA	Lactobacillus	Lactobacillaceae	Lactobacillales	Bacilli	Firmicutes	19	11	11	11	forward	XnnTACC	19	B	41		needs_exact_same_strain_protein_and_experimental_gold	aggregate_consensus_flanks_no_raw_target_ids	Lactobacillus fermentum strain IMDO 130101 genome assembly, chromosome: I	1613	2089202	2018/02/16	matched
AP011548.1	CAS-TypeIIA	Lactobacillus	Lactobacillaceae	Lactobacillales	Bacilli	Firmicutes	23	10	10	10	reverse		23	C	30		needs_exact_same_strain_protein_and_experimental_gold	aggregate_consensus_flanks_no_raw_target_ids	Lactobacillus rhamnosus ATCC 53103 DNA, complete genome	568703	3005051	2016/10/07	matched
CP002621.1	CAS-TypeIIA	Enterococcus	Enterococcaceae	Lactobacillales	Bacilli	Firmicutes	14	10	10	10	forward|reverse		14	C	20		needs_exact_same_strain_protein_and_experimental_gold	aggregate_consensus_flanks_no_raw_target_ids	Enterococcus faecalis OG1RF, complete genome	474186	2739625	2021/06/04	matched
CP003537.1	CAS-TypeIIC	Bdellovibrio	Bdellovibrionaceae	Bdellovibrionales	Oligoflexia	Proteobacteria	71	10	10	10	reverse		71	C	30		needs_exact_same_strain_protein_and_experimental_gold	aggregate_consensus_flanks_no_raw_target_ids	Bdellovibrio exovorus JSS, complete genome	1184267	2657893	2014/01/31	matched
CP006593.1	CAS-TypeIIA	Listeria	Listeriaceae	Bacillales	Bacilli	Firmicutes	22	10	10	10	forward		22	C	30		needs_exact_same_strain_protein_and_experimental_gold	aggregate_consensus_flanks_no_raw_target_ids	Listeria monocytogenes strain J2-031, complete genome	1639	2958908	2014/07/30	matched
CP010874.1	CAS-TypeIIA	Streptococcus	Streptococcaceae	Lactobacillales	Bacilli	Firmicutes	10	10	10	10	forward	XnGG	10	B	40		needs_exact_same_strain_protein_and_experimental_gold	aggregate_consensus_flanks_no_raw_target_ids	Streptococcus agalactiae strain CU_GBS_08 chromosome, complete genome	1311	2084511	2018/05/30	matched
CP014872.1	CAS-TypeIIA	Lactobacillus	Lactobacillaceae	Lactobacillales	Bacilli	Firmicutes	22	10	10	10	reverse		22	C	30		needs_exact_same_strain_protein_and_experimental_gold	aggregate_consensus_flanks_no_raw_target_ids	Fructilactobacillus lindneri strain TMW 1.1993 chromosome, complete genome	53444	1389742	2016/08/10	matched
CP014985.1	CAS-TypeIIA	Lactobacillus	Lactobacillaceae	Lactobacillales	Bacilli	Firmicutes	35	10	10	10	forward		35	C	30		needs_exact_same_strain_protein_and_experimental_gold	aggregate_consensus_flanks_no_raw_target_ids	Lactobacillus paracasei strain IIA, complete genome	1597	3055892	2017/04/05	matched
CP016552.1	CAS-TypeIIC	Geobacillus	Bacillaceae	Bacillales	Bacilli	Firmicutes	17	10	10	10	forward		17	C	30		needs_exact_same_strain_protein_and_experimental_gold	aggregate_consensus_flanks_no_raw_target_ids	Geobacillus stearothermophilus strain DSM 458, complete genome	1422	3466824	2019/01/18	matched
CP016823.1	CAS-TypeIIA	Lactobacillus	Lactobacillaceae	Lactobacillales	Bacilli	Firmicutes	23	10	10	10	reverse		23	C	30		needs_exact_same_strain_protein_and_experimental_gold	aggregate_consensus_flanks_no_raw_target_ids	Lacticaseibacillus rhamnosus strain LRB chromosome, complete genome	47715	2934954	2016/09/08	matched
CP017063.1	CAS-TypeIIA	Lactobacillus	Lactobacillaceae	Lactobacillales	Bacilli	Firmicutes	25	10	10	10	reverse		25	C	30		needs_exact_same_strain_protein_and_experimental_gold	aggregate_consensus_flanks_no_raw_target_ids	Lacticaseibacillus rhamnosus strain LR5, complete genome	47715	2972590	2017/11/28	matched
CP018900.1	CAS-TypeIIC	Campylobacter	Campylobacteraceae	Campylobacterales	Epsilonproteobacteria	Proteobacteria	14	10	10	10	reverse		14	C	30		needs_exact_same_strain_protein_and_experimental_gold	aggregate_consensus_flanks_no_raw_target_ids	Campylobacter coli strain YH502 chromosome, complete genome	195	1718974	2017/01/05	matched
CP019894.1	CAS-TypeIIC	Neisseria	Neisseriaceae	Neisseriales	Betaproteobacteria	Proteobacteria	11	10	10	10	reverse		11	C	30		needs_exact_same_strain_protein_and_experimental_gold	aggregate_consensus_flanks_no_raw_target_ids	Neisseria lactamica strain Y92-1009 chromosome, complete genome	486	2146723	2017/03/24	matched
CP019978.1	CAS-TypeIIA	Streptococcus	Streptococcaceae	Lactobacillales	Bacilli	Firmicutes	10	10	10	10	forward		10	C	30		needs_exact_same_strain_protein_and_experimental_gold	aggregate_consensus_flanks_no_raw_target_ids	Streptococcus agalactiae strain Sag37 chromosome, complete genome	1311	2198785	2017/03/13	matched
CP020016.1	CAS-TypeIIA	Lactobacillus	Lactobacillaceae	Lactobacillales	Bacilli	Firmicutes	23	10	10	10	reverse		23	C	30		needs_exact_same_strain_protein_and_experimental_gold	aggregate_consensus_flanks_no_raw_target_ids	Lacticaseibacillus rhamnosus strain WQ2, partial genome	47715	2960737	2017/03/13	matched
CP020401.2	CAS-TypeIIC	Neisseria	Neisseriaceae	Neisseriales	Betaproteobacteria	Proteobacteria	22	10	10	10	forward		22	C	30		needs_exact_same_strain_protein_and_experimental_gold	aggregate_consensus_flanks_no_raw_target_ids	Neisseria meningitidis strain FDAARGOS_214 chromosome, complete genome	487	2397461	2019/10/02	matched
CP020918.1	CAS-TypeIIC	Flavobacterium	Flavobacteriaceae	Flavobacteriales	Flavobacteriia	Bacteroidetes	27	10	10	10	reverse		27	C	30		needs_exact_same_strain_protein_and_experimental_gold	aggregate_consensus_flanks_no_raw_target_ids	Flavobacterium faecale strain WV33 chromosome, complete genome	1355330	4621116	2018/05/01	matched
CP021426.1	CAS-TypeIIA	Lactobacillus	Lactobacillaceae	Lactobacillales	Bacilli	Firmicutes	23	10	10	10	forward		23	C	30		needs_exact_same_strain_protein_and_experimental_gold	aggregate_consensus_flanks_no_raw_target_ids	Lacticaseibacillus rhamnosus strain 4B15, complete genome	47715	3047840	2017/05/30	matched
CP021456.1	CAS-TypeIIA	Lactobacillus	Lactobacillaceae	Lactobacillales	Bacilli	Firmicutes	19	15	10	10	reverse		19	C	30		needs_exact_same_strain_protein_and_experimental_gold	aggregate_consensus_flanks_no_raw_target_ids	Levilactobacillus brevis strain ZLB004, complete sequence	1580	2443996	2018/06/04	matched
CP021867.1	CAS-TypeIIA	Streptococcus	Streptococcaceae	Lactobacillales	Bacilli	Firmicutes	11	10	10	10	forward	XnGG	11	B	40		needs_exact_same_strain_protein_and_experimental_gold	aggregate_consensus_flanks_no_raw_target_ids	Streptococcus agalactiae strain SG-M25 chromosome, complete genome	1311	2208337	2017/06/16	matched
CP021868.1	CAS-TypeIIA	Streptococcus	Streptococcaceae	Lactobacillales	Bacilli	Firmicutes	11	10	10	10	forward	XnGG	11	B	40		needs_exact_same_strain_protein_and_experimental_gold	aggregate_consensus_flanks_no_raw_target_ids	Streptococcus agalactiae strain SG-M8 chromosome, complete genome	1311	2167120	2017/06/16	matched
CP022392.1	CAS-TypeIIA	Streptococcus	Streptococcaceae	Lactobacillales	Bacilli	Firmicutes	14	10	10	10	reverse		14	C	30		needs_exact_same_strain_protein_and_experimental_gold	aggregate_consensus_flanks_no_raw_target_ids	Streptococcus iniae strain QMA0248 chromosome, complete genome	1346	2116570	2017/07/17	matched
CP025020.1	CAS-TypeIIA	Enterococcus	Enterococcaceae	Lactobacillales	Bacilli	Firmicutes	14	10	10	10	forward|reverse		14	C	20		needs_exact_same_strain_protein_and_experimental_gold	aggregate_consensus_flanks_no_raw_target_ids	Enterococcus faecalis OG1RF chromosome	474186	2739584	2019/01/09	matched
CP025021.1	CAS-TypeIIA	Enterococcus	Enterococcaceae	Lactobacillales	Bacilli	Firmicutes	14	10	10	10	forward|reverse		14	C	20		needs_exact_same_strain_protein_and_experimental_gold	aggregate_consensus_flanks_no_raw_target_ids	Enterococcus faecalis strain OG1RF-SagA chromosome	1351	2741190	2019/01/09	matched
CP025428.1	CAS-TypeIIA	Lactobacillus	Lactobacillaceae	Lactobacillales	Bacilli	Firmicutes	23	10	10	10	reverse		23	C	30		needs_exact_same_strain_protein_and_experimental_gold	aggregate_consensus_flanks_no_raw_target_ids	Lacticaseibacillus rhamnosus strain LR-B1 chromosome, complete genome	47715	3007503	2019/01/10	matched
CP029546.1	CAS-TypeIIA	Lactobacillus	Lactobacillaceae	Lactobacillales	Bacilli	Firmicutes	16	10	10	10	reverse		16	C	30		needs_exact_same_strain_protein_and_experimental_gold	aggregate_consensus_flanks_no_raw_target_ids	Lacticaseibacillus paracasei strain EG9 chromosome, complete genome	1597	2927257	2018/05/30	matched
CP031290.1	CAS-TypeIIA	Lactobacillus	Lactobacillaceae	Lactobacillales	Bacilli	Firmicutes	23	10	10	10	reverse		23	C	30		needs_exact_same_strain_protein_and_experimental_gold	aggregate_consensus_flanks_no_raw_target_ids	Lacticaseibacillus rhamnosus GG chromosome, complete genome	568703	3010116	2018/08/02	matched
CP033810.1	CAS-TypeIIA	Streptococcus	Streptococcaceae	Lactobacillales	Bacilli	Firmicutes	11	10	10	10	forward		11	C	30		needs_exact_same_strain_protein_and_experimental_gold	aggregate_consensus_flanks_no_raw_target_ids	Streptococcus sp. FDAARGOS_520 chromosome, complete genome	2420308	2099619	2019/02/11	matched
CP034309.1	CAS-TypeIIC	Arcobacter	Campylobacteraceae	Campylobacterales	Epsilonproteobacteria	Proteobacteria	16	10	10	10	reverse		16	C	30		needs_exact_same_strain_protein_and_experimental_gold	aggregate_consensus_flanks_no_raw_target_ids	Aliarcobacter skirrowii strain A2S6 chromosome, complete genome	28200	1877752	2018/12/12	matched
CP035154.1	CAS-TypeIIA	Pediococcus	Lactobacillaceae	Lactobacillales	Bacilli	Firmicutes	17	10	10	10	forward	XnnnTA	17	B	40		needs_exact_same_strain_protein_and_experimental_gold	aggregate_consensus_flanks_no_raw_target_ids	Pediococcus acidilactici strain SRCM103387 chromosome, complete genome	1254	2001079	2019/01/22	matched
CP039752.1	CAS-TypeIIA	Enterococcus	Enterococcaceae	Lactobacillales	Bacilli	Firmicutes	14	10	10	10	forward|reverse	XnGG|XnGGnA	14	C	30		needs_exact_same_strain_protein_and_experimental_gold	aggregate_consensus_flanks_no_raw_target_ids	Enterococcus faecalis strain 110 chromosome	1351	2865654	2019/05/06	matched
FM179322.1	CAS-TypeIIA	Lactobacillus	Lactobacillaceae	Lactobacillales	Bacilli	Firmicutes	23	10	10	10	reverse		23	C	30		needs_exact_same_strain_protein_and_experimental_gold	aggregate_consensus_flanks_no_raw_target_ids	Lactobacillus rhamnosus GG whole genome sequence, strain GG (ATCC 53103)	568703	3010111	2015/02/27	matched
LN877293.1	CAS-TypeIIC	Bacteroides	Bacteroidaceae	Bacteroidales	Bacteroidia	Bacteroidetes	11	10	10	10	forward		11	C	30		needs_exact_same_strain_protein_and_experimental_gold	aggregate_consensus_flanks_no_raw_target_ids	Bacteroides fragilis genome assembly BFBE1.1, chromosome : scaffold1	817	5188967	2015/08/25	matched
LN907858.1	CAS-TypeIIC	Helicobacter	Helicobacteraceae	Campylobacterales	Epsilonproteobacteria	Proteobacteria	21	10	10	10	forward		21	C	30		needs_exact_same_strain_protein_and_experimental_gold	aggregate_consensus_flanks_no_raw_target_ids	Helicobacter typhlonius genome assembly htyphlonius_mit97-6810, chromosome : I	76936	1920832	2015/11/19	matched
LR134362.1	CAS-TypeIIC		Pasteurellaceae	Pasteurellales	Gammaproteobacteria	Proteobacteria	33	10	10	10	reverse		33	C	30		needs_exact_same_strain_protein_and_experimental_gold	aggregate_consensus_flanks_no_raw_target_ids	[Pasteurella] aerogenes strain NCTC13378 genome assembly, chromosome: 1	749	2257472	2018/12/19	matched
LR134513.1	CAS-TypeIIC	Capnocytophaga	Flavobacteriaceae	Flavobacteriales	Flavobacteriia	Bacteroidetes	27	10	10	10	reverse		27	C	30		needs_exact_same_strain_protein_and_experimental_gold	aggregate_consensus_flanks_no_raw_target_ids	Capnocytophaga canimorsus strain NCTC11921 genome assembly, chromosome: 1	28188	2528270	2018/12/19	matched
LR594044.1	CAS-TypeIIC	Streptococcus	Streptococcaceae	Lactobacillales	Bacilli	Firmicutes	26	10	10	10	forward		26	C	30		needs_exact_same_strain_protein_and_experimental_gold	aggregate_consensus_flanks_no_raw_target_ids	Streptococcus lutetiensis strain NCTC8796 genome assembly, chromosome: 1	150055	1807172	2019/05/17	matched
LS483333.1	CAS-TypeIIA	Streptococcus	Streptococcaceae	Lactobacillales	Bacilli	Firmicutes	10	10	10	10	reverse		10	C	30		needs_exact_same_strain_protein_and_experimental_gold	aggregate_consensus_flanks_no_raw_target_ids	Streptococcus pyogenes strain NCTC12048 genome assembly, chromosome: 1	1314	1793034	2018/06/17	matched
AL732656.1	CAS-TypeIIA	Streptococcus	Streptococcaceae	Lactobacillales	Bacilli	Firmicutes	12	9	9	9	forward		12	C	29		needs_exact_same_strain_protein_and_experimental_gold	aggregate_consensus_flanks_no_raw_target_ids	Streptococcus agalactiae NEM316 complete genome	211110	2211485	2015/02/27	matched
AP012547.1	CAS-TypeIIC	Sulfuritalea	Sterolibacteriaceae	Nitrosomonadales	Betaproteobacteria	Proteobacteria	14	9	9	9	reverse		14	C	29		needs_exact_same_strain_protein_and_experimental_gold	aggregate_consensus_flanks_no_raw_target_ids	Sulfuritalea hydrogenivorans sk43H DNA, complete genome	1223802	3802648	2016/10/07	matched
AP018537.1	CAS-TypeIIC		Erysipelotrichaceae	Erysipelotrichales	Erysipelotrichia	Firmicutes	11	9	9	9	forward		11	C	29		needs_exact_same_strain_protein_and_experimental_gold	aggregate_consensus_flanks_no_raw_target_ids	Erysipelotrichaceae bacterium GAM147 DNA, complete genome	2109692	2753585	2018/06/02	matched
CM002130.1	CAS-TypeIIA	Streptococcus	Streptococcaceae	Lactobacillales	Bacilli	Firmicutes	9	9	9	9	reverse		9	C	29		needs_exact_same_strain_protein_and_experimental_gold	aggregate_consensus_flanks_no_raw_target_ids	Streptococcus sp. HSISS3 chromosome, whole genome shotgun sequence	1316412	2399857	2015/03/22	matched
CP001392.1	CAS-TypeIIC	Acidovorax	Comamonadaceae	Burkholderiales	Betaproteobacteria	Proteobacteria	13	9	9	9	reverse		13	C	29		needs_exact_same_strain_protein_and_experimental_gold	aggregate_consensus_flanks_no_raw_target_ids	Acidovorax ebreus TPSY, complete genome	535289	3796573	2013/12/24	matched
CP003875.1	CAS-TypeIIC	Actinobacillus	Pasteurellaceae	Pasteurellales	Gammaproteobacteria	Proteobacteria	10	9	9	9	reverse	XnnnnCAAA	10	C	39		needs_exact_same_strain_protein_and_experimental_gold	aggregate_consensus_flanks_no_raw_target_ids	Actinobacillus suis H91-0380 chromosome	696748	2484940	2022/03/25	matched
CP006804.1	CAS-TypeIIA	Lactobacillus	Lactobacillaceae	Lactobacillales	Bacilli	Firmicutes	34	9	9	9	reverse	XnGAAA	34	C	39		needs_exact_same_strain_protein_and_experimental_gold	aggregate_consensus_flanks_no_raw_target_ids	Lactobacillus rhamnosus DSM 14870, complete genome	1380361	3013149	2017/09/08	matched
CP007199.1	CAS-TypeIIA	Listeria	Listeriaceae	Bacillales	Bacilli	Firmicutes	22	9	9	9	reverse	XnGG	22	C	39		needs_exact_same_strain_protein_and_experimental_gold	aggregate_consensus_flanks_no_raw_target_ids	Listeria monocytogenes serotype 1/2a str. 10-0933, complete genome	1196169	2870277	2017/06/30	matched
CP007200.1	CAS-TypeIIA	Listeria	Listeriaceae	Bacillales	Bacilli	Firmicutes	22	9	9	9	reverse	XnGG	22	C	39		needs_exact_same_strain_protein_and_experimental_gold	aggregate_consensus_flanks_no_raw_target_ids	Listeria monocytogenes serotype 1/2a str. 10-0934, complete genome	1196170	2870277	2017/06/30	matched
CP007241.1	CAS-TypeIIA	Streptococcus	Streptococcaceae	Lactobacillales	Bacilli	Firmicutes	10	9	9	9	forward		10	C	29		needs_exact_same_strain_protein_and_experimental_gold	aggregate_consensus_flanks_no_raw_target_ids	Streptococcus pyogenes strain 1E1, complete genome	1314	1796152	2014/11/05	matched
CP009498.1	CAS-TypeIIC	Endomicrobium	Endomicrobiaceae	Endomicrobiales	Endomicrobia	Elusimicrobia	111	9	9	9	forward|reverse		111	C	19		needs_exact_same_strain_protein_and_experimental_gold	aggregate_consensus_flanks_no_raw_target_ids	Endomicrobium proavitum strain Rsa215, complete genome	1408281	1588979	2018/04/17	matched
CP009575.1	CAS-TypeIIA	Listeria	Listeriaceae	Bacillales	Bacilli	Firmicutes	15	9	9	9	reverse		15	C	29		needs_exact_same_strain_protein_and_experimental_gold	aggregate_consensus_flanks_no_raw_target_ids	Listeria ivanovii subsp. londoniensis strain WSLC 30167, complete genome	202752	2993492	2015/03/11	matched
CP010875.1	CAS-TypeIIA	Streptococcus	Streptococcaceae	Lactobacillales	Bacilli	Firmicutes	9	9	9	9	forward	XnGG	9	C	39		needs_exact_same_strain_protein_and_experimental_gold	aggregate_consensus_flanks_no_raw_target_ids	Streptococcus agalactiae strain CU_GBS_98, complete genome	1311	2029669	2018/05/30	matched
CP012419.2	CAS-TypeIIA	Streptococcus	Streptococcaceae	Lactobacillales	Bacilli	Firmicutes	9	9	9	9	forward	XnGG	9	C	39		needs_exact_same_strain_protein_and_experimental_gold	aggregate_consensus_flanks_no_raw_target_ids	Streptococcus agalactiae strain SG-M1, complete genome	1311	2116811	2015/11/05	matched
CP016028.1	CAS-TypeIIA	Lactobacillus	Lactobacillaceae	Lactobacillales	Bacilli	Firmicutes	13	9	9	9	reverse		13	C	29		needs_exact_same_strain_protein_and_experimental_gold	aggregate_consensus_flanks_no_raw_target_ids	Latilactobacillus curvatus strain FBA2, complete genome	28038	1848756	2018/03/27	matched
CP016877.1	CAS-TypeIIA	Streptococcus	Streptococcaceae	Lactobacillales	Bacilli	Firmicutes	11	9	9	9	reverse		11	C	29		needs_exact_same_strain_protein_and_experimental_gold	aggregate_consensus_flanks_no_raw_target_ids	Streptococcus thermophilus strain KLDS 3.1003, complete genome	1308	1899956	2016/08/16	matched
CP018324.1	CAS-TypeIIA	Lactobacillus	Lactobacillaceae	Lactobacillales	Bacilli	Firmicutes	9	9	9	9	forward		9	C	29		needs_exact_same_strain_protein_and_experimental_gold	aggregate_consensus_flanks_no_raw_target_ids	Lactiplantibacillus plantarum subsp. plantarum strain TS12 chromosome, complete genome	337330	3193112	2016/12/19	matched
CP018763.1	CAS-TypeIIA	Pediococcus	Lactobacillaceae	Lactobacillales	Bacilli	Firmicutes	22	9	9	9	forward		22	C	29		needs_exact_same_strain_protein_and_experimental_gold	aggregate_consensus_flanks_no_raw_target_ids	Pediococcus acidilactici strain BCC1 chromosome, complete genome	1254	2096059	2016/12/27	matched
CP019388.1	CAS-TypeIIC	Winogradskyella	Flavobacteriaceae	Flavobacteriales	Flavobacteriia	Bacteroidetes	25	9	9	9	reverse		25	C	29		needs_exact_same_strain_protein_and_experimental_gold	aggregate_consensus_flanks_no_raw_target_ids	Winogradskyella sp. J14-2 chromosome, complete genome	1936080	3349669	2017/01/26	matched
CP020030.1	CAS-TypeIIC	Geobacillus	Bacillaceae	Bacillales	Bacilli	Firmicutes	10	9	9	9	forward		10	C	29		needs_exact_same_strain_protein_and_experimental_gold	aggregate_consensus_flanks_no_raw_target_ids	Geobacillus thermodenitrificans strain T12 chromosome, complete genome	33940	3640707	2017/05/09	matched
CP020432.2	CAS-TypeIIA	Streptococcus	Streptococcaceae	Lactobacillales	Bacilli	Firmicutes	11	9	9	9	forward		11	C	29		needs_exact_same_strain_protein_and_experimental_gold	aggregate_consensus_flanks_no_raw_target_ids	Streptococcus sp. 'group B' strain FDAARGOS_229 chromosome, complete genome	1319	2178261	2019/09/27	matched
CP020832.1	CAS-TypeIIA	Listeria	Listeriaceae	Bacillales	Bacilli	Firmicutes	19	9	9	9	forward		19	C	29		needs_exact_same_strain_protein_and_experimental_gold	aggregate_consensus_flanks_no_raw_target_ids	Listeria monocytogenes strain PNUSAL000096 chromosome, complete genome	1639	2897335	2017/04/24	matched
CP021863.1	CAS-TypeIIA	Streptococcus	Streptococcaceae	Lactobacillales	Bacilli	Firmicutes	9	9	9	9	forward	XnGG	9	C	39		needs_exact_same_strain_protein_and_experimental_gold	aggregate_consensus_flanks_no_raw_target_ids	Streptococcus agalactiae strain SG-M163 chromosome, complete genome	1311	2116810	2017/06/16	matched
CP021864.1	CAS-TypeIIA	Streptococcus	Streptococcaceae	Lactobacillales	Bacilli	Firmicutes	9	9	9	9	forward	XnGG	9	C	39		needs_exact_same_strain_protein_and_experimental_gold	aggregate_consensus_flanks_no_raw_target_ids	Streptococcus agalactiae strain SG-M158 chromosome, complete genome	1311	2116811	2017/06/16	matched
CP021865.1	CAS-TypeIIA	Streptococcus	Streptococcaceae	Lactobacillales	Bacilli	Firmicutes	9	9	9	9	forward	XnGG	9	C	39		needs_exact_same_strain_protein_and_experimental_gold	aggregate_consensus_flanks_no_raw_target_ids	Streptococcus agalactiae strain SG-M50 chromosome, complete genome	1311	2116810	2017/06/16	matched
CP021866.1	CAS-TypeIIA	Streptococcus	Streptococcaceae	Lactobacillales	Bacilli	Firmicutes	9	9	9	9	forward	XnGG	9	C	39		needs_exact_same_strain_protein_and_experimental_gold	aggregate_consensus_flanks_no_raw_target_ids	Streptococcus agalactiae strain SG-M29 chromosome, complete genome	1311	2116773	2017/06/16	matched
CP021869.1	CAS-TypeIIA	Streptococcus	Streptococcaceae	Lactobacillales	Bacilli	Firmicutes	12	9	9	9	forward		12	C	29		needs_exact_same_strain_protein_and_experimental_gold	aggregate_consensus_flanks_no_raw_target_ids	Streptococcus agalactiae strain SG-M6 chromosome, complete genome	1311	2106018	2017/06/16	matched
CP022881.1	CAS-TypeIIC	Staphylococcus	Staphylococcaceae	Bacillales	Bacilli	Firmicutes	11	9	9	9	forward		11	C	29		needs_exact_same_strain_protein_and_experimental_gold	aggregate_consensus_flanks_no_raw_target_ids	Staphylococcus sp. M0911 chromosome, complete genome	2025492	2438350	2018/09/07	matched
CP023008.1	CAS-TypeIIA	Pediococcus	Lactobacillaceae	Lactobacillales	Bacilli	Firmicutes	18	9	9	9	forward		18	C	29		needs_exact_same_strain_protein_and_experimental_gold	aggregate_consensus_flanks_no_raw_target_ids	Pediococcus pentosaceus strain SS1-3 chromosome, complete genome	1255	1752312	2018/08/28	matched
CP023429.1	CAS-TypeIIC	Neisseria	Neisseriaceae	Neisseriales	Betaproteobacteria	Proteobacteria	13	9	9	9	reverse		13	C	29		needs_exact_same_strain_protein_and_experimental_gold	aggregate_consensus_flanks_no_raw_target_ids	Neisseria weixii strain 10022 chromosome, complete genome	1853276	2511904	2017/09/21	matched
CP023507.1	CAS-TypeIIA	Streptococcus	Streptococcaceae	Lactobacillales	Bacilli	Firmicutes	9	9	9	9	reverse		9	C	29		needs_exact_same_strain_protein_and_experimental_gold	aggregate_consensus_flanks_no_raw_target_ids	Streptococcus oralis strain FDAARGOS_367 chromosome, complete genome	1303	2053209	2019/09/30	matched
CP025027.1	CAS-TypeIIA	Streptococcus	Streptococcaceae	Lactobacillales	Bacilli	Firmicutes	9	9	9	9	forward	XnGG	9	C	39		needs_exact_same_strain_protein_and_experimental_gold	aggregate_consensus_flanks_no_raw_target_ids	Streptococcus agalactiae strain SGEHI2015-107 chromosome, complete genome	1311	2016805	2017/12/06	matched
CP025028.1	CAS-TypeIIA	Streptococcus	Streptococcaceae	Lactobacillales	Bacilli	Firmicutes	9	9	9	9	forward	XnGG	9	C	39		needs_exact_same_strain_protein_and_experimental_gold	aggregate_consensus_flanks_no_raw_target_ids	Streptococcus agalactiae strain SGEHI2015-95 chromosome, complete genome	1311	2116769	2017/12/06	matched
CP029337.1	CAS-TypeIIC	Helicobacter	Helicobacteraceae	Campylobacterales	Epsilonproteobacteria	Proteobacteria	25	9	9	9	reverse	XnnnnnnTnnA	25	C	39		needs_exact_same_strain_protein_and_experimental_gold	aggregate_consensus_flanks_no_raw_target_ids	Helicobacter cinaedi isolate gHKSHhc_BC_20160917	213	1995911	2018/05/17	matched
CP033336.1	CAS-TypeIIA	Streptococcus	Streptococcaceae	Lactobacillales	Bacilli	Firmicutes	9	9	9	9	reverse	XnGGT	9	C	39		needs_exact_same_strain_protein_and_experimental_gold	aggregate_consensus_flanks_no_raw_target_ids	Streptococcus pyogenes strain TSPY165 chromosome, complete genome	1314	1812036	2019/01/31	matched
FN597254.1	CAS-TypeIIA	Streptococcus	Streptococcaceae	Lactobacillales	Bacilli	Firmicutes	12	9	9	9	reverse		12	C	29		needs_exact_same_strain_protein_and_experimental_gold	aggregate_consensus_flanks_no_raw_target_ids	Streptococcus gallolyticus UCN34 complete genome	637909	2350911	2015/02/27	matched
FP929032.1	CAS-TypeIIC	Alistipes	Rikenellaceae	Bacteroidales	Bacteroidia	Bacteroidetes	12	9	9	9	reverse		12	C	29		needs_exact_same_strain_protein_and_experimental_gold	aggregate_consensus_flanks_no_raw_target_ids	Alistipes shahii WAL 8301 draft genome	717959	3763317	2015/02/27	matched
FP929036.1	CAS-TypeIIC	Butyrivibrio	Lachnospiraceae	Clostridiales	Clostridia	Firmicutes	22	9	9	9	reverse		22	C	29		needs_exact_same_strain_protein_and_experimental_gold	aggregate_consensus_flanks_no_raw_target_ids	Butyrivibrio fibrisolvens 16/4 draft genome	657324	3164379	2015/02/27	matched
LR134275.1	CAS-TypeIIC	Streptococcus	Streptococcaceae	Lactobacillales	Bacilli	Firmicutes	10	9	9	9	forward		10	C	29		needs_exact_same_strain_protein_and_experimental_gold	aggregate_consensus_flanks_no_raw_target_ids	Streptococcus vestibularis strain NCTC12167 genome assembly, chromosome: 1	1343	1950305	2018/12/19	matched
LR134341.1	CAS-TypeIIA	Streptococcus	Streptococcaceae	Lactobacillales	Bacilli	Firmicutes	9	9	9	9	reverse		9	C	29		needs_exact_same_strain_protein_and_experimental_gold	aggregate_consensus_flanks_no_raw_target_ids	Streptococcus pseudoporcinus strain NCTC13786 genome assembly, chromosome: 1	361101	2156061	2018/12/19	matched
LR134497.1	CAS-TypeIIC	Campylobacter	Campylobacteraceae	Campylobacterales	Epsilonproteobacteria	Proteobacteria	9	9	9	9	reverse		9	C	29		needs_exact_same_strain_protein_and_experimental_gold	aggregate_consensus_flanks_no_raw_target_ids	Campylobacter jejuni strain NCTC13268 genome assembly, chromosome: 1	197	1801392	2018/12/19	matched
LR594045.1	CAS-TypeIIA	Streptococcus	Streptococcaceae	Lactobacillales	Bacilli	Firmicutes	10	9	9	9	reverse		10	C	29		needs_exact_same_strain_protein_and_experimental_gold	aggregate_consensus_flanks_no_raw_target_ids	Streptococcus dysgalactiae subsp. equisimilis strain NCTC9413 genome assembly, chromosome: 1	119602	2241743	2019/05/17	matched
LS483295.1	CAS-TypeIIC	Campylobacter	Campylobacteraceae	Campylobacterales	Epsilonproteobacteria	Proteobacteria	10	9	9	9	reverse		10	C	29		needs_exact_same_strain_protein_and_experimental_gold	aggregate_consensus_flanks_no_raw_target_ids	Campylobacter jejuni subsp. doylei strain NCTC11925 genome assembly, chromosome: 1	32021	1728869	2018/06/17	matched
LT635479.1	CAS-TypeIIA	Lachnoclostridium	Lachnospiraceae	Clostridiales	Clostridia	Firmicutes	15	9	9	9	reverse		15	C	29		needs_exact_same_strain_protein_and_experimental_gold	aggregate_consensus_flanks_no_raw_target_ids	Eubacterium sp. Marseille-P3177 strain Marseille-P3177T genome assembly, chromosome: contig00001	1871021	3500754	2016/11/23	matched
AM398681.2	CAS-TypeIIC	Flavobacterium	Flavobacteriaceae	Flavobacteriales	Flavobacteriia	Bacteroidetes	20	8	8	8	reverse		20	C	28		needs_exact_same_strain_protein_and_experimental_gold	aggregate_consensus_flanks_no_raw_target_ids	Flavobacterium psychrophilum JIP02/86 complete genome	402612	2860382	2015/02/27	matched
AP012344.1	CAS-TypeIIC	Helicobacter	Helicobacteraceae	Campylobacterales	Epsilonproteobacteria	Proteobacteria	12	8	8	8	reverse		12	C	28		needs_exact_same_strain_protein_and_experimental_gold	aggregate_consensus_flanks_no_raw_target_ids	Helicobacter cinaedi PAGU611 DNA, complete genome	1172562	2078348	2025/01/15	matched
CM000855.1	CAS-TypeIIC	Campylobacter	Campylobacteraceae	Campylobacterales	Epsilonproteobacteria	Proteobacteria	32	8	8	8	reverse		32	C	28		needs_exact_same_strain_protein_and_experimental_gold	aggregate_consensus_flanks_no_raw_target_ids	Campylobacter jejuni subsp. jejuni 414 chromosome, whole genome shotgun sequence	683083	1710125	2015/03/12	matched
CM001538.1	CAS-TypeIIA	Lactobacillus	Lactobacillaceae	Lactobacillales	Bacilli	Firmicutes	18	8	8	8	forward		18	C	28		needs_exact_same_strain_protein_and_experimental_gold	aggregate_consensus_flanks_no_raw_target_ids	Lactobacillus pentosus KCA1 chromosome, whole genome shotgun sequence	1136177	3426323	2015/03/18	matched
CP000419.1	CAS-TypeIIA	Streptococcus	Streptococcaceae	Lactobacillales	Bacilli	Firmicutes	8	8	8	8	reverse	XnGGnG	8	C	38		needs_exact_same_strain_protein_and_experimental_gold	aggregate_consensus_flanks_no_raw_target_ids	Streptococcus thermophilus LMD-9, complete genome	322159	1856368	2014/01/28	matched
CP002455.1	CAS-TypeIIC	Weeksella	Flavobacteriaceae	Flavobacteriales	Flavobacteriia	Bacteroidetes	20	8	8	8	forward		20	C	28		needs_exact_same_strain_protein_and_experimental_gold	aggregate_consensus_flanks_no_raw_target_ids	Weeksella virosa DSM 16922, complete genome	865938	2272954	2015/01/08	matched
CP003295.1	CAS-TypeIIA	Streptococcus	Streptococcaceae	Lactobacillales	Bacilli	Firmicutes	9	8	8	8	reverse		9	C	28		needs_exact_same_strain_protein_and_experimental_gold	aggregate_consensus_flanks_no_raw_target_ids	Streptococcus infantarius subsp. infantarius CJ18, complete genome	1069533	1988420	2014/01/31	matched
CP003787.1	CAS-TypeIIC	Riemerella	Flavobacteriaceae	Flavobacteriales	Flavobacteriia	Bacteroidetes	10	8	8	8	reverse		10	C	28		needs_exact_same_strain_protein_and_experimental_gold	aggregate_consensus_flanks_no_raw_target_ids	Riemerella anatipestifer RA-CH-1, complete genome	1228997	2309519	2014/01/31	matched
CP004036.1	CAS-TypeIIC	Sphingomonas	Sphingomonadaceae	Sphingomonadales	Alphaproteobacteria	Proteobacteria	21	8	8	8	forward		21	C	28		needs_exact_same_strain_protein_and_experimental_gold	aggregate_consensus_flanks_no_raw_target_ids	Sphingomonas sp. MM-1, complete genome	745310	4054833	2014/01/30	matched
CP006649.1	CAS-TypeIIC	Riemerella	Flavobacteriaceae	Flavobacteriales	Flavobacteriia	Bacteroidetes	10	8	8	8	reverse		10	C	28		needs_exact_same_strain_protein_and_experimental_gold	aggregate_consensus_flanks_no_raw_target_ids	Riemerella anatipestifer CH3, complete genome	1354240	2234477	2015/02/24	matched
CP008878.1	CAS-TypeIIC	Flavobacterium	Flavobacteriaceae	Flavobacteriales	Flavobacteriia	Bacteroidetes	20	8	8	8	reverse		20	C	28		needs_exact_same_strain_protein_and_experimental_gold	aggregate_consensus_flanks_no_raw_target_ids	Flavobacterium psychrophilum strain V3-5, complete genome	96345	2698020	2015/02/10	matched
CP008879.1	CAS-TypeIIC	Flavobacterium	Flavobacteriaceae	Flavobacteriales	Flavobacteriia	Bacteroidetes	20	8	8	8	reverse		20	C	28		needs_exact_same_strain_protein_and_experimental_gold	aggregate_consensus_flanks_no_raw_target_ids	Flavobacterium psychrophilum strain V1-20 genome	96345	2699630	2015/02/10	matched
CP008880.1	CAS-TypeIIC	Flavobacterium	Flavobacteriaceae	Flavobacteriales	Flavobacteriia	Bacteroidetes	20	8	8	8	reverse		20	C	28		needs_exact_same_strain_protein_and_experimental_gold	aggregate_consensus_flanks_no_raw_target_ids	Flavobacterium psychrophilum strain V2-20 genome	96345	2692540	2015/02/10	matched
CP008881.1	CAS-TypeIIC	Flavobacterium	Flavobacteriaceae	Flavobacteriales	Flavobacteriia	Bacteroidetes	20	8	8	8	reverse		20	C	28		needs_exact_same_strain_protein_and_experimental_gold	aggregate_consensus_flanks_no_raw_target_ids	Flavobacterium psychrophilum strain V4-24, complete genome	96345	2684585	2015/02/10	matched
CP008882.1	CAS-TypeIIC	Flavobacterium	Flavobacteriaceae	Flavobacteriales	Flavobacteriia	Bacteroidetes	20	8	8	8	reverse		20	C	28		needs_exact_same_strain_protein_and_experimental_gold	aggregate_consensus_flanks_no_raw_target_ids	Flavobacterium psychrophilum strain V4-28 genome	96345	2697393	2015/02/10	matched
CP008883.1	CAS-TypeIIC	Flavobacterium	Flavobacteriaceae	Flavobacteriales	Flavobacteriia	Bacteroidetes	20	8	8	8	reverse		20	C	28		needs_exact_same_strain_protein_and_experimental_gold	aggregate_consensus_flanks_no_raw_target_ids	Flavobacterium psychrophilum strain v4-33, complete genome	96345	2699386	2015/02/10	matched
CP008902.1	CAS-TypeIIC	Flavobacterium	Flavobacteriaceae	Flavobacteriales	Flavobacteriia	Bacteroidetes	20	8	8	8	reverse		20	C	28		needs_exact_same_strain_protein_and_experimental_gold	aggregate_consensus_flanks_no_raw_target_ids	Flavobacterium psychrophilum strain 950106-1/1, complete genome	96345	2736292	2014/10/16	matched
CP008921.1	CAS-TypeIIA	Streptococcus	Streptococcaceae	Lactobacillales	Bacilli	Firmicutes	9	8	8	8	reverse		9	C	28		needs_exact_same_strain_protein_and_experimental_gold	aggregate_consensus_flanks_no_raw_target_ids	Streptococcus suis 6407, complete genome	1214179	2292360	2014/09/09	matched
CP010274.2	CAS-TypeIIC	Flavobacterium	Flavobacteriaceae	Flavobacteriales	Flavobacteriia	Bacteroidetes	20	8	8	8	reverse		20	C	28		needs_exact_same_strain_protein_and_experimental_gold	aggregate_consensus_flanks_no_raw_target_ids	Flavobacterium psychrophilum strain 5 genome	96345	2848408	2016/01/27	matched
CP010275.2	CAS-TypeIIC	Flavobacterium	Flavobacteriaceae	Flavobacteriales	Flavobacteriia	Bacteroidetes	20	8	8	8	reverse		20	C	28		needs_exact_same_strain_protein_and_experimental_gold	aggregate_consensus_flanks_no_raw_target_ids	Flavobacterium psychrophilum strain MH1 genome	96345	2847905	2016/01/27	matched
CP010276.2	CAS-TypeIIC	Flavobacterium	Flavobacteriaceae	Flavobacteriales	Flavobacteriia	Bacteroidetes	20	8	8	8	reverse		20	C	28		needs_exact_same_strain_protein_and_experimental_gold	aggregate_consensus_flanks_no_raw_target_ids	Flavobacterium psychrophilum strain PG2, complete genome	96345	2850726	2016/01/27	matched
CP010277.2	CAS-TypeIIC	Flavobacterium	Flavobacteriaceae	Flavobacteriales	Flavobacteriia	Bacteroidetes	20	8	8	8	reverse		20	C	28		needs_exact_same_strain_protein_and_experimental_gold	aggregate_consensus_flanks_no_raw_target_ids	Flavobacterium psychrophilum strain VQ50 chromosome	96345	2806870	2022/03/24	matched
CP010278.2	CAS-TypeIIC	Flavobacterium	Flavobacteriaceae	Flavobacteriales	Flavobacteriia	Bacteroidetes	20	8	8	8	reverse		20	C	28		needs_exact_same_strain_protein_and_experimental_gold	aggregate_consensus_flanks_no_raw_target_ids	Flavobacterium psychrophilum strain 3 chromosome	96345	2805502	2022/03/24	matched
CP010783.1	CAS-TypeIIA	Streptococcus	Streptococcaceae	Lactobacillales	Bacilli	Firmicutes	12	8	8	8	reverse		12	C	28		needs_exact_same_strain_protein_and_experimental_gold	aggregate_consensus_flanks_no_raw_target_ids	Streptococcus iniae strain YSFST01-82, complete genome	1346	2086959	2015/06/02	matched
CP015107.1	CAS-TypeIIC	Flavobacterium	Flavobacteriaceae	Flavobacteriales	Flavobacteriia	Bacteroidetes	22	8	8	8	reverse		22	C	28		needs_exact_same_strain_protein_and_experimental_gold	aggregate_consensus_flanks_no_raw_target_ids	Flavobacterium covae strain C#2, complete genome	2906076	3329120	2016/06/28	matched
CP016277.1	CAS-TypeIIC	Flavobacterium	Flavobacteriaceae	Flavobacteriales	Flavobacteriia	Bacteroidetes	28	8	8	8	reverse		28	C	28		needs_exact_same_strain_protein_and_experimental_gold	aggregate_consensus_flanks_no_raw_target_ids	Flavobacterium columnare Pf1, complete genome	996	3171081	2016/06/30	matched
CP016355.1	CAS-TypeIIA	Lactobacillus	Lactobacillaceae	Lactobacillales	Bacilli	Firmicutes	22	8	8	8	reverse		22	C	28		needs_exact_same_strain_protein_and_experimental_gold	aggregate_consensus_flanks_no_raw_target_ids	Lacticaseibacillus paracasei subsp. paracasei strain TMW 1.1434 chromosome, complete genome	47714	3063698	2017/12/07	matched
CP016394.1	CAS-TypeIIA	Streptococcus	Streptococcaceae	Lactobacillales	Bacilli	Firmicutes	10	8	8	8	forward		10	C	28		needs_exact_same_strain_protein_and_experimental_gold	aggregate_consensus_flanks_no_raw_target_ids	Streptococcus thermophilus strain ND07, complete genome	1308	1869510	2016/10/28	matched
CP016440.1	CAS-TypeIIC	Bordetella	Alcaligenaceae	Burkholderiales	Betaproteobacteria	Proteobacteria	20	8	8	8	reverse		20	C	28		needs_exact_same_strain_protein_and_experimental_gold	aggregate_consensus_flanks_no_raw_target_ids	Bordetella pseudohinzii strain HI4681, complete sequence	1331258	4490371	2016/08/02	matched
CP017229.1	CAS-TypeIIC	Campylobacter	Campylobacteraceae	Campylobacterales	Epsilonproteobacteria	Proteobacteria	8	8	8	8	reverse		8	C	28		needs_exact_same_strain_protein_and_experimental_gold	aggregate_consensus_flanks_no_raw_target_ids	Campylobacter jejuni strain FORC_046, complete sequence	197	1629704	2017/07/05	matched
CP017871.1	CAS-TypeIIC	Campylobacter	Campylobacteraceae	Campylobacterales	Epsilonproteobacteria	Proteobacteria	9	8	8	8	forward		9	C	28		needs_exact_same_strain_protein_and_experimental_gold	aggregate_consensus_flanks_no_raw_target_ids	Campylobacter coli strain BP3183 chromosome, complete genome	195	1695360	2016/11/03	matched
CP021427.1	CAS-TypeIIA	Lactobacillus	Lactobacillaceae	Lactobacillales	Bacilli	Firmicutes	9	8	8	8	forward		9	C	28		needs_exact_same_strain_protein_and_experimental_gold	aggregate_consensus_flanks_no_raw_target_ids	Lactobacillus gasseri strain 4M13, complete genome	1596	2129370	2017/05/30	matched
CP021862.1	CAS-TypeIIA	Streptococcus	Streptococcaceae	Lactobacillales	Bacilli	Firmicutes	8	8	8	8	forward		8	C	28		needs_exact_same_strain_protein_and_experimental_gold	aggregate_consensus_flanks_no_raw_target_ids	Streptococcus agalactiae strain CUGBS591 chromosome, complete genome	1311	2227680	2017/06/16	matched
CP024843.1	CAS-TypeIIA	Streptococcus	Streptococcaceae	Lactobacillales	Bacilli	Firmicutes	12	8	8	8	reverse		12	C	28		needs_exact_same_strain_protein_and_experimental_gold	aggregate_consensus_flanks_no_raw_target_ids	Streptococcus iniae strain FP5228 chromosome, complete genome	1346	2090625	2017/11/20	matched
CP025029.1	CAS-TypeIIA	Streptococcus	Streptococcaceae	Lactobacillales	Bacilli	Firmicutes	8	8	8	8	forward	XnGG	8	C	38		needs_exact_same_strain_protein_and_experimental_gold	aggregate_consensus_flanks_no_raw_target_ids	Streptococcus agalactiae strain SGEHI2015-25 chromosome, complete genome	1311	2054713	2017/12/06	matched
CP025582.1	CAS-TypeIIA	Lactobacillus	Lactobacillaceae	Lactobacillales	Bacilli	Firmicutes	32	8	8	8	reverse		32	C	28		needs_exact_same_strain_protein_and_experimental_gold	aggregate_consensus_flanks_no_raw_target_ids	Lacticaseibacillus paracasei strain HD1.7 chromosome, complete genome	1597	3039280	2018/01/08	matched
CP031771.1	CAS-TypeIIA	Lactobacillus	Lactobacillaceae	Lactobacillales	Bacilli	Firmicutes	29	8	8	8	forward		29	C	28		needs_exact_same_strain_protein_and_experimental_gold	aggregate_consensus_flanks_no_raw_target_ids	Lactiplantibacillus plantarum subsp. plantarum strain E1 chromosome	337330	3235952	2019/02/04	matched
CP035156.1	CAS-TypeIIA	Lactobacillus	Lactobacillaceae	Lactobacillales	Bacilli	Firmicutes	12	8	8	8	forward		12	C	28		needs_exact_same_strain_protein_and_experimental_gold	aggregate_consensus_flanks_no_raw_target_ids	Lactiplantibacillus plantarum strain SRCM103362 chromosome, complete genome	1590	3038657	2019/01/22	matched
CP035438.1	CAS-TypeIIA	Streptococcus	Streptococcaceae	Lactobacillales	Bacilli	Firmicutes	8	8	8	8	reverse		8	C	28		needs_exact_same_strain_protein_and_experimental_gold	aggregate_consensus_flanks_no_raw_target_ids	Streptococcus pyogenes strain emm22.8 chromosome, complete genome	1314	1950616	2019/05/06	matched
CP035741.1	CAS-TypeIIC	Staphylococcus	Staphylococcaceae	Bacillales	Bacilli	Firmicutes	9	8	8	8	reverse		9	C	28		needs_exact_same_strain_protein_and_experimental_gold	aggregate_consensus_flanks_no_raw_target_ids	Staphylococcus pseudintermedius strain 53_60 chromosome	283734	2615959	2021/04/19	matched
CP040500.1	CAS-TypeIIA	Lactobacillus	Lactobacillaceae	Lactobacillales	Bacilli	Firmicutes	18	8	8	8	reverse		18	C	28		needs_exact_same_strain_protein_and_experimental_gold	aggregate_consensus_flanks_no_raw_target_ids	Lactobacillus paragasseri JV-V03 chromosome, complete genome	525326	1967870	2019/05/29	matched
FO681347.1	CAS-TypeIIC	Acholeplasma	Acholeplasmataceae	Acholeplasmatales	Mollicutes	Tenericutes	35	8	8	8	reverse		35	C	28		needs_exact_same_strain_protein_and_experimental_gold	aggregate_consensus_flanks_no_raw_target_ids	complete chromosome Acholeplasma palmae	1318466	1554229	2016/11/03	matched
LS483520.1	CAS-TypeIIA	Streptococcus	Streptococcaceae	Lactobacillales	Bacilli	Firmicutes	8	8	8	8	forward		8	C	28		needs_exact_same_strain_protein_and_experimental_gold	aggregate_consensus_flanks_no_raw_target_ids	Streptococcus pyogenes strain NCTC8322 genome assembly, chromosome: 1	1314	1829590	2018/06/17	matched
LT714196.1	CAS-TypeIIA	Streptococcus	Streptococcaceae	Lactobacillales	Bacilli	Firmicutes	12	8	8	8	forward		12	C	28		needs_exact_same_strain_protein_and_experimental_gold	aggregate_consensus_flanks_no_raw_target_ids	Streptococcus agalactiae isolate BM110 genome assembly, chromosome: I	1311	2170276	2017/05/18	matched
AL157959.1	CAS-TypeIIC	Neisseria	Neisseriaceae	Neisseriales	Betaproteobacteria	Proteobacteria	15	7	7	7	forward		15	C	27		needs_exact_same_strain_protein_and_experimental_gold	aggregate_consensus_flanks_no_raw_target_ids	Neisseria meningitidis serogroup A strain Z2491 complete genome	122587	2184406	2015/02/06	matched
AP011114.1	CAS-TypeIIA	Streptococcus	Streptococcaceae	Lactobacillales	Bacilli	Firmicutes	7	7	7	7	reverse		7	C	27		needs_exact_same_strain_protein_and_experimental_gold	aggregate_consensus_flanks_no_raw_target_ids	Streptococcus dysgalactiae subsp. equisimilis RE378 DNA, complete genome	617121	2151145	2024/06/12	matched
AP017623.1	CAS-TypeIIA	Enterococcus	Enterococcaceae	Lactobacillales	Bacilli	Firmicutes	11	7	7	7	forward		11	C	27		needs_exact_same_strain_protein_and_experimental_gold	aggregate_consensus_flanks_no_raw_target_ids	Enterococcus faecalis DNA, complete genome, strain: W11	1351	2704865	2016/08/05	matched
CM003139.1	CAS-TypeIIC	Streptococcus	Streptococcaceae	Lactobacillales	Bacilli	Firmicutes	10	7	7	7	forward		10	C	27		needs_exact_same_strain_protein_and_experimental_gold	aggregate_consensus_flanks_no_raw_target_ids	Streptococcus thermophilus TH985 chromosome, whole genome shotgun sequence	1435972	1789956	2015/02/18	matched
CP000814.1	CAS-TypeIIC	Campylobacter	Campylobacteraceae	Campylobacterales	Epsilonproteobacteria	Proteobacteria	7	7	7	7	reverse	TnnTnnnnnnX	7	C	37		needs_exact_same_strain_protein_and_experimental_gold	aggregate_consensus_flanks_no_raw_target_ids	Campylobacter jejuni subsp. jejuni 81116, complete genome	407148	1628115	2014/01/30	matched
CP002633.1	CAS-TypeIIC	Streptococcus	Streptococcaceae	Lactobacillales	Bacilli	Firmicutes	20	7	7	7	reverse		20	C	27		needs_exact_same_strain_protein_and_experimental_gold	aggregate_consensus_flanks_no_raw_target_ids	Streptococcus suis ST3, complete genome	1007064	2028815	2014/01/30	matched
CP003810.1	CAS-TypeIIA	Streptococcus	Streptococcaceae	Lactobacillales	Bacilli	Firmicutes	8	7	7	7	forward	XnGG	8	C	37		needs_exact_same_strain_protein_and_experimental_gold	aggregate_consensus_flanks_no_raw_target_ids	Streptococcus agalactiae GD201008-001, complete genome	1203670	2063112	2014/01/30	matched
CP007023.1	CAS-TypeIIA	Streptococcus	Streptococcaceae	Lactobacillales	Bacilli	Firmicutes	8	7	7	7	forward		8	C	27		needs_exact_same_strain_protein_and_experimental_gold	aggregate_consensus_flanks_no_raw_target_ids	Streptococcus pyogenes STAB1102 genome	1437008	1709442	2014/10/01	matched
CP007240.1	CAS-TypeIIA	Streptococcus	Streptococcaceae	Lactobacillales	Bacilli	Firmicutes	8	7	7	7	forward		8	registered	27	sp7f7-published-flanks	registered_retrospective_system	aggregate_consensus_flanks_no_raw_target_ids	Streptococcus pyogenes strain 7F7, complete genome	1314	1709790	2014/10/20	matched
CP007772.1	CAS-TypeIIC	Campylobacter	Campylobacteraceae	Campylobacterales	Epsilonproteobacteria	Proteobacteria	19	7	7	7	forward		19	C	27		needs_exact_same_strain_protein_and_experimental_gold	aggregate_consensus_flanks_no_raw_target_ids	Campylobacter subantarcticus LMG 24374, complete genome	1388751	1782536	2016/08/25	matched
CP009238.1	CAS-TypeIIC	Basilea	Alcaligenaceae	Burkholderiales	Betaproteobacteria	Proteobacteria	24	7	7	7	forward		24	C	27		needs_exact_same_strain_protein_and_experimental_gold	aggregate_consensus_flanks_no_raw_target_ids	Basilea psittacipulmonis DSM 24701, complete genome	1072685	1959069	2014/08/27	matched
CP010319.1	CAS-TypeIIA	Streptococcus	Streptococcaceae	Lactobacillales	Bacilli	Firmicutes	9	7	7	7	forward	XnGG	9	C	37		needs_exact_same_strain_protein_and_experimental_gold	aggregate_consensus_flanks_no_raw_target_ids	Streptococcus agalactiae strain GBS85147, complete genome	1311	1996151	2016/06/07	matched
CP011325.1	CAS-TypeIIA	Streptococcus	Streptococcaceae	Lactobacillales	Bacilli	Firmicutes	8	7	7	7	forward	XnGG	8	C	37		needs_exact_same_strain_protein_and_experimental_gold	aggregate_consensus_flanks_no_raw_target_ids	Streptococcus agalactiae strain HN016, complete genome	1311	2064722	2015/11/10	matched
CP011326.1	CAS-TypeIIA	Streptococcus	Streptococcaceae	Lactobacillales	Bacilli	Firmicutes	7	7	7	7	forward	XnGG	7	C	37		needs_exact_same_strain_protein_and_experimental_gold	aggregate_consensus_flanks_no_raw_target_ids	Streptococcus agalactiae strain YM001 genome	1311	2047957	2015/11/10	matched
CP011327.1	CAS-TypeIIA	Streptococcus	Streptococcaceae	Lactobacillales	Bacilli	Firmicutes	8	7	7	7	forward	XnGG	8	C	37		needs_exact_same_strain_protein_and_experimental_gold	aggregate_consensus_flanks_no_raw_target_ids	Streptococcus agalactiae strain GX064 genome	1311	2064350	2015/08/03	matched
CP012480.1	CAS-TypeIIA	Streptococcus	Streptococcaceae	Lactobacillales	Bacilli	Firmicutes	8	7	7	7	forward		8	C	27		needs_exact_same_strain_protein_and_experimental_gold	aggregate_consensus_flanks_no_raw_target_ids	Streptococcus agalactiae strain NGBS128, complete genome	1311	2074179	2016/03/10	matched
CP013118.1	CAS-TypeIIC	Salinivirga	Salinivirgaceae	Marinilabiliales	Bacteroidia	Bacteroidetes	112	32	7	7	reverse		112	C	27		needs_exact_same_strain_protein_and_experimental_gold	aggregate_consensus_flanks_no_raw_target_ids	Salinivirga cyanobacteriivorans strain L21-Spi-D4, complete genome	1307839	4812386	2017/10/11	matched
CP014907.1	CAS-TypeIIA	Lactobacillus	Lactobacillaceae	Lactobacillales	Bacilli	Firmicutes	14	7	7	7	reverse		14	C	27		needs_exact_same_strain_protein_and_experimental_gold	aggregate_consensus_flanks_no_raw_target_ids	Fructilactobacillus lindneri strain TMW 1.481 chromosome, complete genome	53444	1416623	2016/08/10	matched
CP014912.1	CAS-TypeIIA	Lactobacillus	Lactobacillaceae	Lactobacillales	Bacilli	Firmicutes	14	7	7	7	forward		14	C	27		needs_exact_same_strain_protein_and_experimental_gold	aggregate_consensus_flanks_no_raw_target_ids	Secundilactobacillus paracollinoides strain TMW 1.1979 chromosome, complete genome	240427	3235324	2016/08/10	matched
CP016534.2	CAS-TypeIIC	Planococcus	Planococcaceae	Bacillales	Bacilli	Firmicutes	22	7	7	7	reverse		22	C	27		needs_exact_same_strain_protein_and_experimental_gold	aggregate_consensus_flanks_no_raw_target_ids	Planococcus antarcticus DSM 14505, complete genome	1185653	3765545	2016/11/01	matched
CP016660.1	CAS-TypeIIC	Neisseria	Neisseriaceae	Neisseriales	Betaproteobacteria	Proteobacteria	15	7	7	7	reverse		15	C	27		needs_exact_same_strain_protein_and_experimental_gold	aggregate_consensus_flanks_no_raw_target_ids	Neisseria meningitidis strain M22804, complete genome	487	2174791	2016/08/02	matched
CP016682.1	CAS-TypeIIC	Neisseria	Neisseriaceae	Neisseriales	Betaproteobacteria	Proteobacteria	19	7	7	7	reverse		19	C	27		needs_exact_same_strain_protein_and_experimental_gold	aggregate_consensus_flanks_no_raw_target_ids	Neisseria meningitidis strain M24705, complete genome	487	2175832	2016/08/02	matched
CP017875.1	CAS-TypeIIC	Campylobacter	Campylobacteraceae	Campylobacterales	Epsilonproteobacteria	Proteobacteria	16	7	7	7	forward|reverse		16	C	17		needs_exact_same_strain_protein_and_experimental_gold	aggregate_consensus_flanks_no_raw_target_ids	Campylobacter coli strain ZV1224 chromosome, complete genome	195	1837306	2016/11/03	matched
CP018102.1	CAS-TypeIIA	Enterococcus	Enterococcaceae	Lactobacillales	Bacilli	Firmicutes	9	7	7	7	forward		9	C	27		needs_exact_same_strain_protein_and_experimental_gold	aggregate_consensus_flanks_no_raw_target_ids					not_resolved
CP020420.2	CAS-TypeIIC	Neisseria	Neisseriaceae	Neisseriales	Betaproteobacteria	Proteobacteria	17	7	7	7	reverse		17	C	27		needs_exact_same_strain_protein_and_experimental_gold	aggregate_consensus_flanks_no_raw_target_ids	Neisseria meningitidis strain FDAARGOS_209 chromosome, complete genome	487	2181232	2019/09/30	matched
CP020768.1	CAS-TypeIIC	Staphylococcus	Staphylococcaceae	Bacillales	Bacilli	Firmicutes	11	7	7	7	forward		11	C	27		needs_exact_same_strain_protein_and_experimental_gold	aggregate_consensus_flanks_no_raw_target_ids	Staphylococcus lugdunensis strain C_33, complete sequence	28035	2481183	2017/05/01	matched
CP023543.1	CAS-TypeIIC	Campylobacter	Campylobacteraceae	Campylobacterales	Epsilonproteobacteria	Proteobacteria	7	7	7	7	reverse		7	C	27		needs_exact_same_strain_protein_and_experimental_gold	aggregate_consensus_flanks_no_raw_target_ids	Campylobacter jejuni strain CFSAN032806 chromosome, complete genome	197	1727779	2017/10/02	matched
CP025026.1	CAS-TypeIIA	Streptococcus	Streptococcaceae	Lactobacillales	Bacilli	Firmicutes	7	7	7	7	forward	XnGG	7	C	37		needs_exact_same_strain_protein_and_experimental_gold	aggregate_consensus_flanks_no_raw_target_ids	Streptococcus agalactiae strain SGEHI2015-113 chromosome, complete genome	1311	2043851	2017/12/06	matched
CP025281.1	CAS-TypeIIC	Campylobacter	Campylobacteraceae	Campylobacterales	Epsilonproteobacteria	Proteobacteria	10	7	7	7	reverse		10	C	27		needs_exact_same_strain_protein_and_experimental_gold	aggregate_consensus_flanks_no_raw_target_ids	Campylobacter coli strain YH503 chromosome, complete genome	195	1705805	2025/01/13	matched
CP026097.1	CAS-TypeIIA	Lactobacillus	Lactobacillaceae	Lactobacillales	Bacilli	Firmicutes	30	7	7	7	reverse		30	C	27		needs_exact_same_strain_protein_and_experimental_gold	aggregate_consensus_flanks_no_raw_target_ids	Lacticaseibacillus paracasei strain HDS-01 chromosome, complete genome	1597	3038767	2018/10/11	matched
CP026367.1	CAS-TypeIIC	Staphylococcus|Sulfitobacter	Rhodobacteraceae|Staphylococcaceae	Bacillales|Rhodobacterales	Alphaproteobacteria|Bacilli	Firmicutes|Proteobacteria	15	7	7	7	reverse		15	C	27		needs_exact_same_strain_protein_and_experimental_gold	aggregate_consensus_flanks_no_raw_target_ids	Sulfitobacter donghicola strain SB1155 chromosome, complete genome	421000	2469323	2019/01/29	matched
CP028187.1	CAS-TypeIIC	Campylobacter	Campylobacteraceae	Campylobacterales	Epsilonproteobacteria	Proteobacteria	13	13	7	7	forward		13	C	27		needs_exact_same_strain_protein_and_experimental_gold	aggregate_consensus_flanks_no_raw_target_ids	Campylobacter coli strain CFSAN054106 chromosome, complete genome	195	1894971	2018/04/02	matched
CP028977.1	CAS-TypeIIA	Lactobacillus	Lactobacillaceae	Lactobacillales	Bacilli	Firmicutes	18	7	7	7	forward		18	C	27		needs_exact_same_strain_protein_and_experimental_gold	aggregate_consensus_flanks_no_raw_target_ids	Lactiplantibacillus plantarum strain LQ80 chromosome, complete genome	1590	3230192	2018/05/08	matched
CP033199.1	CAS-TypeIIA	Streptococcus	Streptococcaceae	Lactobacillales	Bacilli	Firmicutes	11	7	7	7	forward		11	C	27		needs_exact_same_strain_protein_and_experimental_gold	aggregate_consensus_flanks_no_raw_target_ids	Streptococcus mutans strain LAB761 chromosome, complete genome	1309	2076490	2018/10/29	matched
CP033926.1	CAS-TypeIIC	Chryseobacterium	Flavobacteriaceae	Flavobacteriales	Flavobacteriia	Bacteroidetes	25	7	7	7	reverse		25	C	27		needs_exact_same_strain_protein_and_experimental_gold	aggregate_consensus_flanks_no_raw_target_ids	Chryseobacterium joostei strain DSM 16927 chromosome, complete genome	112234	4860412	2018/11/25	matched
CP034315.1	CAS-TypeIIA	Streptococcus	Streptococcaceae	Lactobacillales	Bacilli	Firmicutes	8	7	7	7	forward	XnGG	8	C	37		needs_exact_same_strain_protein_and_experimental_gold	aggregate_consensus_flanks_no_raw_target_ids	Streptococcus agalactiae strain TFJ0901 chromosome, complete genome	1311	2080936	2018/12/12	matched
CP034694.1	CAS-TypeIIA	Lactobacillus	Lactobacillaceae	Lactobacillales	Bacilli	Firmicutes	10	7	7	7	reverse		10	C	27		needs_exact_same_strain_protein_and_experimental_gold	aggregate_consensus_flanks_no_raw_target_ids	Lactiplantibacillus plantarum strain FBL-3a chromosome, complete genome	1590	3232240	2020/05/13	matched
HF952104.1	CAS-TypeIIA	Streptococcus	Streptococcaceae	Lactobacillales	Bacilli	Firmicutes	10	7	7	7	forward	XTGGnT|XnGG	10	C	37		needs_exact_same_strain_protein_and_experimental_gold	aggregate_consensus_flanks_no_raw_target_ids	Streptococcus agalactiae 09mas018883 complete genome	1309806	2138694	2014/06/25	matched
LR134288.1	CAS-TypeIIC	Streptococcus	Streptococcaceae	Lactobacillales	Bacilli	Firmicutes	8	7	7	7	forward		8	C	27		needs_exact_same_strain_protein_and_experimental_gold	aggregate_consensus_flanks_no_raw_target_ids	Streptococcus milleri strain NCTC11169 genome assembly, chromosome: 1	33040	1856804	2018/12/19	matched
LR134293.1	CAS-TypeIIA	Streptococcus	Streptococcaceae	Lactobacillales	Bacilli	Firmicutes	9	7	7	7	reverse		9	C	27		needs_exact_same_strain_protein_and_experimental_gold	aggregate_consensus_flanks_no_raw_target_ids	Streptococcus canis strain NCTC12191 genome assembly, chromosome: 1	1329	2084744	2018/12/19	matched
LR134525.1	CAS-TypeIIC	Neisseria	Neisseriaceae	Neisseriales	Betaproteobacteria	Proteobacteria	17	7	7	7	reverse		17	C	27		needs_exact_same_strain_protein_and_experimental_gold	aggregate_consensus_flanks_no_raw_target_ids	Neisseria meningitidis strain NCTC10025 genome assembly, chromosome: 1	487	2186098	2018/12/19	matched
LR594034.1	CAS-TypeIIA	Streptococcus	Streptococcaceae	Lactobacillales	Bacilli	Firmicutes	7	7	7	7	reverse		7	C	27		needs_exact_same_strain_protein_and_experimental_gold	aggregate_consensus_flanks_no_raw_target_ids	Streptococcus dysgalactiae subsp. equisimilis strain NCTC8546 genome assembly, chromosome: 1	119602	2212920	2019/05/17	matched
LR594046.1	CAS-TypeIIA	Streptococcus	Streptococcaceae	Lactobacillales	Bacilli	Firmicutes	8	7	7	7	reverse		8	C	27		needs_exact_same_strain_protein_and_experimental_gold	aggregate_consensus_flanks_no_raw_target_ids	Streptococcus dysgalactiae strain NCTC6403 genome assembly, chromosome: 1	1334	2200497	2019/05/17	matched
LS483329.1	CAS-TypeIIA	Streptococcus	Streptococcaceae	Lactobacillales	Bacilli	Firmicutes	8	7	7	7	reverse		8	C	27		needs_exact_same_strain_protein_and_experimental_gold	aggregate_consensus_flanks_no_raw_target_ids	Streptococcus pyogenes strain NCTC12058 genome assembly, chromosome: 1	1314	1768863	2018/06/17	matched
LS483366.1	CAS-TypeIIC	Streptococcus	Streptococcaceae	Lactobacillales	Bacilli	Firmicutes	8	7	7	7	reverse	XnnAAAGnnA	8	C	37		needs_exact_same_strain_protein_and_experimental_gold	aggregate_consensus_flanks_no_raw_target_ids	Streptococcus salivarius strain NCTC7366 genome assembly, chromosome: 1	1304	2184782	2018/06/17	matched
LS483425.1	CAS-TypeIIA	Streptococcus	Streptococcaceae	Lactobacillales	Bacilli	Firmicutes	7	7	7	7	reverse		7	C	27		needs_exact_same_strain_protein_and_experimental_gold	aggregate_consensus_flanks_no_raw_target_ids	Streptococcus pyogenes strain NCTC13737 genome assembly, chromosome: 1	1314	1819726	2018/06/17	matched
AL592022.1	CAS-TypeIIA	Listeria	Listeriaceae	Bacillales	Bacilli	Firmicutes	10	6	6	6	reverse		10	C	26		needs_exact_same_strain_protein_and_experimental_gold	aggregate_consensus_flanks_no_raw_target_ids	Listeria innocua Clip11262 complete genome	272626	3011208	2015/02/27	matched
AP018400.1	CAS-TypeIIC	Streptococcus	Streptococcaceae	Lactobacillales	Bacilli	Firmicutes	9	6	6	6	reverse		9	C	26		needs_exact_same_strain_protein_and_experimental_gold	aggregate_consensus_flanks_no_raw_target_ids	Streptococcus ruminantium GUT187T DNA, complete genome	1917441	2090539	2018/05/19	matched
CP002282.1	CAS-TypeIIC	Ilyobacter	Fusobacteriaceae	Fusobacteriales	Fusobacteriia	Fusobacteria	20	6	6	6	reverse		20	C	26		needs_exact_same_strain_protein_and_experimental_gold	aggregate_consensus_flanks_no_raw_target_ids	Ilyobacter polytropus DSM 2926 plasmid pILYOP01, complete sequence	572544	961624	2016/07/25	matched
CP002422.1	CAS-TypeIIC	Neisseria	Neisseriaceae	Neisseriales	Betaproteobacteria	Proteobacteria	16	6	6	6	reverse		16	C	26		needs_exact_same_strain_protein_and_experimental_gold	aggregate_consensus_flanks_no_raw_target_ids	Neisseria meningitidis M01-240355, complete genome	935588	2287777	2014/01/31	matched
CP003745.1	CAS-TypeIIC	Bibersteinia	Pasteurellaceae	Pasteurellales	Gammaproteobacteria	Proteobacteria	12	6	6	6	forward		12	C	26		needs_exact_same_strain_protein_and_experimental_gold	aggregate_consensus_flanks_no_raw_target_ids	Bibersteinia trehalosi USDA-ARS-USMARC-192, complete genome	1171377	2407846	2013/04/18	matched
CP005941.1	CAS-TypeIIA	Streptococcus	Streptococcaceae	Lactobacillales	Bacilli	Firmicutes	8	6	6	6	reverse		8	C	26		needs_exact_same_strain_protein_and_experimental_gold	aggregate_consensus_flanks_no_raw_target_ids	Streptococcus iniae SF1, complete genome	1318633	2149844	2014/03/14	matched
CP007188.1	CAS-TypeIIC	Campylobacter	Campylobacteraceae	Campylobacterales	Epsilonproteobacteria	Proteobacteria	6	6	6	6	forward		6	C	26		needs_exact_same_strain_protein_and_experimental_gold	aggregate_consensus_flanks_no_raw_target_ids	Campylobacter jejuni strain HF5-4A-4, complete genome	197	1821520	2017/01/13	matched
CP007189.1	CAS-TypeIIC	Campylobacter	Campylobacteraceae	Campylobacterales	Epsilonproteobacteria	Proteobacteria	7	6	6	6	reverse	TnnTnnnnnnX	7	C	36		needs_exact_same_strain_protein_and_experimental_gold	aggregate_consensus_flanks_no_raw_target_ids	Campylobacter jejuni strain HF5-5-1, complete genome	197	1629484	2017/01/13	matched
CP007190.1	CAS-TypeIIC	Campylobacter	Campylobacteraceae	Campylobacterales	Epsilonproteobacteria	Proteobacteria	7	6	6	6	reverse	TnnTnnnnnnX	7	C	36		needs_exact_same_strain_protein_and_experimental_gold	aggregate_consensus_flanks_no_raw_target_ids	Campylobacter jejuni strain HF5-7-1, complete genome	197	1629485	2017/01/13	matched
CP007503.1	CAS-TypeIIC	Riemerella	Flavobacteriaceae	Flavobacteriales	Flavobacteriia	Bacteroidetes	15	6	6	6	forward		15	C	26		needs_exact_same_strain_protein_and_experimental_gold	aggregate_consensus_flanks_no_raw_target_ids	Riemerella anatipestifer strain 17, complete genome	34085	2152519	2015/07/09	matched
CP007687.1	CAS-TypeIIA	Listeria	Listeriaceae	Bacillales	Bacilli	Firmicutes	11	6	6	6	reverse	XnGG	11	C	36		needs_exact_same_strain_protein_and_experimental_gold	aggregate_consensus_flanks_no_raw_target_ids	Listeria monocytogenes strain L2625, complete genome	1639	2896586	2015/06/03	matched
CP008747.1	CAS-TypeIIC	Staphylococcus	Staphylococcaceae	Bacillales	Bacilli	Firmicutes	14	6	6	6	forward		14	C	26		needs_exact_same_strain_protein_and_experimental_gold	aggregate_consensus_flanks_no_raw_target_ids	Staphylococcus hyicus strain ATCC 11249, complete genome	1284	2472129	2015/02/24	matched
CP014924.1	CAS-TypeIIA	Lactobacillus	Lactobacillaceae	Lactobacillales	Bacilli	Firmicutes	13	6	6	6	forward		13	C	26		needs_exact_same_strain_protein_and_experimental_gold	aggregate_consensus_flanks_no_raw_target_ids	Secundilactobacillus paracollinoides strain TMW 1.1995 chromosome, complete genome	240427	3437918	2016/08/10	matched
CP015398.1	CAS-TypeIIA	Lactobacillus	Lactobacillaceae	Lactobacillales	Bacilli	Firmicutes	17	6	6	6	reverse		17	C	26		needs_exact_same_strain_protein_and_experimental_gold	aggregate_consensus_flanks_no_raw_target_ids	Levilactobacillus brevis strain NPS-QW-145 chromosome, complete genome	1580	2552671	2016/06/27	matched
CP015857.1	CAS-TypeIIA	Lactobacillus	Lactobacillaceae	Lactobacillales	Bacilli	Firmicutes	7	6	6	6	reverse		7	C	26		needs_exact_same_strain_protein_and_experimental_gold	aggregate_consensus_flanks_no_raw_target_ids	Lactiplantibacillus plantarum strain LZ227, complete sequence	1590	3131750	2016/06/08	matched
CP017456.1	CAS-TypeIIC	Campylobacter	Campylobacteraceae	Campylobacterales	Epsilonproteobacteria	Proteobacteria	6	6	6	6	reverse		6	C	26		needs_exact_same_strain_protein_and_experimental_gold	aggregate_consensus_flanks_no_raw_target_ids	Campylobacter jejuni subsp. jejuni str. RM3420, complete genome	1340842	1666780	2025/09/16	matched
CP017952.1	CAS-TypeIIA	Streptococcus	Streptococcaceae	Lactobacillales	Bacilli	Firmicutes	9	6	6	6	reverse		9	C	26		needs_exact_same_strain_protein_and_experimental_gold	aggregate_consensus_flanks_no_raw_target_ids	Streptococcus iniae strain 89353 chromosome, complete genome	1346	2098647	2016/11/22	matched
CP018793.1	CAS-TypeIIB	Campylobacter	Campylobacteraceae	Campylobacterales	Epsilonproteobacteria	Proteobacteria	10	6	6	6	forward		10	C	26		needs_exact_same_strain_protein_and_experimental_gold	aggregate_consensus_flanks_no_raw_target_ids	Campylobacter vicugnae strain RM12175, complete genome	1660076	1583173	2017/05/15	matched
CP019621.1	CAS-TypeIIA	Listeria	Listeriaceae	Bacillales	Bacilli	Firmicutes	9	6	6	6	reverse	XnGG	9	C	36		needs_exact_same_strain_protein_and_experimental_gold	aggregate_consensus_flanks_no_raw_target_ids	Listeria monocytogenes strain 10-092876-1235 LM8, complete genome	1639	2966818	2017/02/14	matched
CP022079.1	CAS-TypeIIC	Campylobacter	Campylobacteraceae	Campylobacterales	Epsilonproteobacteria	Proteobacteria	7	6	6	6	forward		7	C	26		needs_exact_same_strain_protein_and_experimental_gold	aggregate_consensus_flanks_no_raw_target_ids	Campylobacter jejuni strain FDAARGOS_265 chromosome, complete genome	197	1649384	2019/09/30	matched
CP022385.1	CAS-TypeIIC	Capnocytophaga	Flavobacteriaceae	Flavobacteriales	Flavobacteriia	Bacteroidetes	6	6	6	6	reverse		6	C	26		needs_exact_same_strain_protein_and_experimental_gold	aggregate_consensus_flanks_no_raw_target_ids	Capnocytophaga sputigena strain KC1668 chromosome, complete genome	1019	3074746	2018/06/26	matched
CP028372.1	CAS-TypeIIC	Campylobacter	Campylobacteraceae	Campylobacterales	Epsilonproteobacteria	Proteobacteria	6	6	6	6	reverse		6	C	26		needs_exact_same_strain_protein_and_experimental_gold	aggregate_consensus_flanks_no_raw_target_ids	Campylobacter jejuni subsp. jejuni strain huA17 chromosome, complete genome	32022	1683497	2018/12/27	matched
CP031545.1	CAS-TypeIIA	Streptococcus	Streptococcaceae	Lactobacillales	Bacilli	Firmicutes	6	6	6	6	reverse	XnGGnG	6	C	36		needs_exact_same_strain_protein_and_experimental_gold	aggregate_consensus_flanks_no_raw_target_ids	Streptococcus thermophilus strain ST109 chromosome, complete genome	1308	1788866	2018/08/18	matched
CP031701.1	CAS-TypeIIA	Lactobacillus	Lactobacillaceae	Lactobacillales	Bacilli	Firmicutes	14	6	6	6	forward		14	C	26		needs_exact_same_strain_protein_and_experimental_gold	aggregate_consensus_flanks_no_raw_target_ids	Lactobacillus johnsonii strain IDCC9203 chromosome, complete genome	33959	1898461	2018/08/26	matched
CP032654.1	CAS-TypeIIA	Lactobacillus	Lactobacillaceae	Lactobacillales	Bacilli	Firmicutes	23	6	6	6	forward		23	C	26		needs_exact_same_strain_protein_and_experimental_gold	aggregate_consensus_flanks_no_raw_target_ids	Lactiplantibacillus pentosus strain ZFM222 chromosome, complete genome	1589	3564857	2018/10/08	matched
CP032659.1	CAS-TypeIIA	Lactobacillus	Lactobacillaceae	Lactobacillales	Bacilli	Firmicutes	23	6	6	6	forward		23	C	26		needs_exact_same_strain_protein_and_experimental_gold	aggregate_consensus_flanks_no_raw_target_ids	Lactiplantibacillus pentosus strain ZFM94 chromosome, complete genome	1589	3564833	2018/10/08	matched
LS483304.1	CAS-TypeIIC	Staphylococcus	Staphylococcaceae	Bacillales	Bacilli	Firmicutes	14	6	6	6	forward		14	C	26		needs_exact_same_strain_protein_and_experimental_gold	aggregate_consensus_flanks_no_raw_target_ids	Staphylococcus hyicus strain NCTC10350 genome assembly, chromosome: 1	1284	2472120	2018/06/17	matched
LS483321.1	CAS-TypeIIA	Streptococcus	Streptococcaceae	Lactobacillales	Bacilli	Firmicutes	6	6	6	6	reverse		6	C	26		needs_exact_same_strain_protein_and_experimental_gold	aggregate_consensus_flanks_no_raw_target_ids	Streptococcus pyogenes strain NCTC8314 genome assembly, chromosome: 1	1314	1862643	2018/06/17	matched
LS483369.1	CAS-TypeIIC	Neisseria	Neisseriaceae	Neisseriales	Betaproteobacteria	Proteobacteria	7	6	6	6	forward		7	C	26		needs_exact_same_strain_protein_and_experimental_gold	aggregate_consensus_flanks_no_raw_target_ids	Neisseria cinerea strain NCTC10294 genome assembly, chromosome: 1	483	1832904	2018/06/17	matched
LT220504.1	CAS-TypeIIA	Lactobacillus	Lactobacillaceae	Lactobacillales	Bacilli	Firmicutes	30	6	6	6	forward		30	C	26		needs_exact_same_strain_protein_and_experimental_gold	aggregate_consensus_flanks_no_raw_target_ids	Lactobacillus rhamnosus strain BPL5 genome assembly, chromosome: I	47715	3024027	2016/03/01	matched
AM889285.1	CAS-TypeIIC	Gluconacetobacter	Acetobacteraceae	Rhodospirillales	Alphaproteobacteria	Proteobacteria	10	5	5	5	forward		10	C	25		needs_exact_same_strain_protein_and_experimental_gold	aggregate_consensus_flanks_no_raw_target_ids	Gluconacetobacter diazotrophicus PAl 5 complete genome	272568	3944163	2015/02/27	matched
AP009510.1	CAS-TypeIIC					Elusimicrobia	22	5	5	5	reverse		22	C	25		needs_exact_same_strain_protein_and_experimental_gold	aggregate_consensus_flanks_no_raw_target_ids	Candidatus Endomicrobium trichonymphae Rs-D17 genomovar Ri2008 DNA, complete genome	1408204	1125857	2020/07/15	matched
AP012336.1	CAS-TypeIIA	Streptococcus	Streptococcaceae	Lactobacillales	Bacilli	Firmicutes	8	5	5	5	forward		8	C	25		needs_exact_same_strain_protein_and_experimental_gold	aggregate_consensus_flanks_no_raw_target_ids	Streptococcus mutans LJ23 DNA, complete genome	1155071	2015626	2024/04/04	matched
AP018405.1	CAS-TypeIIA	Lactobacillus	Lactobacillaceae	Lactobacillales	Bacilli	Firmicutes	6	5	5	5	reverse		6	C	25		needs_exact_same_strain_protein_and_experimental_gold	aggregate_consensus_flanks_no_raw_target_ids	Lactobacillus plantarum SN35N DNA, complete genome	1590	3267626	2018/08/10	matched
AP018718.1	CAS-TypeIIC		Sterolibacteriaceae	Nitrosomonadales	Betaproteobacteria	Proteobacteria	14	5	5	5	reverse		14	C	25		needs_exact_same_strain_protein_and_experimental_gold	aggregate_consensus_flanks_no_raw_target_ids	Sterolibacteriaceae bacterium J5B DNA, complete genome	2211108	2559497	2019/03/13	matched
CP000381.1	CAS-TypeIIC	Neisseria	Neisseriaceae	Neisseriales	Betaproteobacteria	Proteobacteria	9	5	5	5	forward		9	C	25		needs_exact_same_strain_protein_and_experimental_gold	aggregate_consensus_flanks_no_raw_target_ids	Neisseria meningitidis 053442, complete genome	374833	2153416	2014/01/31	matched
CP001084.2	CAS-TypeIIA	Lactobacillus	Lactobacillaceae	Lactobacillales	Bacilli	Firmicutes	16	5	5	5	reverse		16	C	25		needs_exact_same_strain_protein_and_experimental_gold	aggregate_consensus_flanks_no_raw_target_ids	Lactobacillus paracasei strain Zhang, complete genome	1597	2861969	2018/10/11	matched
CP002346.1	CAS-TypeIIC	Riemerella	Flavobacteriaceae	Flavobacteriales	Flavobacteriia	Bacteroidetes	12	5	5	5	forward		12	C	25		needs_exact_same_strain_protein_and_experimental_gold	aggregate_consensus_flanks_no_raw_target_ids	Riemerella anatipestifer DSM 15868, complete genome	693978	2155121	2014/01/06	matched
CP002452.1	CAS-TypeIIC	Nitratifractor		Campylobacterales	Epsilonproteobacteria	Proteobacteria	11	5	5	5	forward		11	C	25		needs_exact_same_strain_protein_and_experimental_gold	aggregate_consensus_flanks_no_raw_target_ids	Nitratifractor salsuginis DSM 16511, complete genome	749222	2101285	2015/01/08	matched
CP002562.1	CAS-TypeIIC	Riemerella	Flavobacteriaceae	Flavobacteriales	Flavobacteriia	Bacteroidetes	12	5	5	5	reverse		12	C	25		needs_exact_same_strain_protein_and_experimental_gold	aggregate_consensus_flanks_no_raw_target_ids	Riemerella anatipestifer RA-GD, complete genome	992406	2166384	2014/01/30	matched
CP003388.1	CAS-TypeIIC	Riemerella	Flavobacteriaceae	Flavobacteriales	Flavobacteriia	Bacteroidetes	12	5	5	5	forward		12	C	25		needs_exact_same_strain_protein_and_experimental_gold	aggregate_consensus_flanks_no_raw_target_ids	Riemerella anatipestifer ATCC 11845 = DSM 15868, complete genome	693978	2164087	2014/01/30	matched
CP004020.1	CAS-TypeIIC	Riemerella	Flavobacteriaceae	Flavobacteriales	Flavobacteriia	Bacteroidetes	15	5	5	5	reverse		15	C	25		needs_exact_same_strain_protein_and_experimental_gold	aggregate_consensus_flanks_no_raw_target_ids	Riemerella anatipestifer RA-CH-2, complete genome	1271752	2166321	2014/06/24	matched
CP006254.2	CAS-TypeIIC	Geobacillus	Bacillaceae	Bacillales	Bacilli	Firmicutes	7	5	5	5	forward		7	C	25		needs_exact_same_strain_protein_and_experimental_gold	aggregate_consensus_flanks_no_raw_target_ids	Geobacillus genomosp. 3 strain JF8, complete sequence	1921421	3446630	2019/01/18	matched
CP007035.1	CAS-TypeIIC	Niabella	Chitinophagaceae	Chitinophagales	Chitinophagia	Bacteroidetes	35	5	5	5	forward		35	C	25		needs_exact_same_strain_protein_and_experimental_gold	aggregate_consensus_flanks_no_raw_target_ids	Niabella soli DSM 19437, complete genome	929713	4697343	2014/06/11	matched
CP007504.1	CAS-TypeIIC	Riemerella	Flavobacteriaceae	Flavobacteriales	Flavobacteriia	Bacteroidetes	15	5	5	5	forward		10	C	25		needs_exact_same_strain_protein_and_experimental_gold	aggregate_consensus_flanks_no_raw_target_ids	Riemerella anatipestifer strain 153, complete genome	34085	2160281	2015/07/09	matched
CP007766.1	CAS-TypeIIC	Campylobacter	Campylobacteraceae	Campylobacterales	Epsilonproteobacteria	Proteobacteria	11	5	5	5	reverse		11	C	25		needs_exact_same_strain_protein_and_experimental_gold	aggregate_consensus_flanks_no_raw_target_ids	Campylobacter peloridis LMG 23910, complete genome	1388753	1711369	2016/07/25	matched
CP007775.1	CAS-TypeIIC	Campylobacter	Campylobacteraceae	Campylobacterales	Epsilonproteobacteria	Proteobacteria	13	5	5	5	forward		13	C	25		needs_exact_same_strain_protein_and_experimental_gold	aggregate_consensus_flanks_no_raw_target_ids	Campylobacter lari NCTC 11845 chromosome, complete genome	1388749	1791508	2016/08/24	matched
CP009762.1	CAS-TypeIIC	Staphylococcus	Staphylococcaceae	Bacillales	Bacilli	Firmicutes	5	5	5	5	reverse	XnnGAA	5	C	35		needs_exact_same_strain_protein_and_experimental_gold	aggregate_consensus_flanks_no_raw_target_ids	Staphylococcus schleiferi strain 2142-05, complete genome	1295	2419762	2015/09/23	matched
CP010307.1	CAS-TypeIIC	Campylobacter	Campylobacteraceae	Campylobacterales	Epsilonproteobacteria	Proteobacteria	6	5	5	5	reverse		6	C	25		needs_exact_same_strain_protein_and_experimental_gold	aggregate_consensus_flanks_no_raw_target_ids	Campylobacter jejuni subsp. jejuni strain 00-6200, complete genome	32022	1670781	2015/02/10	matched
CP010904.1	CAS-TypeIIC	Kiritimatiella	Kiritimatiellaceae	Kiritimatiellales	Kiritimatiellae	Kiritimatiellaeota	28	5	5	5	reverse		28	C	25		needs_exact_same_strain_protein_and_experimental_gold	aggregate_consensus_flanks_no_raw_target_ids	Kiritimatiella glycovorans strain L21-Fru-AB, complete genome	1307763	2949723	2017/09/21	matched
CP011308.1	CAS-TypeIIC	Sulfurovum			Epsilonproteobacteria	Proteobacteria	23	5	5	5	reverse		23	C	25		needs_exact_same_strain_protein_and_experimental_gold	aggregate_consensus_flanks_no_raw_target_ids	Sulfurovum lithotrophicum strain ATCC BAA-797, complete genome	206403	2217891	2015/05/04	matched
CP011859.1	CAS-TypeIIC	Riemerella	Flavobacteriaceae	Flavobacteriales	Flavobacteriia	Bacteroidetes	6	5	5	5	forward		6	C	25		needs_exact_same_strain_protein_and_experimental_gold	aggregate_consensus_flanks_no_raw_target_ids	Riemerella anatipestifer strain HXb2, complete genome	34085	2425237	2017/03/13	matched
CP014742.1	CAS-TypeIIC	Campylobacter	Campylobacteraceae	Campylobacterales	Epsilonproteobacteria	Proteobacteria	6	5	5	5	reverse		6	C	25		needs_exact_same_strain_protein_and_experimental_gold	aggregate_consensus_flanks_no_raw_target_ids	Campylobacter jejuni strain WP2202, complete genome	197	1681907	2016/03/11	matched
CP015285.1	CAS-TypeIIC	Azospirillum	Rhodospirillaceae	Rhodospirillales	Alphaproteobacteria	Proteobacteria	8	5	5	5	forward		8	C	25		needs_exact_same_strain_protein_and_experimental_gold	aggregate_consensus_flanks_no_raw_target_ids	Azospirillum humicireducens strain SgZ-5, complete genome	1226968	3181617	2018/04/19	matched
CP015408.2	CAS-TypeIIA	Lactobacillus	Lactobacillaceae	Lactobacillales	Bacilli	Firmicutes	6	5	5	5	forward		6	C	25		needs_exact_same_strain_protein_and_experimental_gold	aggregate_consensus_flanks_no_raw_target_ids	Limosilactobacillus reuteri strain I49, complete genome	1598	2044771	2017/04/05	matched
CP016797.1	CAS-TypeIIA	Lactobacillus	Lactobacillaceae	Lactobacillales	Bacilli	Firmicutes	10	5	5	5	forward		10	C	25		needs_exact_same_strain_protein_and_experimental_gold	aggregate_consensus_flanks_no_raw_target_ids	Levilactobacillus brevis strain TMW 1.2112, complete sequence	1580	2488939	2017/05/02	matched
CP017863.1	CAS-TypeIIC	Campylobacter	Campylobacteraceae	Campylobacterales	Epsilonproteobacteria	Proteobacteria	7	5	5	5	reverse		7	C	25		needs_exact_same_strain_protein_and_experimental_gold	aggregate_consensus_flanks_no_raw_target_ids	Campylobacter jejuni strain IF1100 chromosome, complete genome	197	1744171	2016/11/03	matched
CP019750.1	CAS-TypeIIA	Lactobacillus	Lactobacillaceae	Lactobacillales	Bacilli	Firmicutes	10	5	5	5	forward		10	C	25		needs_exact_same_strain_protein_and_experimental_gold	aggregate_consensus_flanks_no_raw_target_ids	Levilactobacillus brevis strain TMW 1.2113 chromosome, complete genome	1580	2537412	2017/05/02	matched
CP019965.1	CAS-TypeIIC	Campylobacter	Campylobacteraceae	Campylobacterales	Epsilonproteobacteria	Proteobacteria	5	5	5	5	reverse		5	C	25		needs_exact_same_strain_protein_and_experimental_gold	aggregate_consensus_flanks_no_raw_target_ids	Campylobacter jejuni strain NCTC12662 chromosome, complete genome	197	1612586	2017/03/10	matched
CP020045.1	CAS-TypeIIC	Campylobacter	Campylobacteraceae	Campylobacterales	Epsilonproteobacteria	Proteobacteria	5	5	5	5	reverse		5	C	25		needs_exact_same_strain_protein_and_experimental_gold	aggregate_consensus_flanks_no_raw_target_ids	Campylobacter jejuni subsp. jejuni strain ATCC 35925, complete genome	32022	1618194	2017/03/15	matched
CP020867.1	CAS-TypeIIC	Campylobacter	Campylobacteraceae	Campylobacterales	Epsilonproteobacteria	Proteobacteria	18	5	5	5	forward		18	C	25		needs_exact_same_strain_protein_and_experimental_gold	aggregate_consensus_flanks_no_raw_target_ids	Campylobacter cuniculorum DSM 23162 = LMG 24588 chromosome, complete genome	1121267	1931011	2017/04/21	matched
CP022383.1	CAS-TypeIIC	Capnocytophaga	Flavobacteriaceae	Flavobacteriales	Flavobacteriia	Bacteroidetes	7	5	5	5	forward		7	C	25		needs_exact_same_strain_protein_and_experimental_gold	aggregate_consensus_flanks_no_raw_target_ids	Capnocytophaga sputigena strain H4486 chromosome, complete genome	1019	3098616	2018/06/26	matched
CP022470.1	CAS-TypeIIC	Campylobacter	Campylobacteraceae	Campylobacterales	Epsilonproteobacteria	Proteobacteria	6	5	5	5	reverse	TnnTnnnnnnX	6	C	35		needs_exact_same_strain_protein_and_experimental_gold	aggregate_consensus_flanks_no_raw_target_ids	Campylobacter jejuni strain RM1246-ERRC chromosome, complete genome	197	1659694	2017/07/27	matched
CP022615.1	CAS-TypeIIA	Gemella		Bacillales	Bacilli	Firmicutes	9	5	5	5	forward		9	C	25		needs_exact_same_strain_protein_and_experimental_gold	aggregate_consensus_flanks_no_raw_target_ids	Gemella sp. ND 6198 chromosome, complete genome	2040624	1797925	2018/08/08	matched
CP024058.1	CAS-TypeIIA	Lactobacillus	Lactobacillaceae	Lactobacillales	Bacilli	Firmicutes	13	5	5	5	reverse		13	C	25		needs_exact_same_strain_protein_and_experimental_gold	aggregate_consensus_flanks_no_raw_target_ids	Lactiplantibacillus plantarum strain KACC 92189 chromosome, complete genome	1590	3241428	2018/10/29	matched
CP024635.1	CAS-TypeIIA	Lactobacillus	Lactobacillaceae	Lactobacillales	Bacilli	Firmicutes	8	5	5	5	forward		8	C	25		needs_exact_same_strain_protein_and_experimental_gold	aggregate_consensus_flanks_no_raw_target_ids	Levilactobacillus brevis strain BDGP6 chromosome, complete genome	1580	2785111	2017/11/08	matched
CP025471.1	CAS-TypeIIA	Pediococcus	Lactobacillaceae	Lactobacillales	Bacilli	Firmicutes	11	5	5	5	forward		11	C	25		needs_exact_same_strain_protein_and_experimental_gold	aggregate_consensus_flanks_no_raw_target_ids	Pediococcus acidilactici strain PB22 chromosome, complete genome	1254	1955616	2018/12/20	matched
CP028911.1	CAS-TypeIIC	Campylobacter	Campylobacteraceae	Campylobacterales	Epsilonproteobacteria	Proteobacteria	5	5	5	5	reverse		5	C	25		needs_exact_same_strain_protein_and_experimental_gold	aggregate_consensus_flanks_no_raw_target_ids	Campylobacter jejuni strain NCTC 12661 chromosome, complete genome	197	1614396	2018/04/23	matched
CP029829.1	CAS-TypeIIC	Azospirillum	Rhodospirillaceae	Rhodospirillales	Alphaproteobacteria	Proteobacteria	13	5	5	5	forward		0	C	15		needs_exact_same_strain_protein_and_experimental_gold	aggregate_consensus_flanks_no_raw_target_ids	Azospirillum ramasamyi strain M2T2B2 chromosome, complete genome	682998	2705409	2020/09/17	matched
CP032159.1	CAS-TypeIIC	Staphylococcus	Staphylococcaceae	Bacillales	Bacilli	Firmicutes	9	5	5	5	forward	XAnGG	9	C	35		needs_exact_same_strain_protein_and_experimental_gold	aggregate_consensus_flanks_no_raw_target_ids	Staphylococcus warneri strain 22.1 chromosome st_war_22.1, complete sequence	1292	2515743	2018/09/16	matched
CP033809.1	CAS-TypeIIA	Streptococcus	Streptococcaceae	Lactobacillales	Bacilli	Firmicutes	17	5	5	5	reverse		17	C	25		needs_exact_same_strain_protein_and_experimental_gold	aggregate_consensus_flanks_no_raw_target_ids	Streptococcus sp. FDAARGOS_521 chromosome, complete genome	2420309	2157002	2019/02/11	matched
CP035055.1	CAS-TypeIIA	Lactobacillus	Lactobacillaceae	Lactobacillales	Bacilli	Firmicutes	7	5	5	5	reverse		7	C	25		needs_exact_same_strain_protein_and_experimental_gold	aggregate_consensus_flanks_no_raw_target_ids	Limosilactobacillus fermentum strain SRCM 103290 chromosome, complete genome	1613	2120877	2019/01/20	matched
HG939456.1	CAS-TypeIIA	Streptococcus	Streptococcaceae	Lactobacillales	Bacilli	Firmicutes	5	5	5	5	forward		5	C	25		needs_exact_same_strain_protein_and_experimental_gold	aggregate_consensus_flanks_no_raw_target_ids	Streptococcus agalactiae, strain COH1, complete genome	342616	2065074	2023/07/14	matched
LR134272.1	CAS-TypeIIA	Streptococcus	Streptococcaceae	Lactobacillales	Bacilli	Firmicutes	5	5	5	5	forward		5	C	25		needs_exact_same_strain_protein_and_experimental_gold	aggregate_consensus_flanks_no_raw_target_ids	Streptococcus pyogenes strain NCTC12060 genome assembly, chromosome: 1	1314	1768145	2018/12/19	matched
LR134394.1	CAS-TypeIIA	Listeria	Listeriaceae	Bacillales	Bacilli	Firmicutes	10	5	5	5	reverse		10	C	25		needs_exact_same_strain_protein_and_experimental_gold	aggregate_consensus_flanks_no_raw_target_ids	Listeria ivanovii subsp. londoniensis strain NCTC12701 genome assembly, chromosome: 1	202752	3007116	2018/12/19	matched
LR134404.1	CAS-TypeIIC	Weeksella	Flavobacteriaceae	Flavobacteriales	Flavobacteriia	Bacteroidetes	20	5	5	5	reverse		20	C	25		needs_exact_same_strain_protein_and_experimental_gold	aggregate_consensus_flanks_no_raw_target_ids	Weeksella virosa strain NCTC11634 genome assembly, chromosome: 1	1014	2287133	2018/12/19	matched
LR134530.1	CAS-TypeIIC	Campylobacter	Campylobacteraceae	Campylobacterales	Epsilonproteobacteria	Proteobacteria	5	5	5	5	reverse		5	C	25		needs_exact_same_strain_protein_and_experimental_gold	aggregate_consensus_flanks_no_raw_target_ids	Campylobacter jejuni subsp. doylei strain NCTC11924 genome assembly, chromosome: 1	32021	1762226	2018/12/19	matched
LS483394.1	CAS-TypeIIA	Streptococcus	Streptococcaceae	Lactobacillales	Bacilli	Firmicutes	5	5	5	5	forward		5	C	25		needs_exact_same_strain_protein_and_experimental_gold	aggregate_consensus_flanks_no_raw_target_ids	Streptococcus pyogenes strain NCTC10880 genome assembly, chromosome: 1	1314	1785401	2018/06/17	matched
LS483407.1	CAS-TypeIIA	Streptococcus	Streptococcaceae	Lactobacillales	Bacilli	Firmicutes	5	5	5	5	forward		5	C	25		needs_exact_same_strain_protein_and_experimental_gold	aggregate_consensus_flanks_no_raw_target_ids	Streptococcus pyogenes strain NCTC13744 genome assembly, chromosome: 1	1314	1808803	2018/06/17	matched
LS483430.1	CAS-TypeIIA	Streptococcus	Streptococcaceae	Lactobacillales	Bacilli	Firmicutes	5	5	5	5	forward		5	C	25		needs_exact_same_strain_protein_and_experimental_gold	aggregate_consensus_flanks_no_raw_target_ids	Streptococcus pyogenes strain NCTC12044 genome assembly, chromosome: 1	1314	1756874	2018/06/17	matched
LS483442.1	CAS-TypeIIA	Streptococcus	Streptococcaceae	Lactobacillales	Bacilli	Firmicutes	6	5	5	5	reverse		6	C	25		needs_exact_same_strain_protein_and_experimental_gold	aggregate_consensus_flanks_no_raw_target_ids	Streptococcus pyogenes strain NCTC8370 genome assembly, chromosome: 1	1314	1796907	2018/06/17	matched
LT906475.1	CAS-TypeIIC	Riemerella	Flavobacteriaceae	Flavobacteriales	Flavobacteriia	Bacteroidetes	12	5	5	5	forward		12	C	25		needs_exact_same_strain_protein_and_experimental_gold	aggregate_consensus_flanks_no_raw_target_ids	Riemerella anatipestifer strain NCTC11014 genome assembly, chromosome: 1	34085	2156703	2017/08/15	matched
LT960790.1	CAS-TypeIIC	Lactobacillus	Lactobacillaceae	Lactobacillales	Bacilli	Firmicutes	7	5	5	5	forward	XnnnnGCAC	7	C	35		needs_exact_same_strain_protein_and_experimental_gold	aggregate_consensus_flanks_no_raw_target_ids	Lactobacillus sakei strain J54 genome assembly, chromosome: 1	1599	1964671	2017/11/01	matched
