chromosome_accession	subtype	genus	family	order	class	phylum	source_rows	hit_rows	effective_unique_hit_spacers	unambiguous_oriented_hit_rows	orientations	published_pam_fields	rows_with_cas9_annotation	curation_priority	curation_priority_points	registered_system_id	readiness	independence_status
CP009575.1	CAS-TypeIIC	Listeria	Listeriaceae	Bacillales	Bacilli	Firmicutes	93	80	80	80	forward	XnnACnC	93	A	70		needs_exact_same_strain_protein_and_experimental_gold	aggregate_consensus_flanks_no_raw_target_ids
CP015403.2	CAS-TypeIIB			Burkholderiales	Betaproteobacteria	Proteobacteria	94	66	66	66	forward|reverse	XnGG	94	A	60		needs_exact_same_strain_protein_and_experimental_gold	aggregate_consensus_flanks_no_raw_target_ids
CP022723.1	CAS-TypeIIA	Bifidobacterium	Bifidobacteriaceae	Bifidobacteriales	Actinobacteria	Actinobacteria	67	61	61	61	forward	XnnGCGT	67	A	70		needs_exact_same_strain_protein_and_experimental_gold	aggregate_consensus_flanks_no_raw_target_ids
AP010655.1	CAS-TypeIIA	Streptococcus	Streptococcaceae	Lactobacillales	Bacilli	Firmicutes	67	59	59	59	forward	XnGG	67	A	70		needs_exact_same_strain_protein_and_experimental_gold	aggregate_consensus_flanks_no_raw_target_ids
CP002113.1	CAS-TypeIIC	Capnocytophaga	Flavobacteriaceae	Flavobacteriales	Flavobacteriia	Bacteroidetes	106	59	59	59	reverse		106	A	60		needs_exact_same_strain_protein_and_experimental_gold	aggregate_consensus_flanks_no_raw_target_ids
LR134394.1	CAS-TypeIIC	Listeria	Listeriaceae	Bacillales	Bacilli	Firmicutes	74	59	59	59	forward	XnnACnC	74	A	70		needs_exact_same_strain_protein_and_experimental_gold	aggregate_consensus_flanks_no_raw_target_ids
LT907930.1	CAS-TypeIIC	Lactobacillus	Lactobacillaceae	Lactobacillales	Bacilli	Firmicutes	91	57	57	57	forward	XnnnnGCAC	91	A	70		needs_exact_same_strain_protein_and_experimental_gold	aggregate_consensus_flanks_no_raw_target_ids
CP016205.1	CAS-TypeIIC	Prevotella	Prevotellaceae	Bacteroidales	Bacteroidia	Bacteroidetes	64	55	55	55	reverse	XnnnnCC	64	A	70		needs_exact_same_strain_protein_and_experimental_gold	aggregate_consensus_flanks_no_raw_target_ids
LR027880.1	CAS-TypeIIC	Roseburia	Lachnospiraceae	Clostridiales	Clostridia	Firmicutes	61	55	55	55	reverse	XnnnnCATA|XnnnnCnnA	61	A	70		needs_exact_same_strain_protein_and_experimental_gold	aggregate_consensus_flanks_no_raw_target_ids
LS483364.1	CAS-TypeIIA	Streptococcus	Streptococcaceae	Lactobacillales	Bacilli	Firmicutes	63	53	53	53	forward	XnGGnG	63	A	70		needs_exact_same_strain_protein_and_experimental_gold	aggregate_consensus_flanks_no_raw_target_ids
CM002372.1	CAS-TypeIIC	Streptococcus	Streptococcaceae	Lactobacillales	Bacilli	Firmicutes	52	50	50	50	forward	XnnAAAAA	52	A	70		needs_exact_same_strain_protein_and_experimental_gold	aggregate_consensus_flanks_no_raw_target_ids
CP019981.1	CAS-TypeIIA	Pediococcus	Lactobacillaceae	Lactobacillales	Bacilli	Firmicutes	67	49	49	49	reverse	XnnTAC	67	A	70		needs_exact_same_strain_protein_and_experimental_gold	aggregate_consensus_flanks_no_raw_target_ids
CP012073.1	CAS-TypeIIC	Ottowia	Comamonadaceae	Burkholderiales	Betaproteobacteria	Proteobacteria	57	47	47	47	reverse	XnnGnnT	57	A	70		needs_exact_same_strain_protein_and_experimental_gold	aggregate_consensus_flanks_no_raw_target_ids
CP031881.1	CAS-TypeIIC	Streptococcus	Streptococcaceae	Lactobacillales	Bacilli	Firmicutes	50	47	47	47	forward	XnnGAAAA	50	A	70		needs_exact_same_strain_protein_and_experimental_gold	aggregate_consensus_flanks_no_raw_target_ids
CP017697.1	CAS-TypeIIC	Lactobacillus	Lactobacillaceae	Lactobacillales	Bacilli	Firmicutes	82	46	46	46	reverse	XnnnnCTAC	82	A	70		needs_exact_same_strain_protein_and_experimental_gold	aggregate_consensus_flanks_no_raw_target_ids
LT984417.2	CAS-TypeIIA	Lactobacillus	Lactobacillaceae	Lactobacillales	Bacilli	Firmicutes	67	46	46	46	reverse	XnnAAG	67	A	70		needs_exact_same_strain_protein_and_experimental_gold	aggregate_consensus_flanks_no_raw_target_ids
CP022022.1	CAS-TypeIIC	Capnocytophaga	Flavobacteriaceae	Flavobacteriales	Flavobacteriia	Bacteroidetes	52	45	45	45	reverse	XnAAAAA	52	A	70		needs_exact_same_strain_protein_and_experimental_gold	aggregate_consensus_flanks_no_raw_target_ids
CP031545.1	CAS-TypeIIC	Streptococcus	Streptococcaceae	Lactobacillales	Bacilli	Firmicutes	48	45	45	45	forward	XnnAGAAA	48	A	70		needs_exact_same_strain_protein_and_experimental_gold	aggregate_consensus_flanks_no_raw_target_ids
CP003860.1	CAS-TypeIIC	Streptococcus	Streptococcaceae	Lactobacillales	Bacilli	Firmicutes	50	44	44	44	forward	XnnAA|XnnAAAAA|XnnAnAnA	50	A	70		needs_exact_same_strain_protein_and_experimental_gold	aggregate_consensus_flanks_no_raw_target_ids
HE613569.1	CAS-TypeIIC	Streptococcus	Streptococcaceae	Lactobacillales	Bacilli	Firmicutes	45	43	43	43	reverse	XnnGnAAA	45	A	70		needs_exact_same_strain_protein_and_experimental_gold	aggregate_consensus_flanks_no_raw_target_ids
LR594041.1	CAS-TypeIIC	Streptococcus	Streptococcaceae	Lactobacillales	Bacilli	Firmicutes	43	43	43	43	reverse	XnnAAAG	43	A	70		needs_exact_same_strain_protein_and_experimental_gold	aggregate_consensus_flanks_no_raw_target_ids
LS974444.1	CAS-TypeIIC	Streptococcus	Streptococcaceae	Lactobacillales	Bacilli	Firmicutes	55	42	42	42	reverse	XnnAAAAA	55	A	70		needs_exact_same_strain_protein_and_experimental_gold	aggregate_consensus_flanks_no_raw_target_ids
CP002220.1	CAS-TypeIIA	Bifidobacterium	Bifidobacteriaceae	Bifidobacteriales	Actinobacteria	Actinobacteria	43	40	40	40	reverse	XnnGCGT	43	A	70		needs_exact_same_strain_protein_and_experimental_gold	aggregate_consensus_flanks_no_raw_target_ids
LS483408.1	CAS-TypeIIA	Streptococcus	Streptococcaceae	Lactobacillales	Bacilli	Firmicutes	57	39	39	39	reverse	XnGG	57	A	69		needs_exact_same_strain_protein_and_experimental_gold	aggregate_consensus_flanks_no_raw_target_ids
CP001107.1	CAS-TypeIIC		Lachnospiraceae	Clostridiales	Clostridia	Firmicutes	44	38	38	38	forward	XnnAnAA	44	A	68		needs_exact_same_strain_protein_and_experimental_gold	aggregate_consensus_flanks_no_raw_target_ids
CP039457.1	CAS-TypeIIA	Streptococcus	Streptococcaceae	Lactobacillales	Bacilli	Firmicutes	42	38	38	38	reverse	XnGG	42	A	68		needs_exact_same_strain_protein_and_experimental_gold	aggregate_consensus_flanks_no_raw_target_ids
FR875178.1	CAS-TypeIIC	Streptococcus	Streptococcaceae	Lactobacillales	Bacilli	Firmicutes	39	38	38	38	forward	XnnAGAAA	39	A	68		needs_exact_same_strain_protein_and_experimental_gold	aggregate_consensus_flanks_no_raw_target_ids
CM002371.1	CAS-TypeIIC	Streptococcus	Streptococcaceae	Lactobacillales	Bacilli	Firmicutes	42	37	37	37	forward	XnnAAAAA|XnnAGAAA|XnnAGAAAnAA	42	A	67		needs_exact_same_strain_protein_and_experimental_gold	aggregate_consensus_flanks_no_raw_target_ids
CP012589.1	CAS-TypeIIC	Capnocytophaga	Flavobacteriaceae	Flavobacteriales	Flavobacteriia	Bacteroidetes	39	36	36	36	forward	XnATTTTT	39	A	66		needs_exact_same_strain_protein_and_experimental_gold	aggregate_consensus_flanks_no_raw_target_ids
CP014241.1	CAS-TypeIIA	Bifidobacterium	Bifidobacteriaceae	Bifidobacteriales	Actinobacteria	Actinobacteria	42	36	36	36	reverse	XnGGG	42	A	66		needs_exact_same_strain_protein_and_experimental_gold	aggregate_consensus_flanks_no_raw_target_ids
CP025399.1	CAS-TypeIIC	Streptococcus	Streptococcaceae	Lactobacillales	Bacilli	Firmicutes	38	36	36	36	forward	XnnAAAAA|XnnAGAAA	38	A	66		needs_exact_same_strain_protein_and_experimental_gold	aggregate_consensus_flanks_no_raw_target_ids
CP035054.1	CAS-TypeIIA	Lactobacillus	Lactobacillaceae	Lactobacillales	Bacilli	Firmicutes	44	36	36	36	reverse	XnnAAA	44	A	66		needs_exact_same_strain_protein_and_experimental_gold	aggregate_consensus_flanks_no_raw_target_ids
AP018699.1	CAS-TypeIIA	Lactobacillus	Lactobacillaceae	Lactobacillales	Bacilli	Firmicutes	50	35	35	35	forward	XnnGAA	50	A	65		needs_exact_same_strain_protein_and_experimental_gold	aggregate_consensus_flanks_no_raw_target_ids
CM002369.1	CAS-TypeIIC	Streptococcus	Streptococcaceae	Lactobacillales	Bacilli	Firmicutes	46	35	35	35	forward	XnnAGAAA|XnnAGAAAnAA	46	A	65		needs_exact_same_strain_protein_and_experimental_gold	aggregate_consensus_flanks_no_raw_target_ids
CP031253.1	CAS-TypeIIC	Neisseria	Neisseriaceae	Neisseriales	Betaproteobacteria	Proteobacteria	39	35	35	35	forward|reverse	XGAA	39	A	55		needs_exact_same_strain_protein_and_experimental_gold	aggregate_consensus_flanks_no_raw_target_ids
CP011013.1	CAS-TypeIIA	Lactobacillus	Lactobacillaceae	Lactobacillales	Bacilli	Firmicutes	37	33	33	33	reverse	XnnAAAA	37	A	63		needs_exact_same_strain_protein_and_experimental_gold	aggregate_consensus_flanks_no_raw_target_ids
LR134288.1	CAS-TypeIIA	Streptococcus	Streptococcaceae	Lactobacillales	Bacilli	Firmicutes	37	33	33	33	reverse	XnGG	37	A	63		needs_exact_same_strain_protein_and_experimental_gold	aggregate_consensus_flanks_no_raw_target_ids
LS483306.1	CAS-TypeIIC	Enterococcus	Enterococcaceae	Lactobacillales	Bacilli	Firmicutes	50	33	33	33	forward	XnnnnAAA	50	registered	63	ece-nctc12421-published-flanks	registered_retrospective_system	aggregate_consensus_flanks_no_raw_target_ids
LS991421.1	CAS-TypeIIA	Lactobacillus	Lactobacillaceae	Lactobacillales	Bacilli	Firmicutes	42	33	33	33	reverse	XnnTAG	42	A	63		needs_exact_same_strain_protein_and_experimental_gold	aggregate_consensus_flanks_no_raw_target_ids
CP018477.1	CAS-TypeIIC	Thermogutta	Thermoguttaceae	Pirellulales	Planctomycetia	Planctomycetes	73	32	32	32	forward	XnnnCC	73	A	62		needs_exact_same_strain_protein_and_experimental_gold	aggregate_consensus_flanks_no_raw_target_ids
CP031835.1	CAS-TypeIIA	Lactobacillus	Lactobacillaceae	Lactobacillales	Bacilli	Firmicutes	46	32	32	32	reverse	XnnAAAA	46	A	62		needs_exact_same_strain_protein_and_experimental_gold	aggregate_consensus_flanks_no_raw_target_ids
AE017226.1	CAS-TypeIIA	Treponema	Spirochaetaceae	Spirochaetales	Spirochaetia	Spirochaetes	53	31	31	31	forward	XnAnAA	53	registered	61	tde-atcc35405-published-flanks	registered_retrospective_system	aggregate_consensus_flanks_no_raw_target_ids
CP002340.1	CAS-TypeIIC	Streptococcus	Streptococcaceae	Lactobacillales	Bacilli	Firmicutes	34	31	31	31	forward	XnnAGAAAnAA|XnnAnAA	34	A	61		needs_exact_same_strain_protein_and_experimental_gold	aggregate_consensus_flanks_no_raw_target_ids
CP009470.1	CAS-TypeIIC	Staphylococcus	Staphylococcaceae	Bacillales	Bacilli	Firmicutes	36	31	31	31	reverse	XnnGAA	36	A	61		needs_exact_same_strain_protein_and_experimental_gold	aggregate_consensus_flanks_no_raw_target_ids
CP019935.1	CAS-TypeIIC	Streptococcus	Streptococcaceae	Lactobacillales	Bacilli	Firmicutes	34	31	31	31	forward	XnnAGAAAnAA|XnnAnAA	34	A	61		needs_exact_same_strain_protein_and_experimental_gold	aggregate_consensus_flanks_no_raw_target_ids
CP028149.1	CAS-TypeIIC	Clostridium	Clostridiaceae	Clostridiales	Clostridia	Firmicutes	42	31	31	31	forward	XnnnnnAAA	42	A	61		needs_exact_same_strain_protein_and_experimental_gold	aggregate_consensus_flanks_no_raw_target_ids
LR594047.1	CAS-TypeIIA	Streptococcus	Streptococcaceae	Lactobacillales	Bacilli	Firmicutes	33	31	31	31	reverse	XnGGnG	33	A	61		needs_exact_same_strain_protein_and_experimental_gold	aggregate_consensus_flanks_no_raw_target_ids
AP012054.1	CAS-TypeIIC	Streptococcus	Streptococcaceae	Lactobacillales	Bacilli	Firmicutes	37	30	30	30	reverse	XnnGnnAA|XnnnnAAA	37	A	60		needs_exact_same_strain_protein_and_experimental_gold	aggregate_consensus_flanks_no_raw_target_ids
CP007170.1	CAS-TypeIIA	Listeria	Listeriaceae	Bacillales	Bacilli	Firmicutes	31	30	30	30	reverse	XnGG	31	A	60		needs_exact_same_strain_protein_and_experimental_gold	aggregate_consensus_flanks_no_raw_target_ids
CP007171.1	CAS-TypeIIA	Listeria	Listeriaceae	Bacillales	Bacilli	Firmicutes	31	30	30	30	reverse	XnGG	31	A	60		needs_exact_same_strain_protein_and_experimental_gold	aggregate_consensus_flanks_no_raw_target_ids
CP007688.1	CAS-TypeIIA	Listeria	Listeriaceae	Bacillales	Bacilli	Firmicutes	31	30	30	30	reverse	XnGG	31	A	60		needs_exact_same_strain_protein_and_experimental_gold	aggregate_consensus_flanks_no_raw_target_ids
LR134282.1	CAS-TypeIIC	Streptococcus	Streptococcaceae	Lactobacillales	Bacilli	Firmicutes	34	30	30	30	reverse	XnnGCAAA	34	A	60		needs_exact_same_strain_protein_and_experimental_gold	aggregate_consensus_flanks_no_raw_target_ids
LR594042.1	CAS-TypeIIC	Streptococcus	Streptococcaceae	Lactobacillales	Bacilli	Firmicutes	34	30	30	30	reverse	XnnGCAAA	34	A	60		needs_exact_same_strain_protein_and_experimental_gold	aggregate_consensus_flanks_no_raw_target_ids
LT906436.1	CAS-TypeIIA	Listeria	Listeriaceae	Bacillales	Bacilli	Firmicutes	31	30	30	30	reverse	XnGG	31	A	60		needs_exact_same_strain_protein_and_experimental_gold	aggregate_consensus_flanks_no_raw_target_ids
CM003138.1	CAS-TypeIIC	Streptococcus	Streptococcaceae	Lactobacillales	Bacilli	Firmicutes	29	29	29	29	forward	XnnAGAAA	29	A	59		needs_exact_same_strain_protein_and_experimental_gold	aggregate_consensus_flanks_no_raw_target_ids
CP002002.1	CAS-TypeIIA	Listeria	Listeriaceae	Bacillales	Bacilli	Firmicutes	30	29	29	29	reverse	XnGG	30	A	59		needs_exact_same_strain_protein_and_experimental_gold	aggregate_consensus_flanks_no_raw_target_ids
CP007684.1	CAS-TypeIIA	Listeria	Listeriaceae	Bacillales	Bacilli	Firmicutes	30	29	29	29	reverse	XnGG	30	A	59		needs_exact_same_strain_protein_and_experimental_gold	aggregate_consensus_flanks_no_raw_target_ids
CP014261.1	CAS-TypeIIA	Listeria	Listeriaceae	Bacillales	Bacilli	Firmicutes	30	29	29	29	reverse	XnGG	30	A	59		needs_exact_same_strain_protein_and_experimental_gold	aggregate_consensus_flanks_no_raw_target_ids
CP014790.1	CAS-TypeIIA	Listeria	Listeriaceae	Bacillales	Bacilli	Firmicutes	30	29	29	29	reverse	XnGG	30	A	59		needs_exact_same_strain_protein_and_experimental_gold	aggregate_consensus_flanks_no_raw_target_ids
CP028392.1	CAS-TypeIIA	Listeria	Listeriaceae	Bacillales	Bacilli	Firmicutes	30	29	29	29	reverse	XnGG	30	A	59		needs_exact_same_strain_protein_and_experimental_gold	aggregate_consensus_flanks_no_raw_target_ids
CP028393.1	CAS-TypeIIA	Listeria	Listeriaceae	Bacillales	Bacilli	Firmicutes	30	29	29	29	reverse	XnGG	30	A	59		needs_exact_same_strain_protein_and_experimental_gold	aggregate_consensus_flanks_no_raw_target_ids
CP028394.1	CAS-TypeIIA	Listeria	Listeriaceae	Bacillales	Bacilli	Firmicutes	30	29	29	29	reverse	XnGG	30	A	59		needs_exact_same_strain_protein_and_experimental_gold	aggregate_consensus_flanks_no_raw_target_ids
CP028395.1	CAS-TypeIIA	Listeria	Listeriaceae	Bacillales	Bacilli	Firmicutes	30	29	29	29	reverse	XnGG	30	A	59		needs_exact_same_strain_protein_and_experimental_gold	aggregate_consensus_flanks_no_raw_target_ids
CP028396.1	CAS-TypeIIA	Listeria	Listeriaceae	Bacillales	Bacilli	Firmicutes	30	29	29	29	reverse	XnGG	30	A	59		needs_exact_same_strain_protein_and_experimental_gold	aggregate_consensus_flanks_no_raw_target_ids
CP028397.1	CAS-TypeIIA	Listeria	Listeriaceae	Bacillales	Bacilli	Firmicutes	30	29	29	29	reverse	XnGG	30	A	59		needs_exact_same_strain_protein_and_experimental_gold	aggregate_consensus_flanks_no_raw_target_ids
CP028398.1	CAS-TypeIIA	Listeria	Listeriaceae	Bacillales	Bacilli	Firmicutes	30	29	29	29	reverse	XnGG	30	A	59		needs_exact_same_strain_protein_and_experimental_gold	aggregate_consensus_flanks_no_raw_target_ids
CP028399.1	CAS-TypeIIA	Listeria	Listeriaceae	Bacillales	Bacilli	Firmicutes	30	29	29	29	reverse	XnGG	30	A	59		needs_exact_same_strain_protein_and_experimental_gold	aggregate_consensus_flanks_no_raw_target_ids
CP028400.1	CAS-TypeIIA	Listeria	Listeriaceae	Bacillales	Bacilli	Firmicutes	30	29	29	29	reverse	XnGG	30	A	59		needs_exact_same_strain_protein_and_experimental_gold	aggregate_consensus_flanks_no_raw_target_ids
CP028401.1	CAS-TypeIIA	Listeria	Listeriaceae	Bacillales	Bacilli	Firmicutes	30	29	29	29	reverse	XnGG	30	A	59		needs_exact_same_strain_protein_and_experimental_gold	aggregate_consensus_flanks_no_raw_target_ids
CP028402.1	CAS-TypeIIA	Listeria	Listeriaceae	Bacillales	Bacilli	Firmicutes	30	29	29	29	reverse	XnGG	30	A	59		needs_exact_same_strain_protein_and_experimental_gold	aggregate_consensus_flanks_no_raw_target_ids
CP028403.1	CAS-TypeIIA	Listeria	Listeriaceae	Bacillales	Bacilli	Firmicutes	30	29	29	29	reverse	XnGG	30	A	59		needs_exact_same_strain_protein_and_experimental_gold	aggregate_consensus_flanks_no_raw_target_ids
CP028404.1	CAS-TypeIIA	Listeria	Listeriaceae	Bacillales	Bacilli	Firmicutes	30	29	29	29	reverse	XnGG	30	A	59		needs_exact_same_strain_protein_and_experimental_gold	aggregate_consensus_flanks_no_raw_target_ids
CP028405.1	CAS-TypeIIA	Listeria	Listeriaceae	Bacillales	Bacilli	Firmicutes	30	29	29	29	reverse	XnGG	30	A	59		needs_exact_same_strain_protein_and_experimental_gold	aggregate_consensus_flanks_no_raw_target_ids
CP028406.1	CAS-TypeIIA	Listeria	Listeriaceae	Bacillales	Bacilli	Firmicutes	30	29	29	29	reverse	XnGG	30	A	59		needs_exact_same_strain_protein_and_experimental_gold	aggregate_consensus_flanks_no_raw_target_ids
CP028407.1	CAS-TypeIIA	Listeria	Listeriaceae	Bacillales	Bacilli	Firmicutes	30	29	29	29	reverse	XnGG	30	A	59		needs_exact_same_strain_protein_and_experimental_gold	aggregate_consensus_flanks_no_raw_target_ids
CP028408.1	CAS-TypeIIA	Listeria	Listeriaceae	Bacillales	Bacilli	Firmicutes	30	29	29	29	reverse	XnGG	30	A	59		needs_exact_same_strain_protein_and_experimental_gold	aggregate_consensus_flanks_no_raw_target_ids
CP028409.1	CAS-TypeIIA	Listeria	Listeriaceae	Bacillales	Bacilli	Firmicutes	30	29	29	29	reverse	XnGG	30	A	59		needs_exact_same_strain_protein_and_experimental_gold	aggregate_consensus_flanks_no_raw_target_ids
CP028410.1	CAS-TypeIIA	Listeria	Listeriaceae	Bacillales	Bacilli	Firmicutes	30	29	29	29	reverse	XnGG	30	A	59		needs_exact_same_strain_protein_and_experimental_gold	aggregate_consensus_flanks_no_raw_target_ids
CP028411.1	CAS-TypeIIA	Listeria	Listeriaceae	Bacillales	Bacilli	Firmicutes	30	29	29	29	reverse	XnGG	30	A	59		needs_exact_same_strain_protein_and_experimental_gold	aggregate_consensus_flanks_no_raw_target_ids
CP028412.1	CAS-TypeIIA	Listeria	Listeriaceae	Bacillales	Bacilli	Firmicutes	30	29	29	29	reverse	XnGG	30	A	59		needs_exact_same_strain_protein_and_experimental_gold	aggregate_consensus_flanks_no_raw_target_ids
CP028413.1	CAS-TypeIIA	Listeria	Listeriaceae	Bacillales	Bacilli	Firmicutes	30	29	29	29	reverse	XnGG	30	A	59		needs_exact_same_strain_protein_and_experimental_gold	aggregate_consensus_flanks_no_raw_target_ids
CP029372.1	CAS-TypeIIA	Listeria	Listeriaceae	Bacillales	Bacilli	Firmicutes	30	29	29	29	reverse	XnGG	30	A	59		needs_exact_same_strain_protein_and_experimental_gold	aggregate_consensus_flanks_no_raw_target_ids
FQ312004.1	CAS-TypeIIC	Bacteroides	Bacteroidaceae	Bacteroidales	Bacteroidia	Bacteroidetes	29	29	29	29	forward	XnAnTnC	29	A	59		needs_exact_same_strain_protein_and_experimental_gold	aggregate_consensus_flanks_no_raw_target_ids
LR594049.1	CAS-TypeIIC	Streptococcus	Streptococcaceae	Lactobacillales	Bacilli	Firmicutes	31	29	29	29	reverse	XnnGCAA	31	A	59		needs_exact_same_strain_protein_and_experimental_gold	aggregate_consensus_flanks_no_raw_target_ids
CM002370.1	CAS-TypeIIC	Streptococcus	Streptococcaceae	Lactobacillales	Bacilli	Firmicutes	30	28	28	28	forward	XnnAGAA	30	A	58		needs_exact_same_strain_protein_and_experimental_gold	aggregate_consensus_flanks_no_raw_target_ids
CP014890.1	CAS-TypeIIC	Lactobacillus	Lactobacillaceae	Lactobacillales	Bacilli	Firmicutes	62	28	28	28	forward	XnnnnGTTT	62	A	58		needs_exact_same_strain_protein_and_experimental_gold	aggregate_consensus_flanks_no_raw_target_ids
CP031334.1	CAS-TypeIIC	Neisseria	Neisseriaceae	Neisseriales	Betaproteobacteria	Proteobacteria	41	28	28	28	forward		41	B	48		needs_exact_same_strain_protein_and_experimental_gold	aggregate_consensus_flanks_no_raw_target_ids
LR590477.1	CAS-TypeIIC	Neisseria	Neisseriaceae	Neisseriales	Betaproteobacteria	Proteobacteria	42	35	28	28	reverse	XGAA	42	A	58		needs_exact_same_strain_protein_and_experimental_gold	aggregate_consensus_flanks_no_raw_target_ids
LS483462.1	CAS-TypeIIC	Streptococcus	Streptococcaceae	Lactobacillales	Bacilli	Firmicutes	37	28	28	28	reverse	XnnGnnAA	37	A	58		needs_exact_same_strain_protein_and_experimental_gold	aggregate_consensus_flanks_no_raw_target_ids
CM003139.1	CAS-TypeIIA	Streptococcus	Streptococcaceae	Lactobacillales	Bacilli	Firmicutes	27	27	27	27	reverse	XnGGnG	27	A	57		needs_exact_same_strain_protein_and_experimental_gold	aggregate_consensus_flanks_no_raw_target_ids
CP003058.1	CAS-TypeIIA	Acidaminococcus	Acidaminococcaceae	Acidaminococcales	Negativicutes	Firmicutes	52	27	27	27	forward	XnGTAA	52	registered	57	ain-ryc-mr95-published-flanks	registered_retrospective_system	aggregate_consensus_flanks_no_raw_target_ids
CP003222.2	CAS-TypeIIC	Flavobacterium	Flavobacteriaceae	Flavobacteriales	Flavobacteriia	Bacteroidetes	43	27	27	27	forward		43	B	47		needs_exact_same_strain_protein_and_experimental_gold	aggregate_consensus_flanks_no_raw_target_ids
CP007685.1	CAS-TypeIIA	Listeria	Listeriaceae	Bacillales	Bacilli	Firmicutes	28	27	27	27	reverse	XnGG	28	A	57		needs_exact_same_strain_protein_and_experimental_gold	aggregate_consensus_flanks_no_raw_target_ids
CP014201.1	CAS-TypeIIA	Lactobacillus	Lactobacillaceae	Lactobacillales	Bacilli	Firmicutes	31	27	27	27	reverse	XnGAAA	31	A	57		needs_exact_same_strain_protein_and_experimental_gold	aggregate_consensus_flanks_no_raw_target_ids
CP022384.1	CAS-TypeIIC	Capnocytophaga	Flavobacteriaceae	Flavobacteriales	Flavobacteriia	Bacteroidetes	33	27	27	27	reverse	XnnAAAG	33	A	57		needs_exact_same_strain_protein_and_experimental_gold	aggregate_consensus_flanks_no_raw_target_ids
CP032621.1	CAS-TypeIIA	Streptococcus	Streptococcaceae	Lactobacillales	Bacilli	Firmicutes	29	27	27	27	forward	XnGG	29	A	57		needs_exact_same_strain_protein_and_experimental_gold	aggregate_consensus_flanks_no_raw_target_ids
LR134203.1	CAS-TypeIIA	Streptococcus	Streptococcaceae	Lactobacillales	Bacilli	Firmicutes	29	27	27	27	reverse	XnAGA	29	A	57		needs_exact_same_strain_protein_and_experimental_gold	aggregate_consensus_flanks_no_raw_target_ids
CM002371.1	CAS-TypeIIA	Streptococcus	Streptococcaceae	Lactobacillales	Bacilli	Firmicutes	26	26	26	26	reverse	XTGGnG	26	A	56		needs_exact_same_strain_protein_and_experimental_gold	aggregate_consensus_flanks_no_raw_target_ids
CP006594.1	CAS-TypeIIA	Listeria	Listeriaceae	Bacillales	Bacilli	Firmicutes	39	26	26	26	reverse	XnGG	39	A	56		needs_exact_same_strain_protein_and_experimental_gold	aggregate_consensus_flanks_no_raw_target_ids
CP006597.1	CAS-TypeIIA	Listeria	Listeriaceae	Bacillales	Bacilli	Firmicutes	39	26	26	26	reverse	XnGG	39	A	56		needs_exact_same_strain_protein_and_experimental_gold	aggregate_consensus_flanks_no_raw_target_ids
CP016400.1	CAS-TypeIIA	Lactobacillus	Lactobacillaceae	Lactobacillales	Bacilli	Firmicutes	31	26	26	26	reverse	XAnGAA	31	A	56		needs_exact_same_strain_protein_and_experimental_gold	aggregate_consensus_flanks_no_raw_target_ids
CP023477.1	CAS-TypeIIA	Streptococcus	Streptococcaceae	Lactobacillales	Bacilli	Firmicutes	31	26	26	26	forward	XnGG	31	A	56		needs_exact_same_strain_protein_and_experimental_gold	aggregate_consensus_flanks_no_raw_target_ids
CP035306.1	CAS-TypeIIA	Streptococcus	Streptococcaceae	Lactobacillales	Bacilli	Firmicutes	31	26	26	26	reverse	XnGGnG	31	A	56		needs_exact_same_strain_protein_and_experimental_gold	aggregate_consensus_flanks_no_raw_target_ids
CP039381.1	CAS-TypeIIA	Ruminococcus	Ruminococcaceae	Clostridiales	Clostridia	Firmicutes	42	26	26	26	forward	XnnTAAA	42	A	56		needs_exact_same_strain_protein_and_experimental_gold	aggregate_consensus_flanks_no_raw_target_ids
FR720325.1	CAS-TypeIIA	Listeria	Listeriaceae	Bacillales	Bacilli	Firmicutes	39	26	26	26	reverse	XnGG	39	A	56		needs_exact_same_strain_protein_and_experimental_gold	aggregate_consensus_flanks_no_raw_target_ids
FR733646.1	CAS-TypeIIA	Listeria	Listeriaceae	Bacillales	Bacilli	Firmicutes	39	26	26	26	reverse	XnGG	39	A	56		needs_exact_same_strain_protein_and_experimental_gold	aggregate_consensus_flanks_no_raw_target_ids
CP000725.1	CAS-TypeIIC	Streptococcus	Streptococcaceae	Lactobacillales	Bacilli	Firmicutes	26	25	25	25	reverse	XnnAAAG	26	registered	55	sgo-challis-ch1-published-flanks	registered_retrospective_system	aggregate_consensus_flanks_no_raw_target_ids
CP007160.1	CAS-TypeIIA	Listeria	Listeriaceae	Bacillales	Bacilli	Firmicutes	26	25	25	25	reverse	XnGG	26	A	55		needs_exact_same_strain_protein_and_experimental_gold	aggregate_consensus_flanks_no_raw_target_ids
FR733647.1	CAS-TypeIIA	Listeria	Listeriaceae	Bacillales	Bacilli	Firmicutes	26	25	25	25	reverse	XnGG	26	A	55		needs_exact_same_strain_protein_and_experimental_gold	aggregate_consensus_flanks_no_raw_target_ids
FR873482.1	CAS-TypeIIC	Streptococcus	Streptococcaceae	Lactobacillales	Bacilli	Firmicutes	25	25	25	25	forward	XnnAGAAA	25	registered	55	ssa-jim8777-published-flanks	registered_retrospective_system	aggregate_consensus_flanks_no_raw_target_ids
LR134291.1	CAS-TypeIIC	Streptococcus	Streptococcaceae	Lactobacillales	Bacilli	Firmicutes	26	25	25	25	reverse	XnnAAAG	26	A	55		needs_exact_same_strain_protein_and_experimental_gold	aggregate_consensus_flanks_no_raw_target_ids
LR134397.1	CAS-TypeIIA	Listeria	Listeriaceae	Bacillales	Bacilli	Firmicutes	26	25	25	25	reverse	XnGG	26	A	55		needs_exact_same_strain_protein_and_experimental_gold	aggregate_consensus_flanks_no_raw_target_ids
LR134400.1	CAS-TypeIIA	Listeria	Listeriaceae	Bacillales	Bacilli	Firmicutes	26	25	25	25	reverse	XnGG	26	A	55		needs_exact_same_strain_protein_and_experimental_gold	aggregate_consensus_flanks_no_raw_target_ids
CP002464.1	CAS-TypeIIA	Lactobacillus	Lactobacillaceae	Lactobacillales	Bacilli	Firmicutes	26	24	24	24	reverse	XnTAAA	26	B	54		needs_exact_same_strain_protein_and_experimental_gold	aggregate_consensus_flanks_no_raw_target_ids
CP003499.1	CAS-TypeIIC	Streptococcus	Streptococcaceae	Lactobacillales	Bacilli	Firmicutes	30	24	24	24	forward	XnnAGAAA|XnnAGAAAnAA|XnnAnAAA	30	B	54		needs_exact_same_strain_protein_and_experimental_gold	aggregate_consensus_flanks_no_raw_target_ids
CP011536.1	CAS-TypeIIA	Lactobacillus	Lactobacillaceae	Lactobacillales	Bacilli	Firmicutes	35	24	24	24	forward	XnCAAAA	35	B	54		needs_exact_same_strain_protein_and_experimental_gold	aggregate_consensus_flanks_no_raw_target_ids
CP012588.1	CAS-TypeIIC	Streptococcus	Streptococcaceae	Lactobacillales	Bacilli	Firmicutes	30	24	24	24	forward	XnnAGAAA|XnnAGAAAnAA|XnnAnAAA	30	B	54		needs_exact_same_strain_protein_and_experimental_gold	aggregate_consensus_flanks_no_raw_target_ids
CP019979.1	CAS-TypeIIA	Streptococcus	Streptococcaceae	Lactobacillales	Bacilli	Firmicutes	25	24	24	24	forward	XnGG	25	B	54		needs_exact_same_strain_protein_and_experimental_gold	aggregate_consensus_flanks_no_raw_target_ids
CP027770.1	CAS-TypeIIC	Staphylococcus	Staphylococcaceae	Bacillales	Bacilli	Firmicutes	33	24	24	24	reverse	XTGG	33	B	54		needs_exact_same_strain_protein_and_experimental_gold	aggregate_consensus_flanks_no_raw_target_ids
HG421741.1	CAS-TypeIIA	Listeria	Listeriaceae	Bacillales	Bacilli	Firmicutes	25	24	24	24	reverse	XnGG	25	B	54		needs_exact_same_strain_protein_and_experimental_gold	aggregate_consensus_flanks_no_raw_target_ids
LS483348.1	CAS-TypeIIA	Streptococcus	Streptococcaceae	Lactobacillales	Bacilli	Firmicutes	28	24	24	24	reverse	XnAGAA	28	B	54		needs_exact_same_strain_protein_and_experimental_gold	aggregate_consensus_flanks_no_raw_target_ids
LT605205.1	CAS-TypeIIC	Proteiniphilum	Dysgonamonadaceae	Bacteroidales	Bacteroidia	Bacteroidetes	38	24	24	24	reverse	XnnAAAT	38	B	54		needs_exact_same_strain_protein_and_experimental_gold	aggregate_consensus_flanks_no_raw_target_ids
AP012053.1	CAS-TypeIIA	Streptococcus	Streptococcaceae	Lactobacillales	Bacilli	Firmicutes	37	23	23	23	forward|reverse	XTGnnT	37	registered	43	sga-atcc43143-published-flanks	registered_retrospective_system	aggregate_consensus_flanks_no_raw_target_ids
CP000023.1	CAS-TypeIIC	Streptococcus	Streptococcaceae	Lactobacillales	Bacilli	Firmicutes	33	23	23	23	forward	XnnGnnAA	33	registered	53	sth1a-lmg18311-published-flanks	registered_retrospective_system	aggregate_consensus_flanks_no_raw_target_ids
CP000233.1	CAS-TypeIIA	Lactobacillus	Lactobacillaceae	Lactobacillales	Bacilli	Firmicutes	28	23	23	23	forward	XnGAAG	28	B	53		needs_exact_same_strain_protein_and_experimental_gold	aggregate_consensus_flanks_no_raw_target_ids
CP000283.1	CAS-TypeIIC	Rhodopseudomonas	Bradyrhizobiaceae	Rhizobiales	Alphaproteobacteria	Proteobacteria	47	23	23	23	forward		47	B	43		needs_exact_same_strain_protein_and_experimental_gold	aggregate_consensus_flanks_no_raw_target_ids
CP002034.1	CAS-TypeIIA	Lactobacillus	Lactobacillaceae	Lactobacillales	Bacilli	Firmicutes	28	23	23	23	forward	XnGAAG	28	B	53		needs_exact_same_strain_protein_and_experimental_gold	aggregate_consensus_flanks_no_raw_target_ids
CP012706.1	CAS-TypeIIC	Bacteroides	Bacteroidaceae	Bacteroidales	Bacteroidia	Bacteroidetes	24	23	23	23	forward	XnAAnnC|XnnGnnC	24	B	53		needs_exact_same_strain_protein_and_experimental_gold	aggregate_consensus_flanks_no_raw_target_ids
CP017064.1	CAS-TypeIIA	Streptococcus	Streptococcaceae	Lactobacillales	Bacilli	Firmicutes	23	23	23	23	reverse	XnGGnG	23	B	53		needs_exact_same_strain_protein_and_experimental_gold	aggregate_consensus_flanks_no_raw_target_ids
CP018809.1	CAS-TypeIIA	Lactobacillus	Lactobacillaceae	Lactobacillales	Bacilli	Firmicutes	24	23	23	23	reverse	XnGGnnnT	24	B	53		needs_exact_same_strain_protein_and_experimental_gold	aggregate_consensus_flanks_no_raw_target_ids
CP036555.1	CAS-TypeIIC	Bacteroides	Bacteroidaceae	Bacteroidales	Bacteroidia	Bacteroidetes	26	23	23	23	forward	XnAAnnC	26	B	53		needs_exact_same_strain_protein_and_experimental_gold	aggregate_consensus_flanks_no_raw_target_ids
CR626927.1	CAS-TypeIIC	Bacteroides	Bacteroidaceae	Bacteroidales	Bacteroidia	Bacteroidetes	26	23	23	23	forward	XnAAnnC	26	B	53		needs_exact_same_strain_protein_and_experimental_gold	aggregate_consensus_flanks_no_raw_target_ids
LR134484.1	CAS-TypeIIA	Gemella		Bacillales	Bacilli	Firmicutes	27	23	23	23	forward	XnAAACC	27	B	53		needs_exact_same_strain_protein_and_experimental_gold	aggregate_consensus_flanks_no_raw_target_ids
LS483339.1	CAS-TypeIIC	Streptococcus	Streptococcaceae	Lactobacillales	Bacilli	Firmicutes	34	23	23	23	forward	XnnGAAAA|XnnnAAAA	34	B	53		needs_exact_same_strain_protein_and_experimental_gold	aggregate_consensus_flanks_no_raw_target_ids
AP014612.1	CAS-TypeIIC	Streptococcus	Streptococcaceae	Lactobacillales	Bacilli	Firmicutes	34	22	22	22	forward		34	B	42		needs_exact_same_strain_protein_and_experimental_gold	aggregate_consensus_flanks_no_raw_target_ids
CM002370.1	CAS-TypeIIA	Streptococcus	Streptococcaceae	Lactobacillales	Bacilli	Firmicutes	24	22	22	22	reverse	XnGGnG	24	B	52		needs_exact_same_strain_protein_and_experimental_gold	aggregate_consensus_flanks_no_raw_target_ids
CP006805.1	CAS-TypeIIC	Streptococcus	Streptococcaceae	Lactobacillales	Bacilli	Firmicutes	23	22	22	22	forward	XnnACAA	23	B	52		needs_exact_same_strain_protein_and_experimental_gold	aggregate_consensus_flanks_no_raw_target_ids
CP007573.1	CAS-TypeIIA	Streptococcus	Streptococcaceae	Lactobacillales	Bacilli	Firmicutes	35	22	22	22	forward		35	B	42		needs_exact_same_strain_protein_and_experimental_gold	aggregate_consensus_flanks_no_raw_target_ids
CP009623.1	CAS-TypeIIC	Staphylococcus	Staphylococcaceae	Bacillales	Bacilli	Firmicutes	33	22	22	22	reverse	XnnAAAA	33	B	52		needs_exact_same_strain_protein_and_experimental_gold	aggregate_consensus_flanks_no_raw_target_ids
CP022474.1	CAS-TypeIIA	Lactobacillus	Lactobacillaceae	Lactobacillales	Bacilli	Firmicutes	45	22	22	22	forward	XnnAAA	45	B	52		needs_exact_same_strain_protein_and_experimental_gold	aggregate_consensus_flanks_no_raw_target_ids
CP033808.1	CAS-TypeIIA	Streptococcus	Streptococcaceae	Lactobacillales	Bacilli	Firmicutes	25	22	22	22	reverse	XnGGA	25	B	52		needs_exact_same_strain_protein_and_experimental_gold	aggregate_consensus_flanks_no_raw_target_ids
LR134292.1	CAS-TypeIIC	Streptococcus	Streptococcaceae	Lactobacillales	Bacilli	Firmicutes	26	22	22	22	reverse	XnnAnAAC	26	B	52		needs_exact_same_strain_protein_and_experimental_gold	aggregate_consensus_flanks_no_raw_target_ids
LR590625.1	CAS-TypeIIA	Streptococcus	Streptococcaceae	Lactobacillales	Bacilli	Firmicutes	28	22	22	22	forward|reverse	XnAGT	28	B	42		needs_exact_same_strain_protein_and_experimental_gold	aggregate_consensus_flanks_no_raw_target_ids
LT841333.1	CAS-TypeIIA	Lactobacillus	Lactobacillaceae	Lactobacillales	Bacilli	Firmicutes	25	22	22	22	reverse	XnnGAAA	25	B	52		needs_exact_same_strain_protein_and_experimental_gold	aggregate_consensus_flanks_no_raw_target_ids
AP018726.1	CAS-TypeIIA	Streptococcus	Streptococcaceae	Lactobacillales	Bacilli	Firmicutes	21	21	21	21	forward	XnAGTT	21	B	51		needs_exact_same_strain_protein_and_experimental_gold	aggregate_consensus_flanks_no_raw_target_ids
CP003025.1	CAS-TypeIIA	Streptococcus	Streptococcaceae	Lactobacillales	Bacilli	Firmicutes	22	21	21	21	reverse	XnAGAA	22	B	51		needs_exact_same_strain_protein_and_experimental_gold	aggregate_consensus_flanks_no_raw_target_ids
CP007631.2	CAS-TypeIIA	Streptococcus	Streptococcaceae	Lactobacillales	Bacilli	Firmicutes	26	21	21	21	forward	XTGGnT|XnGG	26	B	51		needs_exact_same_strain_protein_and_experimental_gold	aggregate_consensus_flanks_no_raw_target_ids
CP013688.1	CAS-TypeIIC	Streptococcus	Streptococcaceae	Lactobacillales	Bacilli	Firmicutes	24	21	21	21	forward	XnTnAnA	24	B	51		needs_exact_same_strain_protein_and_experimental_gold	aggregate_consensus_flanks_no_raw_target_ids
CP016602.1	CAS-TypeIIA	Lactobacillus	Lactobacillaceae	Lactobacillales	Bacilli	Firmicutes	28	21	21	21	forward	XAnGAAA	28	B	51		needs_exact_same_strain_protein_and_experimental_gold	aggregate_consensus_flanks_no_raw_target_ids
CP021770.1	CAS-TypeIIA	Streptococcus	Streptococcaceae	Lactobacillales	Bacilli	Firmicutes	24	21	21	21	forward	XnGG	24	B	51		needs_exact_same_strain_protein_and_experimental_gold	aggregate_consensus_flanks_no_raw_target_ids
CP031255.1	CAS-TypeIIC	Neisseria	Neisseriaceae	Neisseriales	Betaproteobacteria	Proteobacteria	23	21	21	21	reverse	XnnnnGnAA	23	B	51		needs_exact_same_strain_protein_and_experimental_gold	aggregate_consensus_flanks_no_raw_target_ids
LS974444.1	CAS-TypeIIA	Streptococcus	Streptococcaceae	Lactobacillales	Bacilli	Firmicutes	28	21	21	21	forward	XnGGnG	28	B	51		needs_exact_same_strain_protein_and_experimental_gold	aggregate_consensus_flanks_no_raw_target_ids
LT990039.1	CAS-TypeIIA	Mordavella	Clostridiaceae	Clostridiales	Clostridia	Firmicutes	38	24	21	21	reverse	XnnnACT	38	B	51		needs_exact_same_strain_protein_and_experimental_gold	aggregate_consensus_flanks_no_raw_target_ids
AP019372.1	CAS-TypeIIC	Staphylococcus	Staphylococcaceae	Bacillales	Bacilli	Firmicutes	23	20	20	20	forward	XTGG	23	B	50		needs_exact_same_strain_protein_and_experimental_gold	aggregate_consensus_flanks_no_raw_target_ids
CP002215.1	CAS-TypeIIA	Streptococcus	Streptococcaceae	Lactobacillales	Bacilli	Firmicutes	23	20	20	20	reverse	XnGG|XnGGnG	23	B	50		needs_exact_same_strain_protein_and_experimental_gold	aggregate_consensus_flanks_no_raw_target_ids
CP002478.1	CAS-TypeIIC	Staphylococcus	Staphylococcaceae	Bacillales	Bacilli	Firmicutes	23	20	20	20	forward	XTGG	23	B	50		needs_exact_same_strain_protein_and_experimental_gold	aggregate_consensus_flanks_no_raw_target_ids
CP012805.1	CAS-TypeIIC	Streptococcus	Streptococcaceae	Lactobacillales	Bacilli	Firmicutes	29	20	20	20	forward	XnnAA|XnnAnAnA	29	B	50		needs_exact_same_strain_protein_and_experimental_gold	aggregate_consensus_flanks_no_raw_target_ids
CP015206.1	CAS-TypeIIA	Pediococcus	Lactobacillaceae	Lactobacillales	Bacilli	Firmicutes	33	20	20	20	forward	XnnnTA	33	B	50		needs_exact_same_strain_protein_and_experimental_gold	aggregate_consensus_flanks_no_raw_target_ids
CP020774.1	CAS-TypeIIA	Listeria	Listeriaceae	Bacillales	Bacilli	Firmicutes	33	20	20	20	reverse	XnGG	33	B	50		needs_exact_same_strain_protein_and_experimental_gold	aggregate_consensus_flanks_no_raw_target_ids
CP032680.1	CAS-TypeIIA	Lactobacillus	Lactobacillaceae	Lactobacillales	Bacilli	Firmicutes	25	20	20	20	reverse	XnTAAAA	25	B	50		needs_exact_same_strain_protein_and_experimental_gold	aggregate_consensus_flanks_no_raw_target_ids
CP035306.1	CAS-TypeIIC	Streptococcus	Streptococcaceae	Lactobacillales	Bacilli	Firmicutes	21	20	20	20	forward	XnnACAA|XnnAGAAAnAA	21	B	50		needs_exact_same_strain_protein_and_experimental_gold	aggregate_consensus_flanks_no_raw_target_ids
FR824043.1	CAS-TypeIIA	Streptococcus	Streptococcaceae	Lactobacillales	Bacilli	Firmicutes	27	20	20	20	reverse		27	B	40		needs_exact_same_strain_protein_and_experimental_gold	aggregate_consensus_flanks_no_raw_target_ids
LR594037.1	CAS-TypeIIC	Streptococcus	Streptococcaceae	Lactobacillales	Bacilli	Firmicutes	27	20	20	20	forward	XnnAA	27	B	50		needs_exact_same_strain_protein_and_experimental_gold	aggregate_consensus_flanks_no_raw_target_ids
LT906470.1	CAS-TypeIIA	Veillonella	Veillonellaceae	Veillonellales	Negativicutes	Firmicutes	26	20	20	20	forward	XnAAAAA	26	B	50		needs_exact_same_strain_protein_and_experimental_gold	aggregate_consensus_flanks_no_raw_target_ids
AP018050.1	CAS-TypeIIC	Prevotella	Prevotellaceae	Bacteroidales	Bacteroidia	Bacteroidetes	23	19	19	19	forward	XnAAnAA	23	B	49		needs_exact_same_strain_protein_and_experimental_gold	aggregate_consensus_flanks_no_raw_target_ids
CM002369.1	CAS-TypeIIA	Streptococcus	Streptococcaceae	Lactobacillales	Bacilli	Firmicutes	20	19	19	19	reverse	XTGGnG|XTGGnGGnnA|XnGGnG	20	B	49		needs_exact_same_strain_protein_and_experimental_gold	aggregate_consensus_flanks_no_raw_target_ids
CM003135.1	CAS-TypeIIC	Streptococcus	Streptococcaceae	Lactobacillales	Bacilli	Firmicutes	21	19	19	19	forward	XnnGAAAA	21	B	49		needs_exact_same_strain_protein_and_experimental_gold	aggregate_consensus_flanks_no_raw_target_ids
CP003700.1	CAS-TypeIIA	Fusobacterium	Fusobacteriaceae	Fusobacteriales	Fusobacteriia	Fusobacteria	19	19	19	19	forward		19	C	39		needs_exact_same_strain_protein_and_experimental_gold	aggregate_consensus_flanks_no_raw_target_ids
CP007064.1	CAS-TypeIIA	Fusobacterium	Fusobacteriaceae	Fusobacteriales	Fusobacteriia	Fusobacteria	20	19	19	19	reverse	XnnnnTA	20	B	49		needs_exact_same_strain_protein_and_experimental_gold	aggregate_consensus_flanks_no_raw_target_ids
CP008903.1	CAS-TypeIIC	Geobacillus	Bacillaceae	Bacillales	Bacilli	Firmicutes	32	19	19	19	forward	XnnnnnnAA	32	B	49		needs_exact_same_strain_protein_and_experimental_gold	aggregate_consensus_flanks_no_raw_target_ids
CP014881.1	CAS-TypeIIC	Lactobacillus	Lactobacillaceae	Lactobacillales	Bacilli	Firmicutes	57	19	19	19	reverse	XnnnnGTTT|XnnnnnTTT	57	B	49		needs_exact_same_strain_protein_and_experimental_gold	aggregate_consensus_flanks_no_raw_target_ids
CP029536.1	CAS-TypeIIA	Lactobacillus	Lactobacillaceae	Lactobacillales	Bacilli	Firmicutes	51	19	19	19	reverse	XTGAAA|XTGAAAG	51	B	49		needs_exact_same_strain_protein_and_experimental_gold	aggregate_consensus_flanks_no_raw_target_ids
CP031195.1	CAS-TypeIIA	Lactobacillus	Lactobacillaceae	Lactobacillales	Bacilli	Firmicutes	23	19	19	19	forward	XnGAAA	23	B	49		needs_exact_same_strain_protein_and_experimental_gold	aggregate_consensus_flanks_no_raw_target_ids
CP031477.1	CAS-TypeIIC	Haemophilus	Pasteurellaceae	Pasteurellales	Gammaproteobacteria	Proteobacteria	21	19	19	19	forward	XnnnnGTAAA	21	B	49		needs_exact_same_strain_protein_and_experimental_gold	aggregate_consensus_flanks_no_raw_target_ids
CP039381.1	CAS-TypeIIC	Ruminococcus	Ruminococcaceae	Clostridiales	Clostridia	Firmicutes	27	19	19	19	reverse	XnnnnnCATA	27	B	49		needs_exact_same_strain_protein_and_experimental_gold	aggregate_consensus_flanks_no_raw_target_ids
LR134283.1	CAS-TypeIIA	Streptococcus	Streptococcaceae	Lactobacillales	Bacilli	Firmicutes	23	19	19	19	forward	XnGGnG	23	B	49		needs_exact_same_strain_protein_and_experimental_gold	aggregate_consensus_flanks_no_raw_target_ids
LR134312.1	CAS-TypeIIA	Enterococcus	Enterococcaceae	Lactobacillales	Bacilli	Firmicutes	27	19	19	19	forward|reverse	XnGG	27	C	39		needs_exact_same_strain_protein_and_experimental_gold	aggregate_consensus_flanks_no_raw_target_ids
LS483339.1	CAS-TypeIIA	Streptococcus	Streptococcaceae	Lactobacillales	Bacilli	Firmicutes	22	19	19	19	reverse	XTGGnG|XnGGT|XnGGnG	22	B	49		needs_exact_same_strain_protein_and_experimental_gold	aggregate_consensus_flanks_no_raw_target_ids
AP019309.1	CAS-TypeIIA	Intestinibaculum	Erysipelotrichaceae	Erysipelotrichales	Erysipelotrichia	Firmicutes	59	18	18	18	forward|reverse	XnGGnT	59	C	38		needs_exact_same_strain_protein_and_experimental_gold	aggregate_consensus_flanks_no_raw_target_ids
CP002340.1	CAS-TypeIIA	Streptococcus	Streptococcaceae	Lactobacillales	Bacilli	Firmicutes	18	18	18	18	reverse	XTGGnG|XnGGnG	18	B	48		needs_exact_same_strain_protein_and_experimental_gold	aggregate_consensus_flanks_no_raw_target_ids
CP003499.1	CAS-TypeIIA	Streptococcus	Streptococcaceae	Lactobacillales	Bacilli	Firmicutes	26	18	18	18	reverse	XnGGnG	26	B	48		needs_exact_same_strain_protein_and_experimental_gold	aggregate_consensus_flanks_no_raw_target_ids
CP003686.1	CAS-TypeIIA	Streptococcus	Streptococcaceae	Lactobacillales	Bacilli	Firmicutes	21	18	18	18	reverse	XnGG	21	registered	48	smu-gs5-published-flanks	registered_retrospective_system	aggregate_consensus_flanks_no_raw_target_ids
CP012075.1	CAS-TypeIIC	Prevotella	Prevotellaceae	Bacteroidales	Bacteroidia	Bacteroidetes	22	18	18	18	reverse	XnnAAC	22	B	48		needs_exact_same_strain_protein_and_experimental_gold	aggregate_consensus_flanks_no_raw_target_ids
CP012588.1	CAS-TypeIIA	Streptococcus	Streptococcaceae	Lactobacillales	Bacilli	Firmicutes	26	18	18	18	reverse	XnGGnG	26	B	48		needs_exact_same_strain_protein_and_experimental_gold	aggregate_consensus_flanks_no_raw_target_ids
CP017025.1	CAS-TypeIIC	Campylobacter	Campylobacteraceae	Campylobacterales	Epsilonproteobacteria	Proteobacteria	22	18	18	18	forward		22	C	38		needs_exact_same_strain_protein_and_experimental_gold	aggregate_consensus_flanks_no_raw_target_ids
CP019935.1	CAS-TypeIIA	Streptococcus	Streptococcaceae	Lactobacillales	Bacilli	Firmicutes	18	18	18	18	reverse	XTGGnG|XnGGnG	18	B	48		needs_exact_same_strain_protein_and_experimental_gold	aggregate_consensus_flanks_no_raw_target_ids
CP020831.1	CAS-TypeIIA	Listeria	Listeriaceae	Bacillales	Bacilli	Firmicutes	20	18	18	18	reverse	XnGGnAnnA	20	B	48		needs_exact_same_strain_protein_and_experimental_gold	aggregate_consensus_flanks_no_raw_target_ids
CP028724.1	CAS-TypeIIA	Enterococcus	Enterococcaceae	Lactobacillales	Bacilli	Firmicutes	27	18	18	18	forward|reverse	XnGG	27	C	38		needs_exact_same_strain_protein_and_experimental_gold	aggregate_consensus_flanks_no_raw_target_ids
CP031153.1	CAS-TypeIIC	Kordia	Flavobacteriaceae	Flavobacteriales	Flavobacteriia	Bacteroidetes	41	18	18	18	forward		41	C	38		needs_exact_same_strain_protein_and_experimental_gold	aggregate_consensus_flanks_no_raw_target_ids
CP035742.1	CAS-TypeIIC	Staphylococcus	Staphylococcaceae	Bacillales	Bacilli	Firmicutes	21	18	18	18	forward	XTGG	21	B	48		needs_exact_same_strain_protein_and_experimental_gold	aggregate_consensus_flanks_no_raw_target_ids
CP039887.1	CAS-TypeIIC	Neisseria	Neisseriaceae	Neisseriales	Betaproteobacteria	Proteobacteria	20	18	18	18	reverse		20	C	38		needs_exact_same_strain_protein_and_experimental_gold	aggregate_consensus_flanks_no_raw_target_ids
HE858529.1	CAS-TypeIIA	Streptococcus	Streptococcaceae	Lactobacillales	Bacilli	Firmicutes	19	18	18	18	reverse	XnGGnG	19	registered	48	sdy-ac2713-published-flanks	registered_retrospective_system	aggregate_consensus_flanks_no_raw_target_ids
LR134094.1	CAS-TypeIIA	Streptococcus	Streptococcaceae	Lactobacillales	Bacilli	Firmicutes	20	18	18	18	reverse		20	C	38		needs_exact_same_strain_protein_and_experimental_gold	aggregate_consensus_flanks_no_raw_target_ids
LT960777.1	CAS-TypeIIA	Lactobacillus	Lactobacillaceae	Lactobacillales	Bacilli	Firmicutes	35	18	18	18	reverse	XnnGAAAnT	35	B	48		needs_exact_same_strain_protein_and_experimental_gold	aggregate_consensus_flanks_no_raw_target_ids
AP010935.1	CAS-TypeIIA	Streptococcus	Streptococcaceae	Lactobacillales	Bacilli	Firmicutes	18	17	17	17	reverse	XTnGnG	18	B	47		needs_exact_same_strain_protein_and_experimental_gold	aggregate_consensus_flanks_no_raw_target_ids
AP018935.1	CAS-TypeIIA	Streptococcus	Streptococcaceae	Lactobacillales	Bacilli	Firmicutes	19	17	17	17	forward	XnGG	19	B	47		needs_exact_same_strain_protein_and_experimental_gold	aggregate_consensus_flanks_no_raw_target_ids
CM001580.1	CAS-TypeIIC	Pasteurella	Pasteurellaceae	Pasteurellales	Gammaproteobacteria	Proteobacteria	20	17	17	17	forward		20	C	37		needs_exact_same_strain_protein_and_experimental_gold	aggregate_consensus_flanks_no_raw_target_ids
CP002001.1	CAS-TypeIIA	Listeria	Listeriaceae	Bacillales	Bacilli	Firmicutes	19	17	17	17	reverse	XnGG	19	B	47		needs_exact_same_strain_protein_and_experimental_gold	aggregate_consensus_flanks_no_raw_target_ids
CP007034.1	CAS-TypeIIC	Barnesiella	Barnesiellaceae	Bacteroidales	Bacteroidia	Bacteroidetes	61	17	17	17	reverse		61	C	37		needs_exact_same_strain_protein_and_experimental_gold	aggregate_consensus_flanks_no_raw_target_ids
CP010062.1	CAS-TypeIIA	Enterococcus	Enterococcaceae	Lactobacillales	Bacilli	Firmicutes	36	17	17	17	forward	XTnnnCA	36	B	47		needs_exact_same_strain_protein_and_experimental_gold	aggregate_consensus_flanks_no_raw_target_ids
CP010309.1	CAS-TypeIIC	Staphylococcus	Staphylococcaceae	Bacillales	Bacilli	Firmicutes	18	17	17	17	reverse	XnnGAA	18	B	47		needs_exact_same_strain_protein_and_experimental_gold	aggregate_consensus_flanks_no_raw_target_ids
CP012148.1	CAS-TypeIIA	Lactobacillus	Lactobacillaceae	Lactobacillales	Bacilli	Firmicutes	45	17	17	17	reverse	XTGAAA	45	B	47		needs_exact_same_strain_protein_and_experimental_gold	aggregate_consensus_flanks_no_raw_target_ids
CP012719.1	CAS-TypeIIA	Streptococcus	Streptococcaceae	Lactobacillales	Bacilli	Firmicutes	25	17	17	17	reverse	XnGG	25	B	47		needs_exact_same_strain_protein_and_experimental_gold	aggregate_consensus_flanks_no_raw_target_ids
CP016394.1	CAS-TypeIIC	Streptococcus	Streptococcaceae	Lactobacillales	Bacilli	Firmicutes	32	17	17	17	reverse	XnnAAAAA|XnnAGAAA	32	B	47		needs_exact_same_strain_protein_and_experimental_gold	aggregate_consensus_flanks_no_raw_target_ids
CP016439.1	CAS-TypeIIC	Streptococcus	Streptococcaceae	Lactobacillales	Bacilli	Firmicutes	35	17	17	17	reverse	XnnAnAA	35	B	47		needs_exact_same_strain_protein_and_experimental_gold	aggregate_consensus_flanks_no_raw_target_ids
CP017064.1	CAS-TypeIIC	Streptococcus	Streptococcaceae	Lactobacillales	Bacilli	Firmicutes	17	17	17	17	forward	XnnAAAAA|XnnAGAAA	17	B	47		needs_exact_same_strain_protein_and_experimental_gold	aggregate_consensus_flanks_no_raw_target_ids
CP017666.1	CAS-TypeIIA	Streptococcus	Streptococcaceae	Lactobacillales	Bacilli	Firmicutes	26	17	17	17	forward	XnGGnG	26	B	47		needs_exact_same_strain_protein_and_experimental_gold	aggregate_consensus_flanks_no_raw_target_ids
CP017667.1	CAS-TypeIIA	Streptococcus	Streptococcaceae	Lactobacillales	Bacilli	Firmicutes	26	17	17	17	forward	XnGGnG	26	B	47		needs_exact_same_strain_protein_and_experimental_gold	aggregate_consensus_flanks_no_raw_target_ids
CP017713.1	CAS-TypeIIA	Lactobacillus	Lactobacillaceae	Lactobacillales	Bacilli	Firmicutes	30	17	17	17	reverse	XnnATA	30	B	47		needs_exact_same_strain_protein_and_experimental_gold	aggregate_consensus_flanks_no_raw_target_ids
CP019617.1	CAS-TypeIIA	Listeria	Listeriaceae	Bacillales	Bacilli	Firmicutes	19	17	17	17	reverse	XnGG	19	B	47		needs_exact_same_strain_protein_and_experimental_gold	aggregate_consensus_flanks_no_raw_target_ids
CP020403.2	CAS-TypeIIC	Pasteurella	Pasteurellaceae	Pasteurellales	Gammaproteobacteria	Proteobacteria	20	17	17	17	forward		20	C	37		needs_exact_same_strain_protein_and_experimental_gold	aggregate_consensus_flanks_no_raw_target_ids
CP022389.1	CAS-TypeIIC	Capnocytophaga	Flavobacteriaceae	Flavobacteriales	Flavobacteriia	Bacteroidetes	40	17	17	17	reverse		40	C	37		needs_exact_same_strain_protein_and_experimental_gold	aggregate_consensus_flanks_no_raw_target_ids
CP026116.1	CAS-TypeIIA	Lactobacillus	Lactobacillaceae	Lactobacillales	Bacilli	Firmicutes	28	17	17	17	reverse	XnGATA	28	B	47		needs_exact_same_strain_protein_and_experimental_gold	aggregate_consensus_flanks_no_raw_target_ids
CP031003.1	CAS-TypeIIA	Lactobacillus	Lactobacillaceae	Lactobacillales	Bacilli	Firmicutes	21	17	17	17	forward	XnnAAAA	21	B	47		needs_exact_same_strain_protein_and_experimental_gold	aggregate_consensus_flanks_no_raw_target_ids
CP034193.1	CAS-TypeIIA	Lactobacillus	Lactobacillaceae	Lactobacillales	Bacilli	Firmicutes	22	17	17	17	forward	XnnAAC	22	B	47		needs_exact_same_strain_protein_and_experimental_gold	aggregate_consensus_flanks_no_raw_target_ids
LR134263.1	CAS-TypeIIC	Staphylococcus	Staphylococcaceae	Bacillales	Bacilli	Firmicutes	18	17	17	17	forward	XTGG	18	B	47		needs_exact_same_strain_protein_and_experimental_gold	aggregate_consensus_flanks_no_raw_target_ids
LS483341.1	CAS-TypeIIA	Streptococcus	Streptococcaceae	Lactobacillales	Bacilli	Firmicutes	18	17	17	17	forward	XnGG	18	B	47		needs_exact_same_strain_protein_and_experimental_gold	aggregate_consensus_flanks_no_raw_target_ids
LT907931.1	CAS-TypeIIA	Lactobacillus	Lactobacillaceae	Lactobacillales	Bacilli	Firmicutes	24	17	17	17	reverse	XnnAnAA	24	B	47		needs_exact_same_strain_protein_and_experimental_gold	aggregate_consensus_flanks_no_raw_target_ids
AP014624.1	CAS-TypeIIC	Chryseobacterium	Flavobacteriaceae	Flavobacteriales	Flavobacteriia	Bacteroidetes	37	16	16	16	reverse		37	C	36		needs_exact_same_strain_protein_and_experimental_gold	aggregate_consensus_flanks_no_raw_target_ids
AP018676.1	CAS-TypeIIC	Helicobacter	Helicobacteraceae	Campylobacterales	Epsilonproteobacteria	Proteobacteria	43	16	16	16	reverse	XnnnnnnTnnA	43	B	46		needs_exact_same_strain_protein_and_experimental_gold	aggregate_consensus_flanks_no_raw_target_ids
CP002541.1	CAS-TypeIIC	Sphaerochaeta	Spirochaetaceae	Spirochaetales	Spirochaetia	Spirochaetes	42	16	16	16	forward	XnnnTTT	42	B	46		needs_exact_same_strain_protein_and_experimental_gold	aggregate_consensus_flanks_no_raw_target_ids
CP009557.1	CAS-TypeIIC	Clostridium	Clostridiaceae	Clostridiales	Clostridia	Firmicutes	22	16	16	16	forward	XnnnnnAGAA	22	B	46		needs_exact_same_strain_protein_and_experimental_gold	aggregate_consensus_flanks_no_raw_target_ids
CP010059.1	CAS-TypeIIA	Enterococcus	Enterococcaceae	Lactobacillales	Bacilli	Firmicutes	33	16	16	16	forward	XTnnnCA	33	B	46		needs_exact_same_strain_protein_and_experimental_gold	aggregate_consensus_flanks_no_raw_target_ids
CP017037.1	CAS-TypeIIA	Dialister	Veillonellaceae	Veillonellales	Negativicutes	Firmicutes	19	16	16	16	reverse	XnnnnTnnnnT	19	B	46		needs_exact_same_strain_protein_and_experimental_gold	aggregate_consensus_flanks_no_raw_target_ids
CP017151.1	CAS-TypeIIA	Lactobacillus	Lactobacillaceae	Lactobacillales	Bacilli	Firmicutes	19	16	16	16	forward	XnGAAA	19	B	46		needs_exact_same_strain_protein_and_experimental_gold	aggregate_consensus_flanks_no_raw_target_ids
CP020457.1	CAS-TypeIIA	Lactobacillus	Lactobacillaceae	Lactobacillales	Bacilli	Firmicutes	21	16	16	16	reverse		21	C	36		needs_exact_same_strain_protein_and_experimental_gold	aggregate_consensus_flanks_no_raw_target_ids
CP021674.1	CAS-TypeIIA	Lactobacillus	Lactobacillaceae	Lactobacillales	Bacilli	Firmicutes	23	16	16	16	forward	XnGAAA	23	B	46		needs_exact_same_strain_protein_and_experimental_gold	aggregate_consensus_flanks_no_raw_target_ids
CP021769.1	CAS-TypeIIA	Streptococcus	Streptococcaceae	Lactobacillales	Bacilli	Firmicutes	18	16	16	16	reverse	XnTGG	18	B	46		needs_exact_same_strain_protein_and_experimental_gold	aggregate_consensus_flanks_no_raw_target_ids
CP028183.1	CAS-TypeIIA	Listeria	Listeriaceae	Bacillales	Bacilli	Firmicutes	21	16	16	16	reverse	XnGGTA|XnGGnA|XnGGnAnnA	21	B	46		needs_exact_same_strain_protein_and_experimental_gold	aggregate_consensus_flanks_no_raw_target_ids
FN995097.1	CAS-TypeIIC	Neisseria	Neisseriaceae	Neisseriales	Betaproteobacteria	Proteobacteria	18	16	16	16	forward|reverse		18	C	26		needs_exact_same_strain_protein_and_experimental_gold	aggregate_consensus_flanks_no_raw_target_ids
FQ312002.1	CAS-TypeIIC	Haemophilus	Pasteurellaceae	Pasteurellales	Gammaproteobacteria	Proteobacteria	16	16	16	16	reverse	XnnnnGAAT	16	B	46		needs_exact_same_strain_protein_and_experimental_gold	aggregate_consensus_flanks_no_raw_target_ids
FR774048.1	CAS-TypeIIC	Neisseria	Neisseriaceae	Neisseriales	Betaproteobacteria	Proteobacteria	22	16	16	16	forward		22	C	36		needs_exact_same_strain_protein_and_experimental_gold	aggregate_consensus_flanks_no_raw_target_ids
HG934468.1	CAS-TypeIIC	Mucinivorans	Rikenellaceae	Bacteroidales	Bacteroidia	Bacteroidetes	64	16	16	16	forward	XnnGnnT	64	B	46		needs_exact_same_strain_protein_and_experimental_gold	aggregate_consensus_flanks_no_raw_target_ids
LR134512.1	CAS-TypeIIA	Streptococcus	Streptococcaceae	Lactobacillales	Bacilli	Firmicutes	18	16	16	16	forward	XTGGnT|XnGG	18	B	46		needs_exact_same_strain_protein_and_experimental_gold	aggregate_consensus_flanks_no_raw_target_ids
AP018447.1	CAS-TypeIIC	Helicobacter	Helicobacteraceae	Campylobacterales	Epsilonproteobacteria	Proteobacteria	36	15	15	15	reverse		36	C	35		needs_exact_same_strain_protein_and_experimental_gold	aggregate_consensus_flanks_no_raw_target_ids
AP018721.1	CAS-TypeIIC	Sulfuritortus	Thiobacillaceae	Nitrosomonadales	Betaproteobacteria	Proteobacteria	32	15	15	15	reverse		32	C	35		needs_exact_same_strain_protein_and_experimental_gold	aggregate_consensus_flanks_no_raw_target_ids
CM001469.1	CAS-TypeIIA	Listeria	Listeriaceae	Bacillales	Bacilli	Firmicutes	18	15	15	15	reverse	XnGG	18	B	45		needs_exact_same_strain_protein_and_experimental_gold	aggregate_consensus_flanks_no_raw_target_ids
CM003136.1	CAS-TypeIIA	Streptococcus	Streptococcaceae	Lactobacillales	Bacilli	Firmicutes	18	15	15	15	reverse	XnGGnG	18	B	45		needs_exact_same_strain_protein_and_experimental_gold	aggregate_consensus_flanks_no_raw_target_ids
CP000024.1	CAS-TypeIIC	Streptococcus	Streptococcaceae	Lactobacillales	Bacilli	Firmicutes	35	15	15	15	forward	XnnAnAAA	35	B	45		needs_exact_same_strain_protein_and_experimental_gold	aggregate_consensus_flanks_no_raw_target_ids
CP002390.1	CAS-TypeIIA	Filifactor	Peptostreptococcaceae	Clostridiales	Clostridia	Firmicutes	21	15	15	15	reverse	XnnnAA	21	B	45		needs_exact_same_strain_protein_and_experimental_gold	aggregate_consensus_flanks_no_raw_target_ids
CP007524.1	CAS-TypeIIC	Neisseria	Neisseriaceae	Neisseriales	Betaproteobacteria	Proteobacteria	22	15	15	15	forward		22	C	35		needs_exact_same_strain_protein_and_experimental_gold	aggregate_consensus_flanks_no_raw_target_ids
CP007769.1	CAS-TypeIIC	Campylobacter	Campylobacteraceae	Campylobacterales	Epsilonproteobacteria	Proteobacteria	32	15	15	15	reverse		32	C	35		needs_exact_same_strain_protein_and_experimental_gold	aggregate_consensus_flanks_no_raw_target_ids
CP011059.1	CAS-TypeIIC	Elizabethkingia	Flavobacteriaceae	Flavobacteriales	Flavobacteriia	Bacteroidetes	25	15	15	15	reverse		25	C	35		needs_exact_same_strain_protein_and_experimental_gold	aggregate_consensus_flanks_no_raw_target_ids
CP013476.1	CAS-TypeIIC	Turicibacter	Erysipelotrichaceae	Erysipelotrichales	Erysipelotrichia	Firmicutes	19	15	15	15	forward	XnnAAAC	19	registered	45	tsp-h121-published-flanks	registered_retrospective_system	aggregate_consensus_flanks_no_raw_target_ids
CP013722.1	CAS-TypeIIA	Listeria	Listeriaceae	Bacillales	Bacilli	Firmicutes	21	15	15	15	forward	XnGG	21	B	45		needs_exact_same_strain_protein_and_experimental_gold	aggregate_consensus_flanks_no_raw_target_ids
CP020433.2	CAS-TypeIIA	Streptococcus	Streptococcaceae	Lactobacillales	Bacilli	Firmicutes	16	15	15	15	forward	XnGG	16	B	45		needs_exact_same_strain_protein_and_experimental_gold	aggregate_consensus_flanks_no_raw_target_ids
CP025118.1	CAS-TypeIIC	Lacinutrix	Flavobacteriaceae	Flavobacteriales	Flavobacteriia	Bacteroidetes	58	15	15	15	reverse		58	C	35		needs_exact_same_strain_protein_and_experimental_gold	aggregate_consensus_flanks_no_raw_target_ids
CP027229.1	CAS-TypeIIC	Capnocytophaga	Flavobacteriaceae	Flavobacteriales	Flavobacteriia	Bacteroidetes	16	15	15	15	forward	XnnAAA|XnnAAAGA	16	B	45		needs_exact_same_strain_protein_and_experimental_gold	aggregate_consensus_flanks_no_raw_target_ids
CP031328.1	CAS-TypeIIC	Neisseria	Neisseriaceae	Neisseriales	Betaproteobacteria	Proteobacteria	22	15	15	15	forward		22	C	35		needs_exact_same_strain_protein_and_experimental_gold	aggregate_consensus_flanks_no_raw_target_ids
CP031332.1	CAS-TypeIIC	Neisseria	Neisseriaceae	Neisseriales	Betaproteobacteria	Proteobacteria	21	15	15	15	forward		21	C	35		needs_exact_same_strain_protein_and_experimental_gold	aggregate_consensus_flanks_no_raw_target_ids
CP040008.1	CAS-TypeIIC					Candidatus Saccharibacteria	16	15	15	15	forward	XnnnnGCA	16	B	45		needs_exact_same_strain_protein_and_experimental_gold	aggregate_consensus_flanks_no_raw_target_ids
CP040504.1	CAS-TypeIIC	Neisseria	Neisseriaceae	Neisseriales	Betaproteobacteria	Proteobacteria	25	15	15	15	forward		25	C	35		needs_exact_same_strain_protein_and_experimental_gold	aggregate_consensus_flanks_no_raw_target_ids
LR134509.1	CAS-TypeIIC	Helicobacter	Helicobacteraceae	Campylobacterales	Epsilonproteobacteria	Proteobacteria	20	15	15	15	forward	AnnnGGnnAnX	20	B	45		needs_exact_same_strain_protein_and_experimental_gold	aggregate_consensus_flanks_no_raw_target_ids
LR134520.1	CAS-TypeIIA	Streptococcus	Streptococcaceae	Lactobacillales	Bacilli	Firmicutes	17	15	15	15	reverse	XnGGA|XnGGnnnA	17	B	45		needs_exact_same_strain_protein_and_experimental_gold	aggregate_consensus_flanks_no_raw_target_ids
LS483393.1	CAS-TypeIIC	Clostridium	Clostridiaceae	Clostridiales	Clostridia	Firmicutes	16	15	15	15	forward	XnnnnnAnA	16	B	45		needs_exact_same_strain_protein_and_experimental_gold	aggregate_consensus_flanks_no_raw_target_ids
LT670843.1	CAS-TypeIIC	Flavobacterium	Flavobacteriaceae	Flavobacteriales	Flavobacteriia	Bacteroidetes	39	15	15	15	forward	XnAnnT	39	B	45		needs_exact_same_strain_protein_and_experimental_gold	aggregate_consensus_flanks_no_raw_target_ids
LT960790.1	CAS-TypeIIA	Lactobacillus	Lactobacillaceae	Lactobacillales	Bacilli	Firmicutes	29	15	15	15	reverse	XnnGAAA|XnnGAAAnT	29	B	45		needs_exact_same_strain_protein_and_experimental_gold	aggregate_consensus_flanks_no_raw_target_ids
AP018335.1	CAS-TypeIIC	Ureibacillus	Planococcaceae	Bacillales	Bacilli	Firmicutes	23	14	14	14	forward	XnnnGnnA	23	B	44		needs_exact_same_strain_protein_and_experimental_gold	aggregate_consensus_flanks_no_raw_target_ids
CP002652.1	CAS-TypeIIA	Lactobacillus	Lactobacillaceae	Lactobacillales	Bacilli	Firmicutes	25	14	14	14	reverse	XnnAnnA	25	B	44		needs_exact_same_strain_protein_and_experimental_gold	aggregate_consensus_flanks_no_raw_target_ids
CP006819.1	CAS-TypeIIC	Streptococcus	Streptococcaceae	Lactobacillales	Bacilli	Firmicutes	32	14	14	14	forward	XnnAGAAA|XnnAGAAAnAA	32	B	44		needs_exact_same_strain_protein_and_experimental_gold	aggregate_consensus_flanks_no_raw_target_ids
CP010554.1	CAS-TypeIIC	Rugosibacter	Rhodocyclaceae	Rhodocyclales	Betaproteobacteria	Proteobacteria	37	14	14	14	forward	XnGC	37	B	44		needs_exact_same_strain_protein_and_experimental_gold	aggregate_consensus_flanks_no_raw_target_ids
CP010999.1	CAS-TypeIIC	Streptococcus	Streptococcaceae	Lactobacillales	Bacilli	Firmicutes	32	14	14	14	forward	XnnAGAAA|XnnAGAAAnAA	32	B	44		needs_exact_same_strain_protein_and_experimental_gold	aggregate_consensus_flanks_no_raw_target_ids
CP011329.1	CAS-TypeIIA	Streptococcus	Streptococcaceae	Lactobacillales	Bacilli	Firmicutes	16	14	14	14	forward	XnGG	16	B	44		needs_exact_same_strain_protein_and_experimental_gold	aggregate_consensus_flanks_no_raw_target_ids
CP012392.1	CAS-TypeIIC	Neisseria	Neisseriaceae	Neisseriales	Betaproteobacteria	Proteobacteria	20	14	14	14	forward		20	registered	34	nme2-de10444-published-flanks	registered_retrospective_system	aggregate_consensus_flanks_no_raw_target_ids
CP013651.1	CAS-TypeIIA	Streptococcus	Streptococcaceae	Lactobacillales	Bacilli	Firmicutes	14	14	14	14	forward	XnGG	14	B	44		needs_exact_same_strain_protein_and_experimental_gold	aggregate_consensus_flanks_no_raw_target_ids
CP013992.1	CAS-TypeIIC	Flavobacterium	Flavobacteriaceae	Flavobacteriales	Flavobacteriia	Bacteroidetes	34	14	14	14	forward		34	C	34		needs_exact_same_strain_protein_and_experimental_gold	aggregate_consensus_flanks_no_raw_target_ids
CP015283.1	CAS-TypeIIC	Streptococcus	Streptococcaceae	Lactobacillales	Bacilli	Firmicutes	14	14	14	14	reverse	XnnAAAGnnA	14	B	44		needs_exact_same_strain_protein_and_experimental_gold	aggregate_consensus_flanks_no_raw_target_ids
CP016026.1	CAS-TypeIIC	Streptococcus	Streptococcaceae	Lactobacillales	Bacilli	Firmicutes	32	14	14	14	forward	XnnAGAAA|XnnAGAAAnAA	32	B	44		needs_exact_same_strain_protein_and_experimental_gold	aggregate_consensus_flanks_no_raw_target_ids
CP016803.1	CAS-TypeIIA	Lactobacillus	Lactobacillaceae	Lactobacillales	Bacilli	Firmicutes	17	14	14	14	reverse	XnTAAC	17	B	44		needs_exact_same_strain_protein_and_experimental_gold	aggregate_consensus_flanks_no_raw_target_ids
CP022547.1	CAS-TypeIIC	Streptococcus	Streptococcaceae	Lactobacillales	Bacilli	Firmicutes	18	14	14	14	forward	XnnAAAG	0	C	34		needs_exact_same_strain_protein_and_experimental_gold	aggregate_consensus_flanks_no_raw_target_ids
CP022757.1	CAS-TypeIIC	Ralstonia	Burkholderiaceae	Burkholderiales	Betaproteobacteria	Proteobacteria	33	14	14	14	reverse	XnGGnG	33	B	44		needs_exact_same_strain_protein_and_experimental_gold	aggregate_consensus_flanks_no_raw_target_ids
CP022763.1	CAS-TypeIIC	Ralstonia	Burkholderiaceae	Burkholderiales	Betaproteobacteria	Proteobacteria	33	14	14	14	reverse	XnGGnG	33	B	44		needs_exact_same_strain_protein_and_experimental_gold	aggregate_consensus_flanks_no_raw_target_ids
CP022774.1	CAS-TypeIIC	Ralstonia	Burkholderiaceae	Burkholderiales	Betaproteobacteria	Proteobacteria	33	14	14	14	reverse	XnGGnG	33	B	44		needs_exact_same_strain_protein_and_experimental_gold	aggregate_consensus_flanks_no_raw_target_ids
CP022796.1	CAS-TypeIIC	Ralstonia	Burkholderiaceae	Burkholderiales	Betaproteobacteria	Proteobacteria	33	14	14	14	reverse	XnGGnG	33	B	44		needs_exact_same_strain_protein_and_experimental_gold	aggregate_consensus_flanks_no_raw_target_ids
CP025216.1	CAS-TypeIIC	Streptococcus	Streptococcaceae	Lactobacillales	Bacilli	Firmicutes	32	14	14	14	forward	XnnAGAAA|XnnAGAAAnAA	32	B	44		needs_exact_same_strain_protein_and_experimental_gold	aggregate_consensus_flanks_no_raw_target_ids
CP033371.1	CAS-TypeIIA	Lactobacillus	Lactobacillaceae	Lactobacillales	Bacilli	Firmicutes	20	14	14	14	reverse	XnCAAC	20	B	44		needs_exact_same_strain_protein_and_experimental_gold	aggregate_consensus_flanks_no_raw_target_ids
CP034099.1	CAS-TypeIIA	Lactobacillus	Lactobacillaceae	Lactobacillales	Bacilli	Firmicutes	20	14	14	14	reverse	XnCAAC	20	B	44		needs_exact_same_strain_protein_and_experimental_gold	aggregate_consensus_flanks_no_raw_target_ids
CP035007.1	CAS-TypeIIC	Staphylococcus	Staphylococcaceae	Bacillales	Bacilli	Firmicutes	16	14	14	14	reverse	XnnGAA	16	B	44		needs_exact_same_strain_protein_and_experimental_gold	aggregate_consensus_flanks_no_raw_target_ids
CP035926.1	CAS-TypeIIC	Arcobacter	Campylobacteraceae	Campylobacterales	Epsilonproteobacteria	Proteobacteria	28	14	14	14	forward	XnnnnnTTT	28	B	44		needs_exact_same_strain_protein_and_experimental_gold	aggregate_consensus_flanks_no_raw_target_ids
FM999788.1	CAS-TypeIIC	Neisseria	Neisseriaceae	Neisseriales	Betaproteobacteria	Proteobacteria	23	14	14	14	reverse		23	C	34		needs_exact_same_strain_protein_and_experimental_gold	aggregate_consensus_flanks_no_raw_target_ids
FP929049.1	CAS-TypeIIC	Roseburia	Lachnospiraceae	Clostridiales	Clostridia	Firmicutes	19	14	14	14	reverse	XnnnnCnCA|XnnnnCnnA	19	B	44		needs_exact_same_strain_protein_and_experimental_gold	aggregate_consensus_flanks_no_raw_target_ids
FR733645.1	CAS-TypeIIA	Listeria	Listeriaceae	Bacillales	Bacilli	Firmicutes	21	14	14	14	reverse	XnGG	21	B	44		needs_exact_same_strain_protein_and_experimental_gold	aggregate_consensus_flanks_no_raw_target_ids
LR134320.1	CAS-TypeIIA	Streptococcus	Streptococcaceae	Lactobacillales	Bacilli	Firmicutes	21	14	14	14	reverse	XTAAA	21	B	44		needs_exact_same_strain_protein_and_experimental_gold	aggregate_consensus_flanks_no_raw_target_ids
LS483354.1	CAS-TypeIIA	Streptococcus	Streptococcaceae	Lactobacillales	Bacilli	Firmicutes	16	14	14	14	reverse	XnGG|XnGGnnnT	16	registered	44	seq2-nctc11606-published-flanks	registered_retrospective_system	aggregate_consensus_flanks_no_raw_target_ids
LS483403.1	CAS-TypeIIC	Streptococcus	Streptococcaceae	Lactobacillales	Bacilli	Firmicutes	26	14	14	14	reverse	XnnAAAAA	26	B	44		needs_exact_same_strain_protein_and_experimental_gold	aggregate_consensus_flanks_no_raw_target_ids
AP013045.1	CAS-TypeIIC	Tannerella	Tannerellaceae	Bacteroidales	Bacteroidia	Bacteroidetes	20	13	13	13	forward	XnnAAA	20	B	43		needs_exact_same_strain_protein_and_experimental_gold	aggregate_consensus_flanks_no_raw_target_ids
AP014944.1	CAS-TypeIIC	Staphylococcus	Staphylococcaceae	Bacillales	Bacilli	Firmicutes	15	13	13	13	reverse	XnnGAAG	15	B	43		needs_exact_same_strain_protein_and_experimental_gold	aggregate_consensus_flanks_no_raw_target_ids
AP018538.1	CAS-TypeIIC	Enterococcus	Enterococcaceae	Lactobacillales	Bacilli	Firmicutes	16	13	13	13	reverse	XnnATAA	16	B	43		needs_exact_same_strain_protein_and_experimental_gold	aggregate_consensus_flanks_no_raw_target_ids
AP018543.1	CAS-TypeIIC	Enterococcus	Enterococcaceae	Lactobacillales	Bacilli	Firmicutes	16	13	13	13	reverse	XnnATAA	16	B	43		needs_exact_same_strain_protein_and_experimental_gold	aggregate_consensus_flanks_no_raw_target_ids
CM001398.1	CAS-TypeIIA	Oenococcus	Leuconostocaceae	Lactobacillales	Bacilli	Firmicutes	56	13	13	13	forward		56	C	33		needs_exact_same_strain_protein_and_experimental_gold	aggregate_consensus_flanks_no_raw_target_ids
CP002006.1	CAS-TypeIIC	Prevotella	Prevotellaceae	Bacteroidales	Bacteroidia	Bacteroidetes	15	13	13	13	reverse	XnAGGGCG	15	B	43		needs_exact_same_strain_protein_and_experimental_gold	aggregate_consensus_flanks_no_raw_target_ids
CP002542.1	CAS-TypeIIC	Fluviicola	Crocinitomicaceae	Flavobacteriales	Flavobacteriia	Bacteroidetes	70	13	13	13	reverse		70	C	33		needs_exact_same_strain_protein_and_experimental_gold	aggregate_consensus_flanks_no_raw_target_ids
CP003726.1	CAS-TypeIIA	Enterococcus	Enterococcaceae	Lactobacillales	Bacilli	Firmicutes	22	13	13	13	forward|reverse	XnGG|XnGGnA	22	C	33		needs_exact_same_strain_protein_and_experimental_gold	aggregate_consensus_flanks_no_raw_target_ids
CP007181.1	CAS-TypeIIC	Campylobacter	Campylobacteraceae	Campylobacterales	Epsilonproteobacteria	Proteobacteria	15	13	13	13	reverse	TnnTnnnnnnX	15	B	43		needs_exact_same_strain_protein_and_experimental_gold	aggregate_consensus_flanks_no_raw_target_ids
CP010992.1	CAS-TypeIIC	Flavobacterium	Flavobacteriaceae	Flavobacteriales	Flavobacteriia	Bacteroidetes	24	13	13	13	forward		24	C	33		needs_exact_same_strain_protein_and_experimental_gold	aggregate_consensus_flanks_no_raw_target_ids
CP013149.1	CAS-TypeIIA	Lactobacillus	Lactobacillaceae	Lactobacillales	Bacilli	Firmicutes	31	13	13	13	forward		31	C	33		needs_exact_same_strain_protein_and_experimental_gold	aggregate_consensus_flanks_no_raw_target_ids
CP014623.1	CAS-TypeIIC	Lactobacillus	Lactobacillaceae	Lactobacillales	Bacilli	Firmicutes	33	13	13	13	reverse	XnnnnnTTT	33	B	43		needs_exact_same_strain_protein_and_experimental_gold	aggregate_consensus_flanks_no_raw_target_ids
CP016391.1	CAS-TypeIIA	Streptococcus	Streptococcaceae	Lactobacillales	Bacilli	Firmicutes	13	13	13	13	forward	XnGG	13	B	43		needs_exact_same_strain_protein_and_experimental_gold	aggregate_consensus_flanks_no_raw_target_ids
CP017295.1	CAS-TypeIIC	Streptococcus	Streptococcaceae	Lactobacillales	Bacilli	Firmicutes	13	13	13	13	reverse	XnnAAAGnT	13	B	43		needs_exact_same_strain_protein_and_experimental_gold	aggregate_consensus_flanks_no_raw_target_ids
CP020402.2	CAS-TypeIIC	Neisseria	Neisseriaceae	Neisseriales	Betaproteobacteria	Proteobacteria	33	13	13	13	forward		33	C	33		needs_exact_same_strain_protein_and_experimental_gold	aggregate_consensus_flanks_no_raw_target_ids
CP020422.2	CAS-TypeIIC	Neisseria	Neisseriaceae	Neisseriales	Betaproteobacteria	Proteobacteria	33	13	13	13	forward		33	C	33		needs_exact_same_strain_protein_and_experimental_gold	aggregate_consensus_flanks_no_raw_target_ids
CP020438.2	CAS-TypeIIC	Streptococcus	Streptococcaceae	Lactobacillales	Bacilli	Firmicutes	14	13	13	13	forward	XnnAGAAC	14	B	43		needs_exact_same_strain_protein_and_experimental_gold	aggregate_consensus_flanks_no_raw_target_ids
CP021790.1	CAS-TypeIIA	Lactobacillus	Lactobacillaceae	Lactobacillales	Bacilli	Firmicutes	26	13	13	13	forward|reverse	XnnnAAA	26	C	33		needs_exact_same_strain_protein_and_experimental_gold	aggregate_consensus_flanks_no_raw_target_ids
CP023483.1	CAS-TypeIIA	Brochothrix	Listeriaceae	Bacillales	Bacilli	Firmicutes	23	13	13	13	reverse	XnGG	23	B	43		needs_exact_same_strain_protein_and_experimental_gold	aggregate_consensus_flanks_no_raw_target_ids
CP023643.1	CAS-TypeIIA	Brochothrix	Listeriaceae	Bacillales	Bacilli	Firmicutes	23	13	13	13	reverse	XnGG	23	B	43		needs_exact_same_strain_protein_and_experimental_gold	aggregate_consensus_flanks_no_raw_target_ids
CP025839.1	CAS-TypeIIC	Lactobacillus	Lactobacillaceae	Lactobacillales	Bacilli	Firmicutes	26	13	13	13	forward	XnnnnnnAC	26	B	43		needs_exact_same_strain_protein_and_experimental_gold	aggregate_consensus_flanks_no_raw_target_ids
CP028926.1	CAS-TypeIIC	Pasteurella	Pasteurellaceae	Pasteurellales	Gammaproteobacteria	Proteobacteria	20	13	13	13	forward		20	C	33		needs_exact_same_strain_protein_and_experimental_gold	aggregate_consensus_flanks_no_raw_target_ids
CP031219.1	CAS-TypeIIC	Arcobacter	Campylobacteraceae	Campylobacterales	Epsilonproteobacteria	Proteobacteria	25	13	13	13	reverse		25	C	33		needs_exact_same_strain_protein_and_experimental_gold	aggregate_consensus_flanks_no_raw_target_ids
CP031556.1	CAS-TypeIIA	Streptococcus	Streptococcaceae	Lactobacillales	Bacilli	Firmicutes	15	13	13	13	forward	XnGG	15	B	43		needs_exact_same_strain_protein_and_experimental_gold	aggregate_consensus_flanks_no_raw_target_ids
CP031837.1	CAS-TypeIIC	Clostridium	Clostridiaceae	Clostridiales	Clostridia	Firmicutes	14	13	13	13	reverse		14	C	33		needs_exact_same_strain_protein_and_experimental_gold	aggregate_consensus_flanks_no_raw_target_ids
CP033616.1	CAS-TypeIIA	Lactobacillus	Lactobacillaceae	Lactobacillales	Bacilli	Firmicutes	16	13	13	13	reverse	XnnGAAA	16	B	43		needs_exact_same_strain_protein_and_experimental_gold	aggregate_consensus_flanks_no_raw_target_ids
CP033811.1	CAS-TypeIIC	Chryseobacterium	Flavobacteriaceae	Flavobacteriales	Flavobacteriia	Bacteroidetes	36	13	13	13	reverse		36	C	33		needs_exact_same_strain_protein_and_experimental_gold	aggregate_consensus_flanks_no_raw_target_ids
FP929038.1	CAS-TypeIIA	Coprococcus	Lachnospiraceae	Clostridiales	Clostridia	Firmicutes	15	13	13	13	forward	XnAAAAT	15	B	43		needs_exact_same_strain_protein_and_experimental_gold	aggregate_consensus_flanks_no_raw_target_ids
FP929047.1	CAS-TypeIIA	Gordonibacter	Eggerthellaceae	Eggerthellales	Coriobacteriia	Actinobacteria	18	13	13	13	forward		18	C	33		needs_exact_same_strain_protein_and_experimental_gold	aggregate_consensus_flanks_no_raw_target_ids
LR134526.1	CAS-TypeIIC	Neisseria	Neisseriaceae	Neisseriales	Betaproteobacteria	Proteobacteria	33	13	13	13	forward		33	C	33		needs_exact_same_strain_protein_and_experimental_gold	aggregate_consensus_flanks_no_raw_target_ids
LS483384.1	CAS-TypeIIA	Streptococcus	Streptococcaceae	Lactobacillales	Bacilli	Firmicutes	13	13	13	13	reverse	XnGGT	13	B	43		needs_exact_same_strain_protein_and_experimental_gold	aggregate_consensus_flanks_no_raw_target_ids
AE009948.1	CAS-TypeIIA	Streptococcus	Streptococcaceae	Lactobacillales	Bacilli	Firmicutes	24	12	12	12	forward	XnGG	24	B	42		needs_exact_same_strain_protein_and_experimental_gold	aggregate_consensus_flanks_no_raw_target_ids
AP012492.1	CAS-TypeIIC	Helicobacter	Helicobacteraceae	Campylobacterales	Epsilonproteobacteria	Proteobacteria	30	12	12	12	reverse		30	C	32		needs_exact_same_strain_protein_and_experimental_gold	aggregate_consensus_flanks_no_raw_target_ids
CM001022.1	CAS-TypeIIC	Aminomonas	Synergistaceae	Synergistales	Synergistia	Synergistetes	78	12	12	12	reverse	TTGX	78	B	42		needs_exact_same_strain_protein_and_experimental_gold	aggregate_consensus_flanks_no_raw_target_ids
CP001129.1	CAS-TypeIIA	Streptococcus	Streptococcaceae	Lactobacillales	Bacilli	Firmicutes	13	12	12	12	reverse	XnGG	13	B	42		needs_exact_same_strain_protein_and_experimental_gold	aggregate_consensus_flanks_no_raw_target_ids
CP003857.1	CAS-TypeIIC	Streptococcus	Streptococcaceae	Lactobacillales	Bacilli	Firmicutes	19	12	12	12	forward	XnnnAAAAA	19	B	42		needs_exact_same_strain_protein_and_experimental_gold	aggregate_consensus_flanks_no_raw_target_ids
CP003879.1	CAS-TypeIIC	Psychroflexus	Flavobacteriaceae	Flavobacteriales	Flavobacteriia	Bacteroidetes	24	12	12	12	reverse	XnnAnA	24	B	42		needs_exact_same_strain_protein_and_experimental_gold	aggregate_consensus_flanks_no_raw_target_ids
CP006576.1	CAS-TypeIIC	Elizabethkingia	Flavobacteriaceae	Flavobacteriales	Flavobacteriia	Bacteroidetes	15	12	12	12	forward		15	C	32		needs_exact_same_strain_protein_and_experimental_gold	aggregate_consensus_flanks_no_raw_target_ids
CP006772.1	CAS-TypeIIC			Bacteroidales	Bacteroidia	Bacteroidetes	29	12	12	12	forward	TTTnnX	29	B	42		needs_exact_same_strain_protein_and_experimental_gold	aggregate_consensus_flanks_no_raw_target_ids
CP008813.1	CAS-TypeIIA	Streptococcus	Streptococcaceae	Lactobacillales	Bacilli	Firmicutes	14	12	12	12	forward	XnGG	14	B	42		needs_exact_same_strain_protein_and_experimental_gold	aggregate_consensus_flanks_no_raw_target_ids
CP009676.1	CAS-TypeIIC	Staphylococcus	Staphylococcaceae	Bacillales	Bacilli	Firmicutes	16	12	12	12	reverse	XnAGAA|XnnGAA	16	B	42		needs_exact_same_strain_protein_and_experimental_gold	aggregate_consensus_flanks_no_raw_target_ids
CP011217.1	CAS-TypeIIA	Streptococcus	Streptococcaceae	Lactobacillales	Bacilli	Firmicutes	13	12	12	12	reverse	XnGGnG	13	B	42		needs_exact_same_strain_protein_and_experimental_gold	aggregate_consensus_flanks_no_raw_target_ids
CP012694.1	CAS-TypeIIC	Neisseria	Neisseriaceae	Neisseriales	Betaproteobacteria	Proteobacteria	18	12	12	12	forward		18	C	32		needs_exact_same_strain_protein_and_experimental_gold	aggregate_consensus_flanks_no_raw_target_ids
CP013689.1	CAS-TypeIIC	Streptococcus	Streptococcaceae	Lactobacillales	Bacilli	Firmicutes	16	12	12	12	reverse	XnnAAA	16	B	42		needs_exact_same_strain_protein_and_experimental_gold	aggregate_consensus_flanks_no_raw_target_ids
CP013939.1	CAS-TypeIIC	Streptococcus	Streptococcaceae	Lactobacillales	Bacilli	Firmicutes	14	12	12	12	reverse	XnnGTnAA	14	B	42		needs_exact_same_strain_protein_and_experimental_gold	aggregate_consensus_flanks_no_raw_target_ids
CP014020.1	CAS-TypeIIC	Elizabethkingia	Flavobacteriaceae	Flavobacteriales	Flavobacteriia	Bacteroidetes	18	12	12	12	reverse		18	C	32		needs_exact_same_strain_protein_and_experimental_gold	aggregate_consensus_flanks_no_raw_target_ids
CP014021.1	CAS-TypeIIC	Elizabethkingia	Flavobacteriaceae	Flavobacteriales	Flavobacteriia	Bacteroidetes	18	12	12	12	reverse		18	C	32		needs_exact_same_strain_protein_and_experimental_gold	aggregate_consensus_flanks_no_raw_target_ids
CP015593.1	CAS-TypeIIA	Listeria	Listeriaceae	Bacillales	Bacilli	Firmicutes	37	12	12	12	reverse	XnGG	37	B	42		needs_exact_same_strain_protein_and_experimental_gold	aggregate_consensus_flanks_no_raw_target_ids
CP016877.1	CAS-TypeIIC	Streptococcus	Streptococcaceae	Lactobacillales	Bacilli	Firmicutes	14	12	12	12	forward	XnnAAAnA	14	B	42		needs_exact_same_strain_protein_and_experimental_gold	aggregate_consensus_flanks_no_raw_target_ids
CP017029.1	CAS-TypeIIC	Campylobacter	Campylobacteraceae	Campylobacterales	Epsilonproteobacteria	Proteobacteria	14	12	12	12	reverse	ATnnnnX	14	B	42		needs_exact_same_strain_protein_and_experimental_gold	aggregate_consensus_flanks_no_raw_target_ids
CP019615.1	CAS-TypeIIA	Listeria	Listeriaceae	Bacillales	Bacilli	Firmicutes	39	12	12	12	forward	XnGG	39	B	42		needs_exact_same_strain_protein_and_experimental_gold	aggregate_consensus_flanks_no_raw_target_ids
CP020833.1	CAS-TypeIIA	Listeria	Listeriaceae	Bacillales	Bacilli	Firmicutes	15	12	12	12	reverse	XnGGTA|XnGGnAnnA	15	B	42		needs_exact_same_strain_protein_and_experimental_gold	aggregate_consensus_flanks_no_raw_target_ids
CP022754.1	CAS-TypeIIC	Parabacteroides	Tannerellaceae	Bacteroidales	Bacteroidia	Bacteroidetes	13	12	12	12	forward	XnGTTTTT	13	registered	42	psp-ct06-published-flanks	registered_retrospective_system	aggregate_consensus_flanks_no_raw_target_ids
CP025222.1	CAS-TypeIIA	Listeria	Listeriaceae	Bacillales	Bacilli	Firmicutes	15	12	12	12	reverse	XTGG|XnGG	15	B	42		needs_exact_same_strain_protein_and_experimental_gold	aggregate_consensus_flanks_no_raw_target_ids
CP025399.1	CAS-TypeIIA	Streptococcus	Streptococcaceae	Lactobacillales	Bacilli	Firmicutes	15	12	12	12	reverse	XTGGnGGnnA	15	B	42		needs_exact_same_strain_protein_and_experimental_gold	aggregate_consensus_flanks_no_raw_target_ids
CP035151.1	CAS-TypeIIA	Pediococcus	Lactobacillaceae	Lactobacillales	Bacilli	Firmicutes	18	12	12	12	forward	XnCAAA	18	B	42		needs_exact_same_strain_protein_and_experimental_gold	aggregate_consensus_flanks_no_raw_target_ids
CP035928.1	CAS-TypeIIC	Arcobacter	Campylobacteraceae	Campylobacterales	Epsilonproteobacteria	Proteobacteria	25	12	12	12	forward		25	C	32		needs_exact_same_strain_protein_and_experimental_gold	aggregate_consensus_flanks_no_raw_target_ids
FN597254.1	CAS-TypeIIC	Streptococcus	Streptococcaceae	Lactobacillales	Bacilli	Firmicutes	15	12	12	12	reverse	XnnGnAAA	15	B	42		needs_exact_same_strain_protein_and_experimental_gold	aggregate_consensus_flanks_no_raw_target_ids
FQ859183.1	CAS-TypeIIC	Flavobacterium	Flavobacteriaceae	Flavobacteriales	Flavobacteriia	Bacteroidetes	25	12	12	12	reverse		25	C	32		needs_exact_same_strain_protein_and_experimental_gold	aggregate_consensus_flanks_no_raw_target_ids
HF952106.1	CAS-TypeIIA	Streptococcus	Streptococcaceae	Lactobacillales	Bacilli	Firmicutes	12	12	12	12	forward	XnGG	12	B	42		needs_exact_same_strain_protein_and_experimental_gold	aggregate_consensus_flanks_no_raw_target_ids
LR134242.1	CAS-TypeIIC	Staphylococcus	Staphylococcaceae	Bacillales	Bacilli	Firmicutes	13	12	12	12	forward	XAnGG	13	B	42		needs_exact_same_strain_protein_and_experimental_gold	aggregate_consensus_flanks_no_raw_target_ids
LR134522.1	CAS-TypeIIC	Neisseria	Neisseriaceae	Neisseriales	Betaproteobacteria	Proteobacteria	20	12	12	12	forward		20	C	32		needs_exact_same_strain_protein_and_experimental_gold	aggregate_consensus_flanks_no_raw_target_ids
LR594048.1	CAS-TypeIIA	Streptococcus	Streptococcaceae	Lactobacillales	Bacilli	Firmicutes	12	12	12	12	reverse	XnGGnG	12	B	42		needs_exact_same_strain_protein_and_experimental_gold	aggregate_consensus_flanks_no_raw_target_ids
LS483342.1	CAS-TypeIIA	Streptococcus	Streptococcaceae	Lactobacillales	Bacilli	Firmicutes	15	12	12	12	reverse	XnGnnnA	15	B	42		needs_exact_same_strain_protein_and_experimental_gold	aggregate_consensus_flanks_no_raw_target_ids
CP000114.1	CAS-TypeIIA	Streptococcus	Streptococcaceae	Lactobacillales	Bacilli	Firmicutes	14	11	11	11	forward	XnGG	14	B	41		needs_exact_same_strain_protein_and_experimental_gold	aggregate_consensus_flanks_no_raw_target_ids
CP000419.1	CAS-TypeIIC	Streptococcus	Streptococcaceae	Lactobacillales	Bacilli	Firmicutes	16	11	11	11	forward	XnnAAAA|XnnAAAAA	16	B	41		needs_exact_same_strain_protein_and_experimental_gold	aggregate_consensus_flanks_no_raw_target_ids
CP003839.1	CAS-TypeIIA	Leuconostoc	Leuconostocaceae	Lactobacillales	Bacilli	Firmicutes	39	11	11	11	reverse	XnnAAG	39	B	41		needs_exact_same_strain_protein_and_experimental_gold	aggregate_consensus_flanks_no_raw_target_ids
CP004014.1	CAS-TypeIIC	Staphylococcus	Staphylococcaceae	Bacillales	Bacilli	Firmicutes	19	11	11	11	reverse		19	C	31		needs_exact_same_strain_protein_and_experimental_gold	aggregate_consensus_flanks_no_raw_target_ids
CP006910.1	CAS-TypeIIA	Streptococcus	Streptococcaceae	Lactobacillales	Bacilli	Firmicutes	12	11	11	11	forward		12	C	31		needs_exact_same_strain_protein_and_experimental_gold	aggregate_consensus_flanks_no_raw_target_ids
CP009159.1	CAS-TypeIIC	Actinobacillus	Pasteurellaceae	Pasteurellales	Gammaproteobacteria	Proteobacteria	15	11	11	11	reverse	XnnnnCAAA	15	B	41		needs_exact_same_strain_protein_and_experimental_gold	aggregate_consensus_flanks_no_raw_target_ids
CP011217.1	CAS-TypeIIC	Streptococcus	Streptococcaceae	Lactobacillales	Bacilli	Firmicutes	16	11	11	11	forward	XnnAAAAA	16	B	41		needs_exact_same_strain_protein_and_experimental_gold	aggregate_consensus_flanks_no_raw_target_ids
CP012389.1	CAS-TypeIIA	Lactobacillus	Lactobacillaceae	Lactobacillales	Bacilli	Firmicutes	20	11	11	11	forward	XnnAAA	20	B	41		needs_exact_same_strain_protein_and_experimental_gold	aggregate_consensus_flanks_no_raw_target_ids
CP016646.1	CAS-TypeIIC	Neisseria	Neisseriaceae	Neisseriales	Betaproteobacteria	Proteobacteria	26	11	11	11	forward		26	C	31		needs_exact_same_strain_protein_and_experimental_gold	aggregate_consensus_flanks_no_raw_target_ids
CP016647.1	CAS-TypeIIC	Neisseria	Neisseriaceae	Neisseriales	Betaproteobacteria	Proteobacteria	25	11	11	11	forward		25	registered	31	nme-m22809-published-flanks	registered_retrospective_system	aggregate_consensus_flanks_no_raw_target_ids
CP016654.1	CAS-TypeIIC	Neisseria	Neisseriaceae	Neisseriales	Betaproteobacteria	Proteobacteria	25	11	11	11	forward		25	C	31		needs_exact_same_strain_protein_and_experimental_gold	aggregate_consensus_flanks_no_raw_target_ids
CP016671.1	CAS-TypeIIC	Neisseria	Neisseriaceae	Neisseriales	Betaproteobacteria	Proteobacteria	23	11	11	11	forward		23	C	31		needs_exact_same_strain_protein_and_experimental_gold	aggregate_consensus_flanks_no_raw_target_ids
CP016672.1	CAS-TypeIIC	Neisseria	Neisseriaceae	Neisseriales	Betaproteobacteria	Proteobacteria	25	11	11	11	reverse		25	C	31		needs_exact_same_strain_protein_and_experimental_gold	aggregate_consensus_flanks_no_raw_target_ids
CP016680.1	CAS-TypeIIC	Neisseria	Neisseriaceae	Neisseriales	Betaproteobacteria	Proteobacteria	25	11	11	11	reverse		25	C	31		needs_exact_same_strain_protein_and_experimental_gold	aggregate_consensus_flanks_no_raw_target_ids
CP016883.1	CAS-TypeIIC	Neisseria	Neisseriaceae	Neisseriales	Betaproteobacteria	Proteobacteria	25	11	11	11	forward		25	C	31		needs_exact_same_strain_protein_and_experimental_gold	aggregate_consensus_flanks_no_raw_target_ids
CP020353.1	CAS-TypeIIA	Lactobacillus	Lactobacillaceae	Lactobacillales	Bacilli	Firmicutes	20	11	11	11	forward	XnnAAAA	20	B	41		needs_exact_same_strain_protein_and_experimental_gold	aggregate_consensus_flanks_no_raw_target_ids
CP021104.1	CAS-TypeIIA	Lactobacillus	Lactobacillaceae	Lactobacillales	Bacilli	Firmicutes	20	11	11	11	forward	XnnAAAA	20	B	41		needs_exact_same_strain_protein_and_experimental_gold	aggregate_consensus_flanks_no_raw_target_ids
CP021772.1	CAS-TypeIIA	Streptococcus	Streptococcaceae	Lactobacillales	Bacilli	Firmicutes	16	11	11	11	forward	XnGG	16	B	41		needs_exact_same_strain_protein_and_experimental_gold	aggregate_consensus_flanks_no_raw_target_ids
CP021870.1	CAS-TypeIIA	Streptococcus	Streptococcaceae	Lactobacillales	Bacilli	Firmicutes	13	11	11	11	forward		13	C	31		needs_exact_same_strain_protein_and_experimental_gold	aggregate_consensus_flanks_no_raw_target_ids
CP022058.2	CAS-TypeIIC	Chryseobacterium	Flavobacteriaceae	Flavobacteriales	Flavobacteriia	Bacteroidetes	35	11	11	11	reverse		35	C	31		needs_exact_same_strain_protein_and_experimental_gold	aggregate_consensus_flanks_no_raw_target_ids
CP022379.1	CAS-TypeIIC	Capnocytophaga	Flavobacteriaceae	Flavobacteriales	Flavobacteriia	Bacteroidetes	11	11	11	11	forward	XnnAAAGA	11	B	41		needs_exact_same_strain_protein_and_experimental_gold	aggregate_consensus_flanks_no_raw_target_ids
CP023497.1	CAS-TypeIIC	Staphylococcus	Staphylococcaceae	Bacillales	Bacilli	Firmicutes	25	12	11	11	reverse	XnTGAA	25	B	41		needs_exact_same_strain_protein_and_experimental_gold	aggregate_consensus_flanks_no_raw_target_ids
CP025221.1	CAS-TypeIIA	Listeria	Listeriaceae	Bacillales	Bacilli	Firmicutes	14	11	11	11	reverse	XTGG|XnGG	14	B	41		needs_exact_same_strain_protein_and_experimental_gold	aggregate_consensus_flanks_no_raw_target_ids
CP025476.1	CAS-TypeIIA	Lactobacillus	Lactobacillaceae	Lactobacillales	Bacilli	Firmicutes	14	11	11	11	reverse	XTGAT|XnnGAAA	14	B	41		needs_exact_same_strain_protein_and_experimental_gold	aggregate_consensus_flanks_no_raw_target_ids
CP027234.1	CAS-TypeIIC	Bacteroides	Bacteroidaceae	Bacteroidales	Bacteroidia	Bacteroidetes	26	11	11	11	forward		26	C	31		needs_exact_same_strain_protein_and_experimental_gold	aggregate_consensus_flanks_no_raw_target_ids
CP028724.1	CAS-TypeIIC	Enterococcus	Enterococcaceae	Lactobacillales	Bacilli	Firmicutes	16	11	11	11	reverse	XnnATA	16	B	41		needs_exact_same_strain_protein_and_experimental_gold	aggregate_consensus_flanks_no_raw_target_ids
CP029175.1	CAS-TypeIIA	Listeria	Listeriaceae	Bacillales	Bacilli	Firmicutes	13	11	11	11	reverse	XnGG	13	B	41		needs_exact_same_strain_protein_and_experimental_gold	aggregate_consensus_flanks_no_raw_target_ids
CP029477.1	CAS-TypeIIA	Lactobacillus	Lactobacillaceae	Lactobacillales	Bacilli	Firmicutes	27	11	11	11	forward	XnnGnnnT	27	B	41		needs_exact_same_strain_protein_and_experimental_gold	aggregate_consensus_flanks_no_raw_target_ids
CP031513.1	CAS-TypeIIA	Lactobacillus	Lactobacillaceae	Lactobacillales	Bacilli	Firmicutes	41	11	11	11	reverse	XnnAAA	41	B	41		needs_exact_same_strain_protein_and_experimental_gold	aggregate_consensus_flanks_no_raw_target_ids
CP032400.1	CAS-TypeIIA	Streptococcus	Streptococcaceae	Lactobacillales	Bacilli	Firmicutes	14	11	11	11	reverse		14	C	31		needs_exact_same_strain_protein_and_experimental_gold	aggregate_consensus_flanks_no_raw_target_ids
CP032401.1	CAS-TypeIIA	Streptococcus	Streptococcaceae	Lactobacillales	Bacilli	Firmicutes	14	11	11	11	reverse		14	C	31		needs_exact_same_strain_protein_and_experimental_gold	aggregate_consensus_flanks_no_raw_target_ids
CP033438.1	CAS-TypeIIA	Pediococcus	Lactobacillaceae	Lactobacillales	Bacilli	Firmicutes	30	11	11	11	reverse		30	C	31		needs_exact_same_strain_protein_and_experimental_gold	aggregate_consensus_flanks_no_raw_target_ids
CP035740.1	CAS-TypeIIC	Staphylococcus	Staphylococcaceae	Bacillales	Bacilli	Firmicutes	13	11	11	11	forward	XTGG	13	B	41		needs_exact_same_strain_protein_and_experimental_gold	aggregate_consensus_flanks_no_raw_target_ids
CP039750.1	CAS-TypeIIA	Lactobacillus	Lactobacillaceae	Lactobacillales	Bacilli	Firmicutes	12	11	11	11	reverse	XnnAAC	12	B	41		needs_exact_same_strain_protein_and_experimental_gold	aggregate_consensus_flanks_no_raw_target_ids
FP929050.1	CAS-TypeIIC	Roseburia	Lachnospiraceae	Clostridiales	Clostridia	Firmicutes	11	11	11	11	reverse	XnnnnCnnA	1	B	41		needs_exact_same_strain_protein_and_experimental_gold	aggregate_consensus_flanks_no_raw_target_ids
LR134489.1	CAS-TypeIIC	Capnocytophaga	Flavobacteriaceae	Flavobacteriales	Flavobacteriia	Bacteroidetes	11	11	11	11	forward	XnnAAAGA	11	B	41		needs_exact_same_strain_protein_and_experimental_gold	aggregate_consensus_flanks_no_raw_target_ids
LR134528.1	CAS-TypeIIC	Neisseria	Neisseriaceae	Neisseriales	Betaproteobacteria	Proteobacteria	14	11	11	11	forward		14	C	31		needs_exact_same_strain_protein_and_experimental_gold	aggregate_consensus_flanks_no_raw_target_ids
LS483387.1	CAS-TypeIIA	Streptococcus	Streptococcaceae	Lactobacillales	Bacilli	Firmicutes	13	11	11	11	forward		13	C	31		needs_exact_same_strain_protein_and_experimental_gold	aggregate_consensus_flanks_no_raw_target_ids
LS483413.1	CAS-TypeIIA	Streptococcus	Streptococcaceae	Lactobacillales	Bacilli	Firmicutes	14	11	11	11	forward	XnGG	14	B	41		needs_exact_same_strain_protein_and_experimental_gold	aggregate_consensus_flanks_no_raw_target_ids
LT906456.1	CAS-TypeIIC	Actinobacillus	Pasteurellaceae	Pasteurellales	Gammaproteobacteria	Proteobacteria	15	11	11	11	reverse	XnnnnCAAA	15	B	41		needs_exact_same_strain_protein_and_experimental_gold	aggregate_consensus_flanks_no_raw_target_ids
LT906621.1	CAS-TypeIIA	Lactobacillus	Lactobacillaceae	Lactobacillales	Bacilli	Firmicutes	19	11	11	11	forward	XnnTACC	19	B	41		needs_exact_same_strain_protein_and_experimental_gold	aggregate_consensus_flanks_no_raw_target_ids
AP011548.1	CAS-TypeIIA	Lactobacillus	Lactobacillaceae	Lactobacillales	Bacilli	Firmicutes	23	10	10	10	reverse		23	C	30		needs_exact_same_strain_protein_and_experimental_gold	aggregate_consensus_flanks_no_raw_target_ids
CP002621.1	CAS-TypeIIA	Enterococcus	Enterococcaceae	Lactobacillales	Bacilli	Firmicutes	14	10	10	10	forward|reverse		14	C	20		needs_exact_same_strain_protein_and_experimental_gold	aggregate_consensus_flanks_no_raw_target_ids
CP003537.1	CAS-TypeIIC	Bdellovibrio	Bdellovibrionaceae	Bdellovibrionales	Oligoflexia	Proteobacteria	71	10	10	10	reverse		71	C	30		needs_exact_same_strain_protein_and_experimental_gold	aggregate_consensus_flanks_no_raw_target_ids
CP006593.1	CAS-TypeIIA	Listeria	Listeriaceae	Bacillales	Bacilli	Firmicutes	22	10	10	10	forward		22	C	30		needs_exact_same_strain_protein_and_experimental_gold	aggregate_consensus_flanks_no_raw_target_ids
CP010874.1	CAS-TypeIIA	Streptococcus	Streptococcaceae	Lactobacillales	Bacilli	Firmicutes	10	10	10	10	forward	XnGG	10	B	40		needs_exact_same_strain_protein_and_experimental_gold	aggregate_consensus_flanks_no_raw_target_ids
CP014872.1	CAS-TypeIIA	Lactobacillus	Lactobacillaceae	Lactobacillales	Bacilli	Firmicutes	22	10	10	10	reverse		22	C	30		needs_exact_same_strain_protein_and_experimental_gold	aggregate_consensus_flanks_no_raw_target_ids
CP014985.1	CAS-TypeIIA	Lactobacillus	Lactobacillaceae	Lactobacillales	Bacilli	Firmicutes	35	10	10	10	forward		35	C	30		needs_exact_same_strain_protein_and_experimental_gold	aggregate_consensus_flanks_no_raw_target_ids
CP016552.1	CAS-TypeIIC	Geobacillus	Bacillaceae	Bacillales	Bacilli	Firmicutes	17	10	10	10	forward		17	C	30		needs_exact_same_strain_protein_and_experimental_gold	aggregate_consensus_flanks_no_raw_target_ids
CP016823.1	CAS-TypeIIA	Lactobacillus	Lactobacillaceae	Lactobacillales	Bacilli	Firmicutes	23	10	10	10	reverse		23	C	30		needs_exact_same_strain_protein_and_experimental_gold	aggregate_consensus_flanks_no_raw_target_ids
CP017063.1	CAS-TypeIIA	Lactobacillus	Lactobacillaceae	Lactobacillales	Bacilli	Firmicutes	25	10	10	10	reverse		25	C	30		needs_exact_same_strain_protein_and_experimental_gold	aggregate_consensus_flanks_no_raw_target_ids
CP018900.1	CAS-TypeIIC	Campylobacter	Campylobacteraceae	Campylobacterales	Epsilonproteobacteria	Proteobacteria	14	10	10	10	reverse		14	C	30		needs_exact_same_strain_protein_and_experimental_gold	aggregate_consensus_flanks_no_raw_target_ids
CP019894.1	CAS-TypeIIC	Neisseria	Neisseriaceae	Neisseriales	Betaproteobacteria	Proteobacteria	11	10	10	10	reverse		11	C	30		needs_exact_same_strain_protein_and_experimental_gold	aggregate_consensus_flanks_no_raw_target_ids
CP019978.1	CAS-TypeIIA	Streptococcus	Streptococcaceae	Lactobacillales	Bacilli	Firmicutes	10	10	10	10	forward		10	C	30		needs_exact_same_strain_protein_and_experimental_gold	aggregate_consensus_flanks_no_raw_target_ids
CP020016.1	CAS-TypeIIA	Lactobacillus	Lactobacillaceae	Lactobacillales	Bacilli	Firmicutes	23	10	10	10	reverse		23	C	30		needs_exact_same_strain_protein_and_experimental_gold	aggregate_consensus_flanks_no_raw_target_ids
CP020401.2	CAS-TypeIIC	Neisseria	Neisseriaceae	Neisseriales	Betaproteobacteria	Proteobacteria	22	10	10	10	forward		22	C	30		needs_exact_same_strain_protein_and_experimental_gold	aggregate_consensus_flanks_no_raw_target_ids
CP020918.1	CAS-TypeIIC	Flavobacterium	Flavobacteriaceae	Flavobacteriales	Flavobacteriia	Bacteroidetes	27	10	10	10	reverse		27	C	30		needs_exact_same_strain_protein_and_experimental_gold	aggregate_consensus_flanks_no_raw_target_ids
CP021426.1	CAS-TypeIIA	Lactobacillus	Lactobacillaceae	Lactobacillales	Bacilli	Firmicutes	23	10	10	10	forward		23	C	30		needs_exact_same_strain_protein_and_experimental_gold	aggregate_consensus_flanks_no_raw_target_ids
CP021456.1	CAS-TypeIIA	Lactobacillus	Lactobacillaceae	Lactobacillales	Bacilli	Firmicutes	19	15	10	10	reverse		19	C	30		needs_exact_same_strain_protein_and_experimental_gold	aggregate_consensus_flanks_no_raw_target_ids
CP021867.1	CAS-TypeIIA	Streptococcus	Streptococcaceae	Lactobacillales	Bacilli	Firmicutes	11	10	10	10	forward	XnGG	11	B	40		needs_exact_same_strain_protein_and_experimental_gold	aggregate_consensus_flanks_no_raw_target_ids
CP021868.1	CAS-TypeIIA	Streptococcus	Streptococcaceae	Lactobacillales	Bacilli	Firmicutes	11	10	10	10	forward	XnGG	11	B	40		needs_exact_same_strain_protein_and_experimental_gold	aggregate_consensus_flanks_no_raw_target_ids
CP022392.1	CAS-TypeIIA	Streptococcus	Streptococcaceae	Lactobacillales	Bacilli	Firmicutes	14	10	10	10	reverse		14	C	30		needs_exact_same_strain_protein_and_experimental_gold	aggregate_consensus_flanks_no_raw_target_ids
CP025020.1	CAS-TypeIIA	Enterococcus	Enterococcaceae	Lactobacillales	Bacilli	Firmicutes	14	10	10	10	forward|reverse		14	C	20		needs_exact_same_strain_protein_and_experimental_gold	aggregate_consensus_flanks_no_raw_target_ids
CP025021.1	CAS-TypeIIA	Enterococcus	Enterococcaceae	Lactobacillales	Bacilli	Firmicutes	14	10	10	10	forward|reverse		14	C	20		needs_exact_same_strain_protein_and_experimental_gold	aggregate_consensus_flanks_no_raw_target_ids
CP025428.1	CAS-TypeIIA	Lactobacillus	Lactobacillaceae	Lactobacillales	Bacilli	Firmicutes	23	10	10	10	reverse		23	C	30		needs_exact_same_strain_protein_and_experimental_gold	aggregate_consensus_flanks_no_raw_target_ids
CP029546.1	CAS-TypeIIA	Lactobacillus	Lactobacillaceae	Lactobacillales	Bacilli	Firmicutes	16	10	10	10	reverse		16	C	30		needs_exact_same_strain_protein_and_experimental_gold	aggregate_consensus_flanks_no_raw_target_ids
CP031290.1	CAS-TypeIIA	Lactobacillus	Lactobacillaceae	Lactobacillales	Bacilli	Firmicutes	23	10	10	10	reverse		23	C	30		needs_exact_same_strain_protein_and_experimental_gold	aggregate_consensus_flanks_no_raw_target_ids
CP033810.1	CAS-TypeIIA	Streptococcus	Streptococcaceae	Lactobacillales	Bacilli	Firmicutes	11	10	10	10	forward		11	C	30		needs_exact_same_strain_protein_and_experimental_gold	aggregate_consensus_flanks_no_raw_target_ids
CP034309.1	CAS-TypeIIC	Arcobacter	Campylobacteraceae	Campylobacterales	Epsilonproteobacteria	Proteobacteria	16	10	10	10	reverse		16	C	30		needs_exact_same_strain_protein_and_experimental_gold	aggregate_consensus_flanks_no_raw_target_ids
CP035154.1	CAS-TypeIIA	Pediococcus	Lactobacillaceae	Lactobacillales	Bacilli	Firmicutes	17	10	10	10	forward	XnnnTA	17	B	40		needs_exact_same_strain_protein_and_experimental_gold	aggregate_consensus_flanks_no_raw_target_ids
CP039752.1	CAS-TypeIIA	Enterococcus	Enterococcaceae	Lactobacillales	Bacilli	Firmicutes	14	10	10	10	forward|reverse	XnGG|XnGGnA	14	C	30		needs_exact_same_strain_protein_and_experimental_gold	aggregate_consensus_flanks_no_raw_target_ids
FM179322.1	CAS-TypeIIA	Lactobacillus	Lactobacillaceae	Lactobacillales	Bacilli	Firmicutes	23	10	10	10	reverse		23	C	30		needs_exact_same_strain_protein_and_experimental_gold	aggregate_consensus_flanks_no_raw_target_ids
LN877293.1	CAS-TypeIIC	Bacteroides	Bacteroidaceae	Bacteroidales	Bacteroidia	Bacteroidetes	11	10	10	10	forward		11	C	30		needs_exact_same_strain_protein_and_experimental_gold	aggregate_consensus_flanks_no_raw_target_ids
LN907858.1	CAS-TypeIIC	Helicobacter	Helicobacteraceae	Campylobacterales	Epsilonproteobacteria	Proteobacteria	21	10	10	10	forward		21	C	30		needs_exact_same_strain_protein_and_experimental_gold	aggregate_consensus_flanks_no_raw_target_ids
LR134362.1	CAS-TypeIIC		Pasteurellaceae	Pasteurellales	Gammaproteobacteria	Proteobacteria	33	10	10	10	reverse		33	C	30		needs_exact_same_strain_protein_and_experimental_gold	aggregate_consensus_flanks_no_raw_target_ids
LR134513.1	CAS-TypeIIC	Capnocytophaga	Flavobacteriaceae	Flavobacteriales	Flavobacteriia	Bacteroidetes	27	10	10	10	reverse		27	C	30		needs_exact_same_strain_protein_and_experimental_gold	aggregate_consensus_flanks_no_raw_target_ids
LR594044.1	CAS-TypeIIC	Streptococcus	Streptococcaceae	Lactobacillales	Bacilli	Firmicutes	26	10	10	10	forward		26	C	30		needs_exact_same_strain_protein_and_experimental_gold	aggregate_consensus_flanks_no_raw_target_ids
LS483333.1	CAS-TypeIIA	Streptococcus	Streptococcaceae	Lactobacillales	Bacilli	Firmicutes	10	10	10	10	reverse		10	C	30		needs_exact_same_strain_protein_and_experimental_gold	aggregate_consensus_flanks_no_raw_target_ids
AL732656.1	CAS-TypeIIA	Streptococcus	Streptococcaceae	Lactobacillales	Bacilli	Firmicutes	12	9	9	9	forward		12	registered	29	sag2-nem316-published-flanks	registered_retrospective_system	aggregate_consensus_flanks_no_raw_target_ids
AP012547.1	CAS-TypeIIC	Sulfuritalea	Sterolibacteriaceae	Nitrosomonadales	Betaproteobacteria	Proteobacteria	14	9	9	9	reverse		14	C	29		needs_exact_same_strain_protein_and_experimental_gold	aggregate_consensus_flanks_no_raw_target_ids
AP018537.1	CAS-TypeIIC		Erysipelotrichaceae	Erysipelotrichales	Erysipelotrichia	Firmicutes	11	9	9	9	forward		11	C	29		needs_exact_same_strain_protein_and_experimental_gold	aggregate_consensus_flanks_no_raw_target_ids
CM002130.1	CAS-TypeIIA	Streptococcus	Streptococcaceae	Lactobacillales	Bacilli	Firmicutes	9	9	9	9	reverse		9	C	29		needs_exact_same_strain_protein_and_experimental_gold	aggregate_consensus_flanks_no_raw_target_ids
CP001392.1	CAS-TypeIIC	Acidovorax	Comamonadaceae	Burkholderiales	Betaproteobacteria	Proteobacteria	13	9	9	9	reverse		13	C	29		needs_exact_same_strain_protein_and_experimental_gold	aggregate_consensus_flanks_no_raw_target_ids
CP003875.1	CAS-TypeIIC	Actinobacillus	Pasteurellaceae	Pasteurellales	Gammaproteobacteria	Proteobacteria	10	9	9	9	reverse	XnnnnCAAA	10	C	39		needs_exact_same_strain_protein_and_experimental_gold	aggregate_consensus_flanks_no_raw_target_ids
CP006804.1	CAS-TypeIIA	Lactobacillus	Lactobacillaceae	Lactobacillales	Bacilli	Firmicutes	34	9	9	9	reverse	XnGAAA	34	C	39		needs_exact_same_strain_protein_and_experimental_gold	aggregate_consensus_flanks_no_raw_target_ids
CP007199.1	CAS-TypeIIA	Listeria	Listeriaceae	Bacillales	Bacilli	Firmicutes	22	9	9	9	reverse	XnGG	22	C	39		needs_exact_same_strain_protein_and_experimental_gold	aggregate_consensus_flanks_no_raw_target_ids
CP007200.1	CAS-TypeIIA	Listeria	Listeriaceae	Bacillales	Bacilli	Firmicutes	22	9	9	9	reverse	XnGG	22	C	39		needs_exact_same_strain_protein_and_experimental_gold	aggregate_consensus_flanks_no_raw_target_ids
CP007241.1	CAS-TypeIIA	Streptococcus	Streptococcaceae	Lactobacillales	Bacilli	Firmicutes	10	9	9	9	forward		10	C	29		needs_exact_same_strain_protein_and_experimental_gold	aggregate_consensus_flanks_no_raw_target_ids
CP009498.1	CAS-TypeIIC	Endomicrobium	Endomicrobiaceae	Endomicrobiales	Endomicrobia	Elusimicrobia	111	9	9	9	forward|reverse		111	C	19		needs_exact_same_strain_protein_and_experimental_gold	aggregate_consensus_flanks_no_raw_target_ids
CP009575.1	CAS-TypeIIA	Listeria	Listeriaceae	Bacillales	Bacilli	Firmicutes	15	9	9	9	reverse		15	C	29		needs_exact_same_strain_protein_and_experimental_gold	aggregate_consensus_flanks_no_raw_target_ids
CP010875.1	CAS-TypeIIA	Streptococcus	Streptococcaceae	Lactobacillales	Bacilli	Firmicutes	9	9	9	9	forward	XnGG	9	C	39		needs_exact_same_strain_protein_and_experimental_gold	aggregate_consensus_flanks_no_raw_target_ids
CP012419.2	CAS-TypeIIA	Streptococcus	Streptococcaceae	Lactobacillales	Bacilli	Firmicutes	9	9	9	9	forward	XnGG	9	C	39		needs_exact_same_strain_protein_and_experimental_gold	aggregate_consensus_flanks_no_raw_target_ids
CP016028.1	CAS-TypeIIA	Lactobacillus	Lactobacillaceae	Lactobacillales	Bacilli	Firmicutes	13	9	9	9	reverse		13	C	29		needs_exact_same_strain_protein_and_experimental_gold	aggregate_consensus_flanks_no_raw_target_ids
CP016877.1	CAS-TypeIIA	Streptococcus	Streptococcaceae	Lactobacillales	Bacilli	Firmicutes	11	9	9	9	reverse		11	C	29		needs_exact_same_strain_protein_and_experimental_gold	aggregate_consensus_flanks_no_raw_target_ids
CP018324.1	CAS-TypeIIA	Lactobacillus	Lactobacillaceae	Lactobacillales	Bacilli	Firmicutes	9	9	9	9	forward		9	C	29		needs_exact_same_strain_protein_and_experimental_gold	aggregate_consensus_flanks_no_raw_target_ids
CP018763.1	CAS-TypeIIA	Pediococcus	Lactobacillaceae	Lactobacillales	Bacilli	Firmicutes	22	9	9	9	forward		22	C	29		needs_exact_same_strain_protein_and_experimental_gold	aggregate_consensus_flanks_no_raw_target_ids
CP019388.1	CAS-TypeIIC	Winogradskyella	Flavobacteriaceae	Flavobacteriales	Flavobacteriia	Bacteroidetes	25	9	9	9	reverse		25	C	29		needs_exact_same_strain_protein_and_experimental_gold	aggregate_consensus_flanks_no_raw_target_ids
CP020030.1	CAS-TypeIIC	Geobacillus	Bacillaceae	Bacillales	Bacilli	Firmicutes	10	9	9	9	forward		10	C	29		needs_exact_same_strain_protein_and_experimental_gold	aggregate_consensus_flanks_no_raw_target_ids
CP020432.2	CAS-TypeIIA	Streptococcus	Streptococcaceae	Lactobacillales	Bacilli	Firmicutes	11	9	9	9	forward		11	C	29		needs_exact_same_strain_protein_and_experimental_gold	aggregate_consensus_flanks_no_raw_target_ids
CP020832.1	CAS-TypeIIA	Listeria	Listeriaceae	Bacillales	Bacilli	Firmicutes	19	9	9	9	forward		19	C	29		needs_exact_same_strain_protein_and_experimental_gold	aggregate_consensus_flanks_no_raw_target_ids
CP021863.1	CAS-TypeIIA	Streptococcus	Streptococcaceae	Lactobacillales	Bacilli	Firmicutes	9	9	9	9	forward	XnGG	9	C	39		needs_exact_same_strain_protein_and_experimental_gold	aggregate_consensus_flanks_no_raw_target_ids
CP021864.1	CAS-TypeIIA	Streptococcus	Streptococcaceae	Lactobacillales	Bacilli	Firmicutes	9	9	9	9	forward	XnGG	9	C	39		needs_exact_same_strain_protein_and_experimental_gold	aggregate_consensus_flanks_no_raw_target_ids
CP021865.1	CAS-TypeIIA	Streptococcus	Streptococcaceae	Lactobacillales	Bacilli	Firmicutes	9	9	9	9	forward	XnGG	9	C	39		needs_exact_same_strain_protein_and_experimental_gold	aggregate_consensus_flanks_no_raw_target_ids
CP021866.1	CAS-TypeIIA	Streptococcus	Streptococcaceae	Lactobacillales	Bacilli	Firmicutes	9	9	9	9	forward	XnGG	9	C	39		needs_exact_same_strain_protein_and_experimental_gold	aggregate_consensus_flanks_no_raw_target_ids
CP021869.1	CAS-TypeIIA	Streptococcus	Streptococcaceae	Lactobacillales	Bacilli	Firmicutes	12	9	9	9	forward		12	C	29		needs_exact_same_strain_protein_and_experimental_gold	aggregate_consensus_flanks_no_raw_target_ids
CP022881.1	CAS-TypeIIC	Staphylococcus	Staphylococcaceae	Bacillales	Bacilli	Firmicutes	11	9	9	9	forward		11	C	29		needs_exact_same_strain_protein_and_experimental_gold	aggregate_consensus_flanks_no_raw_target_ids
CP023008.1	CAS-TypeIIA	Pediococcus	Lactobacillaceae	Lactobacillales	Bacilli	Firmicutes	18	9	9	9	forward		18	C	29		needs_exact_same_strain_protein_and_experimental_gold	aggregate_consensus_flanks_no_raw_target_ids
CP023429.1	CAS-TypeIIC	Neisseria	Neisseriaceae	Neisseriales	Betaproteobacteria	Proteobacteria	13	9	9	9	reverse		13	C	29		needs_exact_same_strain_protein_and_experimental_gold	aggregate_consensus_flanks_no_raw_target_ids
CP023507.1	CAS-TypeIIA	Streptococcus	Streptococcaceae	Lactobacillales	Bacilli	Firmicutes	9	9	9	9	reverse		9	C	29		needs_exact_same_strain_protein_and_experimental_gold	aggregate_consensus_flanks_no_raw_target_ids
CP025027.1	CAS-TypeIIA	Streptococcus	Streptococcaceae	Lactobacillales	Bacilli	Firmicutes	9	9	9	9	forward	XnGG	9	C	39		needs_exact_same_strain_protein_and_experimental_gold	aggregate_consensus_flanks_no_raw_target_ids
CP025028.1	CAS-TypeIIA	Streptococcus	Streptococcaceae	Lactobacillales	Bacilli	Firmicutes	9	9	9	9	forward	XnGG	9	C	39		needs_exact_same_strain_protein_and_experimental_gold	aggregate_consensus_flanks_no_raw_target_ids
CP029337.1	CAS-TypeIIC	Helicobacter	Helicobacteraceae	Campylobacterales	Epsilonproteobacteria	Proteobacteria	25	9	9	9	reverse	XnnnnnnTnnA	25	C	39		needs_exact_same_strain_protein_and_experimental_gold	aggregate_consensus_flanks_no_raw_target_ids
CP033336.1	CAS-TypeIIA	Streptococcus	Streptococcaceae	Lactobacillales	Bacilli	Firmicutes	9	9	9	9	reverse	XnGGT	9	C	39		needs_exact_same_strain_protein_and_experimental_gold	aggregate_consensus_flanks_no_raw_target_ids
FN597254.1	CAS-TypeIIA	Streptococcus	Streptococcaceae	Lactobacillales	Bacilli	Firmicutes	12	9	9	9	reverse		12	C	29		needs_exact_same_strain_protein_and_experimental_gold	aggregate_consensus_flanks_no_raw_target_ids
FP929032.1	CAS-TypeIIC	Alistipes	Rikenellaceae	Bacteroidales	Bacteroidia	Bacteroidetes	12	9	9	9	reverse		12	C	29		needs_exact_same_strain_protein_and_experimental_gold	aggregate_consensus_flanks_no_raw_target_ids
FP929036.1	CAS-TypeIIC	Butyrivibrio	Lachnospiraceae	Clostridiales	Clostridia	Firmicutes	22	9	9	9	reverse		22	C	29		needs_exact_same_strain_protein_and_experimental_gold	aggregate_consensus_flanks_no_raw_target_ids
LR134275.1	CAS-TypeIIC	Streptococcus	Streptococcaceae	Lactobacillales	Bacilli	Firmicutes	10	9	9	9	forward		10	C	29		needs_exact_same_strain_protein_and_experimental_gold	aggregate_consensus_flanks_no_raw_target_ids
LR134341.1	CAS-TypeIIA	Streptococcus	Streptococcaceae	Lactobacillales	Bacilli	Firmicutes	9	9	9	9	reverse		9	C	29		needs_exact_same_strain_protein_and_experimental_gold	aggregate_consensus_flanks_no_raw_target_ids
LR134497.1	CAS-TypeIIC	Campylobacter	Campylobacteraceae	Campylobacterales	Epsilonproteobacteria	Proteobacteria	9	9	9	9	reverse		9	C	29		needs_exact_same_strain_protein_and_experimental_gold	aggregate_consensus_flanks_no_raw_target_ids
LR594045.1	CAS-TypeIIA	Streptococcus	Streptococcaceae	Lactobacillales	Bacilli	Firmicutes	10	9	9	9	reverse		10	C	29		needs_exact_same_strain_protein_and_experimental_gold	aggregate_consensus_flanks_no_raw_target_ids
LS483295.1	CAS-TypeIIC	Campylobacter	Campylobacteraceae	Campylobacterales	Epsilonproteobacteria	Proteobacteria	10	9	9	9	reverse		10	C	29		needs_exact_same_strain_protein_and_experimental_gold	aggregate_consensus_flanks_no_raw_target_ids
LT635479.1	CAS-TypeIIA	Lachnoclostridium	Lachnospiraceae	Clostridiales	Clostridia	Firmicutes	15	9	9	9	reverse		15	C	29		needs_exact_same_strain_protein_and_experimental_gold	aggregate_consensus_flanks_no_raw_target_ids
AM398681.2	CAS-TypeIIC	Flavobacterium	Flavobacteriaceae	Flavobacteriales	Flavobacteriia	Bacteroidetes	20	8	8	8	reverse		20	C	28		needs_exact_same_strain_protein_and_experimental_gold	aggregate_consensus_flanks_no_raw_target_ids
AP012344.1	CAS-TypeIIC	Helicobacter	Helicobacteraceae	Campylobacterales	Epsilonproteobacteria	Proteobacteria	12	8	8	8	reverse		12	C	28		needs_exact_same_strain_protein_and_experimental_gold	aggregate_consensus_flanks_no_raw_target_ids
CM000855.1	CAS-TypeIIC	Campylobacter	Campylobacteraceae	Campylobacterales	Epsilonproteobacteria	Proteobacteria	32	8	8	8	reverse		32	C	28		needs_exact_same_strain_protein_and_experimental_gold	aggregate_consensus_flanks_no_raw_target_ids
CM001538.1	CAS-TypeIIA	Lactobacillus	Lactobacillaceae	Lactobacillales	Bacilli	Firmicutes	18	8	8	8	forward		18	C	28		needs_exact_same_strain_protein_and_experimental_gold	aggregate_consensus_flanks_no_raw_target_ids
CP000419.1	CAS-TypeIIA	Streptococcus	Streptococcaceae	Lactobacillales	Bacilli	Firmicutes	8	8	8	8	reverse	XnGGnG	8	C	38		needs_exact_same_strain_protein_and_experimental_gold	aggregate_consensus_flanks_no_raw_target_ids
CP002455.1	CAS-TypeIIC	Weeksella	Flavobacteriaceae	Flavobacteriales	Flavobacteriia	Bacteroidetes	20	8	8	8	forward		20	registered	28	wvi-dsm16922-published-flanks	registered_retrospective_system	aggregate_consensus_flanks_no_raw_target_ids
CP003295.1	CAS-TypeIIA	Streptococcus	Streptococcaceae	Lactobacillales	Bacilli	Firmicutes	9	8	8	8	reverse		9	C	28		needs_exact_same_strain_protein_and_experimental_gold	aggregate_consensus_flanks_no_raw_target_ids
CP003787.1	CAS-TypeIIC	Riemerella	Flavobacteriaceae	Flavobacteriales	Flavobacteriia	Bacteroidetes	10	8	8	8	reverse		10	C	28		needs_exact_same_strain_protein_and_experimental_gold	aggregate_consensus_flanks_no_raw_target_ids
CP004036.1	CAS-TypeIIC	Sphingomonas	Sphingomonadaceae	Sphingomonadales	Alphaproteobacteria	Proteobacteria	21	8	8	8	forward		21	C	28		needs_exact_same_strain_protein_and_experimental_gold	aggregate_consensus_flanks_no_raw_target_ids
CP006649.1	CAS-TypeIIC	Riemerella	Flavobacteriaceae	Flavobacteriales	Flavobacteriia	Bacteroidetes	10	8	8	8	reverse		10	C	28		needs_exact_same_strain_protein_and_experimental_gold	aggregate_consensus_flanks_no_raw_target_ids
CP008878.1	CAS-TypeIIC	Flavobacterium	Flavobacteriaceae	Flavobacteriales	Flavobacteriia	Bacteroidetes	20	8	8	8	reverse		20	C	28		needs_exact_same_strain_protein_and_experimental_gold	aggregate_consensus_flanks_no_raw_target_ids
CP008879.1	CAS-TypeIIC	Flavobacterium	Flavobacteriaceae	Flavobacteriales	Flavobacteriia	Bacteroidetes	20	8	8	8	reverse		20	C	28		needs_exact_same_strain_protein_and_experimental_gold	aggregate_consensus_flanks_no_raw_target_ids
CP008880.1	CAS-TypeIIC	Flavobacterium	Flavobacteriaceae	Flavobacteriales	Flavobacteriia	Bacteroidetes	20	8	8	8	reverse		20	C	28		needs_exact_same_strain_protein_and_experimental_gold	aggregate_consensus_flanks_no_raw_target_ids
CP008881.1	CAS-TypeIIC	Flavobacterium	Flavobacteriaceae	Flavobacteriales	Flavobacteriia	Bacteroidetes	20	8	8	8	reverse		20	C	28		needs_exact_same_strain_protein_and_experimental_gold	aggregate_consensus_flanks_no_raw_target_ids
CP008882.1	CAS-TypeIIC	Flavobacterium	Flavobacteriaceae	Flavobacteriales	Flavobacteriia	Bacteroidetes	20	8	8	8	reverse		20	C	28		needs_exact_same_strain_protein_and_experimental_gold	aggregate_consensus_flanks_no_raw_target_ids
CP008883.1	CAS-TypeIIC	Flavobacterium	Flavobacteriaceae	Flavobacteriales	Flavobacteriia	Bacteroidetes	20	8	8	8	reverse		20	C	28		needs_exact_same_strain_protein_and_experimental_gold	aggregate_consensus_flanks_no_raw_target_ids
CP008902.1	CAS-TypeIIC	Flavobacterium	Flavobacteriaceae	Flavobacteriales	Flavobacteriia	Bacteroidetes	20	8	8	8	reverse		20	C	28		needs_exact_same_strain_protein_and_experimental_gold	aggregate_consensus_flanks_no_raw_target_ids
CP008921.1	CAS-TypeIIA	Streptococcus	Streptococcaceae	Lactobacillales	Bacilli	Firmicutes	9	8	8	8	reverse		9	C	28		needs_exact_same_strain_protein_and_experimental_gold	aggregate_consensus_flanks_no_raw_target_ids
CP010274.2	CAS-TypeIIC	Flavobacterium	Flavobacteriaceae	Flavobacteriales	Flavobacteriia	Bacteroidetes	20	8	8	8	reverse		20	C	28		needs_exact_same_strain_protein_and_experimental_gold	aggregate_consensus_flanks_no_raw_target_ids
CP010275.2	CAS-TypeIIC	Flavobacterium	Flavobacteriaceae	Flavobacteriales	Flavobacteriia	Bacteroidetes	20	8	8	8	reverse		20	C	28		needs_exact_same_strain_protein_and_experimental_gold	aggregate_consensus_flanks_no_raw_target_ids
CP010276.2	CAS-TypeIIC	Flavobacterium	Flavobacteriaceae	Flavobacteriales	Flavobacteriia	Bacteroidetes	20	8	8	8	reverse		20	C	28		needs_exact_same_strain_protein_and_experimental_gold	aggregate_consensus_flanks_no_raw_target_ids
CP010277.2	CAS-TypeIIC	Flavobacterium	Flavobacteriaceae	Flavobacteriales	Flavobacteriia	Bacteroidetes	20	8	8	8	reverse		20	C	28		needs_exact_same_strain_protein_and_experimental_gold	aggregate_consensus_flanks_no_raw_target_ids
CP010278.2	CAS-TypeIIC	Flavobacterium	Flavobacteriaceae	Flavobacteriales	Flavobacteriia	Bacteroidetes	20	8	8	8	reverse		20	C	28		needs_exact_same_strain_protein_and_experimental_gold	aggregate_consensus_flanks_no_raw_target_ids
CP010783.1	CAS-TypeIIA	Streptococcus	Streptococcaceae	Lactobacillales	Bacilli	Firmicutes	12	8	8	8	reverse		12	C	28		needs_exact_same_strain_protein_and_experimental_gold	aggregate_consensus_flanks_no_raw_target_ids
CP015107.1	CAS-TypeIIC	Flavobacterium	Flavobacteriaceae	Flavobacteriales	Flavobacteriia	Bacteroidetes	22	8	8	8	reverse		22	C	28		needs_exact_same_strain_protein_and_experimental_gold	aggregate_consensus_flanks_no_raw_target_ids
CP016277.1	CAS-TypeIIC	Flavobacterium	Flavobacteriaceae	Flavobacteriales	Flavobacteriia	Bacteroidetes	28	8	8	8	reverse		28	C	28		needs_exact_same_strain_protein_and_experimental_gold	aggregate_consensus_flanks_no_raw_target_ids
CP016355.1	CAS-TypeIIA	Lactobacillus	Lactobacillaceae	Lactobacillales	Bacilli	Firmicutes	22	8	8	8	reverse		22	C	28		needs_exact_same_strain_protein_and_experimental_gold	aggregate_consensus_flanks_no_raw_target_ids
CP016394.1	CAS-TypeIIA	Streptococcus	Streptococcaceae	Lactobacillales	Bacilli	Firmicutes	10	8	8	8	forward		10	C	28		needs_exact_same_strain_protein_and_experimental_gold	aggregate_consensus_flanks_no_raw_target_ids
CP016440.1	CAS-TypeIIC	Bordetella	Alcaligenaceae	Burkholderiales	Betaproteobacteria	Proteobacteria	20	8	8	8	reverse		20	C	28		needs_exact_same_strain_protein_and_experimental_gold	aggregate_consensus_flanks_no_raw_target_ids
CP017229.1	CAS-TypeIIC	Campylobacter	Campylobacteraceae	Campylobacterales	Epsilonproteobacteria	Proteobacteria	8	8	8	8	reverse		8	C	28		needs_exact_same_strain_protein_and_experimental_gold	aggregate_consensus_flanks_no_raw_target_ids
CP017871.1	CAS-TypeIIC	Campylobacter	Campylobacteraceae	Campylobacterales	Epsilonproteobacteria	Proteobacteria	9	8	8	8	forward		9	C	28		needs_exact_same_strain_protein_and_experimental_gold	aggregate_consensus_flanks_no_raw_target_ids
CP021427.1	CAS-TypeIIA	Lactobacillus	Lactobacillaceae	Lactobacillales	Bacilli	Firmicutes	9	8	8	8	forward		9	C	28		needs_exact_same_strain_protein_and_experimental_gold	aggregate_consensus_flanks_no_raw_target_ids
CP021862.1	CAS-TypeIIA	Streptococcus	Streptococcaceae	Lactobacillales	Bacilli	Firmicutes	8	8	8	8	forward		8	C	28		needs_exact_same_strain_protein_and_experimental_gold	aggregate_consensus_flanks_no_raw_target_ids
CP024843.1	CAS-TypeIIA	Streptococcus	Streptococcaceae	Lactobacillales	Bacilli	Firmicutes	12	8	8	8	reverse		12	C	28		needs_exact_same_strain_protein_and_experimental_gold	aggregate_consensus_flanks_no_raw_target_ids
CP025029.1	CAS-TypeIIA	Streptococcus	Streptococcaceae	Lactobacillales	Bacilli	Firmicutes	8	8	8	8	forward	XnGG	8	C	38		needs_exact_same_strain_protein_and_experimental_gold	aggregate_consensus_flanks_no_raw_target_ids
CP025582.1	CAS-TypeIIA	Lactobacillus	Lactobacillaceae	Lactobacillales	Bacilli	Firmicutes	32	8	8	8	reverse		32	C	28		needs_exact_same_strain_protein_and_experimental_gold	aggregate_consensus_flanks_no_raw_target_ids
CP031771.1	CAS-TypeIIA	Lactobacillus	Lactobacillaceae	Lactobacillales	Bacilli	Firmicutes	29	8	8	8	forward		29	C	28		needs_exact_same_strain_protein_and_experimental_gold	aggregate_consensus_flanks_no_raw_target_ids
CP035156.1	CAS-TypeIIA	Lactobacillus	Lactobacillaceae	Lactobacillales	Bacilli	Firmicutes	12	8	8	8	forward		12	C	28		needs_exact_same_strain_protein_and_experimental_gold	aggregate_consensus_flanks_no_raw_target_ids
CP035438.1	CAS-TypeIIA	Streptococcus	Streptococcaceae	Lactobacillales	Bacilli	Firmicutes	8	8	8	8	reverse		8	C	28		needs_exact_same_strain_protein_and_experimental_gold	aggregate_consensus_flanks_no_raw_target_ids
CP035741.1	CAS-TypeIIC	Staphylococcus	Staphylococcaceae	Bacillales	Bacilli	Firmicutes	9	8	8	8	reverse		9	C	28		needs_exact_same_strain_protein_and_experimental_gold	aggregate_consensus_flanks_no_raw_target_ids
CP040500.1	CAS-TypeIIA	Lactobacillus	Lactobacillaceae	Lactobacillales	Bacilli	Firmicutes	18	8	8	8	reverse		18	C	28		needs_exact_same_strain_protein_and_experimental_gold	aggregate_consensus_flanks_no_raw_target_ids
FO681347.1	CAS-TypeIIC	Acholeplasma	Acholeplasmataceae	Acholeplasmatales	Mollicutes	Tenericutes	35	8	8	8	reverse		35	C	28		needs_exact_same_strain_protein_and_experimental_gold	aggregate_consensus_flanks_no_raw_target_ids
LS483520.1	CAS-TypeIIA	Streptococcus	Streptococcaceae	Lactobacillales	Bacilli	Firmicutes	8	8	8	8	forward		8	C	28		needs_exact_same_strain_protein_and_experimental_gold	aggregate_consensus_flanks_no_raw_target_ids
LT714196.1	CAS-TypeIIA	Streptococcus	Streptococcaceae	Lactobacillales	Bacilli	Firmicutes	12	8	8	8	forward		12	C	28		needs_exact_same_strain_protein_and_experimental_gold	aggregate_consensus_flanks_no_raw_target_ids
AL157959.1	CAS-TypeIIC	Neisseria	Neisseriaceae	Neisseriales	Betaproteobacteria	Proteobacteria	15	7	7	7	forward		15	C	27		needs_exact_same_strain_protein_and_experimental_gold	aggregate_consensus_flanks_no_raw_target_ids
AP011114.1	CAS-TypeIIA	Streptococcus	Streptococcaceae	Lactobacillales	Bacilli	Firmicutes	7	7	7	7	reverse		7	C	27		needs_exact_same_strain_protein_and_experimental_gold	aggregate_consensus_flanks_no_raw_target_ids
AP017623.1	CAS-TypeIIA	Enterococcus	Enterococcaceae	Lactobacillales	Bacilli	Firmicutes	11	7	7	7	forward		11	C	27		needs_exact_same_strain_protein_and_experimental_gold	aggregate_consensus_flanks_no_raw_target_ids
CM003139.1	CAS-TypeIIC	Streptococcus	Streptococcaceae	Lactobacillales	Bacilli	Firmicutes	10	7	7	7	forward		10	C	27		needs_exact_same_strain_protein_and_experimental_gold	aggregate_consensus_flanks_no_raw_target_ids
CP000814.1	CAS-TypeIIC	Campylobacter	Campylobacteraceae	Campylobacterales	Epsilonproteobacteria	Proteobacteria	7	7	7	7	reverse	TnnTnnnnnnX	7	C	37		needs_exact_same_strain_protein_and_experimental_gold	aggregate_consensus_flanks_no_raw_target_ids
CP002633.1	CAS-TypeIIC	Streptococcus	Streptococcaceae	Lactobacillales	Bacilli	Firmicutes	20	7	7	7	reverse		20	C	27		needs_exact_same_strain_protein_and_experimental_gold	aggregate_consensus_flanks_no_raw_target_ids
CP003810.1	CAS-TypeIIA	Streptococcus	Streptococcaceae	Lactobacillales	Bacilli	Firmicutes	8	7	7	7	forward	XnGG	8	C	37		needs_exact_same_strain_protein_and_experimental_gold	aggregate_consensus_flanks_no_raw_target_ids
CP007023.1	CAS-TypeIIA	Streptococcus	Streptococcaceae	Lactobacillales	Bacilli	Firmicutes	8	7	7	7	forward		8	C	27		needs_exact_same_strain_protein_and_experimental_gold	aggregate_consensus_flanks_no_raw_target_ids
CP007240.1	CAS-TypeIIA	Streptococcus	Streptococcaceae	Lactobacillales	Bacilli	Firmicutes	8	7	7	7	forward		8	registered	27	sp7f7-published-flanks	registered_retrospective_system	aggregate_consensus_flanks_no_raw_target_ids
CP007772.1	CAS-TypeIIC	Campylobacter	Campylobacteraceae	Campylobacterales	Epsilonproteobacteria	Proteobacteria	19	7	7	7	forward		19	C	27		needs_exact_same_strain_protein_and_experimental_gold	aggregate_consensus_flanks_no_raw_target_ids
CP009238.1	CAS-TypeIIC	Basilea	Alcaligenaceae	Burkholderiales	Betaproteobacteria	Proteobacteria	24	7	7	7	forward		24	C	27		needs_exact_same_strain_protein_and_experimental_gold	aggregate_consensus_flanks_no_raw_target_ids
CP010319.1	CAS-TypeIIA	Streptococcus	Streptococcaceae	Lactobacillales	Bacilli	Firmicutes	9	7	7	7	forward	XnGG	9	C	37		needs_exact_same_strain_protein_and_experimental_gold	aggregate_consensus_flanks_no_raw_target_ids
CP011325.1	CAS-TypeIIA	Streptococcus	Streptococcaceae	Lactobacillales	Bacilli	Firmicutes	8	7	7	7	forward	XnGG	8	C	37		needs_exact_same_strain_protein_and_experimental_gold	aggregate_consensus_flanks_no_raw_target_ids
CP011326.1	CAS-TypeIIA	Streptococcus	Streptococcaceae	Lactobacillales	Bacilli	Firmicutes	7	7	7	7	forward	XnGG	7	C	37		needs_exact_same_strain_protein_and_experimental_gold	aggregate_consensus_flanks_no_raw_target_ids
CP011327.1	CAS-TypeIIA	Streptococcus	Streptococcaceae	Lactobacillales	Bacilli	Firmicutes	8	7	7	7	forward	XnGG	8	C	37		needs_exact_same_strain_protein_and_experimental_gold	aggregate_consensus_flanks_no_raw_target_ids
CP012480.1	CAS-TypeIIA	Streptococcus	Streptococcaceae	Lactobacillales	Bacilli	Firmicutes	8	7	7	7	forward		8	C	27		needs_exact_same_strain_protein_and_experimental_gold	aggregate_consensus_flanks_no_raw_target_ids
CP013118.1	CAS-TypeIIC	Salinivirga	Salinivirgaceae	Marinilabiliales	Bacteroidia	Bacteroidetes	112	32	7	7	reverse		112	C	27		needs_exact_same_strain_protein_and_experimental_gold	aggregate_consensus_flanks_no_raw_target_ids
CP014907.1	CAS-TypeIIA	Lactobacillus	Lactobacillaceae	Lactobacillales	Bacilli	Firmicutes	14	7	7	7	reverse		14	C	27		needs_exact_same_strain_protein_and_experimental_gold	aggregate_consensus_flanks_no_raw_target_ids
CP014912.1	CAS-TypeIIA	Lactobacillus	Lactobacillaceae	Lactobacillales	Bacilli	Firmicutes	14	7	7	7	forward		14	C	27		needs_exact_same_strain_protein_and_experimental_gold	aggregate_consensus_flanks_no_raw_target_ids
CP016534.2	CAS-TypeIIC	Planococcus	Planococcaceae	Bacillales	Bacilli	Firmicutes	22	7	7	7	reverse		22	C	27		needs_exact_same_strain_protein_and_experimental_gold	aggregate_consensus_flanks_no_raw_target_ids
CP016660.1	CAS-TypeIIC	Neisseria	Neisseriaceae	Neisseriales	Betaproteobacteria	Proteobacteria	15	7	7	7	reverse		15	C	27		needs_exact_same_strain_protein_and_experimental_gold	aggregate_consensus_flanks_no_raw_target_ids
CP016682.1	CAS-TypeIIC	Neisseria	Neisseriaceae	Neisseriales	Betaproteobacteria	Proteobacteria	19	7	7	7	reverse		19	C	27		needs_exact_same_strain_protein_and_experimental_gold	aggregate_consensus_flanks_no_raw_target_ids
CP017875.1	CAS-TypeIIC	Campylobacter	Campylobacteraceae	Campylobacterales	Epsilonproteobacteria	Proteobacteria	16	7	7	7	forward|reverse		16	C	17		needs_exact_same_strain_protein_and_experimental_gold	aggregate_consensus_flanks_no_raw_target_ids
CP018102.1	CAS-TypeIIA	Enterococcus	Enterococcaceae	Lactobacillales	Bacilli	Firmicutes	9	7	7	7	forward		9	C	27		needs_exact_same_strain_protein_and_experimental_gold	aggregate_consensus_flanks_no_raw_target_ids
CP020420.2	CAS-TypeIIC	Neisseria	Neisseriaceae	Neisseriales	Betaproteobacteria	Proteobacteria	17	7	7	7	reverse		17	C	27		needs_exact_same_strain_protein_and_experimental_gold	aggregate_consensus_flanks_no_raw_target_ids
CP020768.1	CAS-TypeIIC	Staphylococcus	Staphylococcaceae	Bacillales	Bacilli	Firmicutes	11	7	7	7	forward		11	C	27		needs_exact_same_strain_protein_and_experimental_gold	aggregate_consensus_flanks_no_raw_target_ids
CP023543.1	CAS-TypeIIC	Campylobacter	Campylobacteraceae	Campylobacterales	Epsilonproteobacteria	Proteobacteria	7	7	7	7	reverse		7	C	27		needs_exact_same_strain_protein_and_experimental_gold	aggregate_consensus_flanks_no_raw_target_ids
CP025026.1	CAS-TypeIIA	Streptococcus	Streptococcaceae	Lactobacillales	Bacilli	Firmicutes	7	7	7	7	forward	XnGG	7	C	37		needs_exact_same_strain_protein_and_experimental_gold	aggregate_consensus_flanks_no_raw_target_ids
CP025281.1	CAS-TypeIIC	Campylobacter	Campylobacteraceae	Campylobacterales	Epsilonproteobacteria	Proteobacteria	10	7	7	7	reverse		10	C	27		needs_exact_same_strain_protein_and_experimental_gold	aggregate_consensus_flanks_no_raw_target_ids
CP026097.1	CAS-TypeIIA	Lactobacillus	Lactobacillaceae	Lactobacillales	Bacilli	Firmicutes	30	7	7	7	reverse		30	C	27		needs_exact_same_strain_protein_and_experimental_gold	aggregate_consensus_flanks_no_raw_target_ids
CP026367.1	CAS-TypeIIC	Staphylococcus|Sulfitobacter	Rhodobacteraceae|Staphylococcaceae	Bacillales|Rhodobacterales	Alphaproteobacteria|Bacilli	Firmicutes|Proteobacteria	15	7	7	7	reverse		15	C	27		needs_exact_same_strain_protein_and_experimental_gold	aggregate_consensus_flanks_no_raw_target_ids
CP028187.1	CAS-TypeIIC	Campylobacter	Campylobacteraceae	Campylobacterales	Epsilonproteobacteria	Proteobacteria	13	13	7	7	forward		13	C	27		needs_exact_same_strain_protein_and_experimental_gold	aggregate_consensus_flanks_no_raw_target_ids
CP028977.1	CAS-TypeIIA	Lactobacillus	Lactobacillaceae	Lactobacillales	Bacilli	Firmicutes	18	7	7	7	forward		18	C	27		needs_exact_same_strain_protein_and_experimental_gold	aggregate_consensus_flanks_no_raw_target_ids
CP033199.1	CAS-TypeIIA	Streptococcus	Streptococcaceae	Lactobacillales	Bacilli	Firmicutes	11	7	7	7	forward		11	C	27		needs_exact_same_strain_protein_and_experimental_gold	aggregate_consensus_flanks_no_raw_target_ids
CP033926.1	CAS-TypeIIC	Chryseobacterium	Flavobacteriaceae	Flavobacteriales	Flavobacteriia	Bacteroidetes	25	7	7	7	reverse		25	C	27		needs_exact_same_strain_protein_and_experimental_gold	aggregate_consensus_flanks_no_raw_target_ids
CP034315.1	CAS-TypeIIA	Streptococcus	Streptococcaceae	Lactobacillales	Bacilli	Firmicutes	8	7	7	7	forward	XnGG	8	C	37		needs_exact_same_strain_protein_and_experimental_gold	aggregate_consensus_flanks_no_raw_target_ids
CP034694.1	CAS-TypeIIA	Lactobacillus	Lactobacillaceae	Lactobacillales	Bacilli	Firmicutes	10	7	7	7	reverse		10	C	27		needs_exact_same_strain_protein_and_experimental_gold	aggregate_consensus_flanks_no_raw_target_ids
HF952104.1	CAS-TypeIIA	Streptococcus	Streptococcaceae	Lactobacillales	Bacilli	Firmicutes	10	7	7	7	forward	XTGGnT|XnGG	10	C	37		needs_exact_same_strain_protein_and_experimental_gold	aggregate_consensus_flanks_no_raw_target_ids
LR134288.1	CAS-TypeIIC	Streptococcus	Streptococcaceae	Lactobacillales	Bacilli	Firmicutes	8	7	7	7	forward		8	C	27		needs_exact_same_strain_protein_and_experimental_gold	aggregate_consensus_flanks_no_raw_target_ids
LR134293.1	CAS-TypeIIA	Streptococcus	Streptococcaceae	Lactobacillales	Bacilli	Firmicutes	9	7	7	7	reverse		9	C	27		needs_exact_same_strain_protein_and_experimental_gold	aggregate_consensus_flanks_no_raw_target_ids
LR134525.1	CAS-TypeIIC	Neisseria	Neisseriaceae	Neisseriales	Betaproteobacteria	Proteobacteria	17	7	7	7	reverse		17	C	27		needs_exact_same_strain_protein_and_experimental_gold	aggregate_consensus_flanks_no_raw_target_ids
LR594034.1	CAS-TypeIIA	Streptococcus	Streptococcaceae	Lactobacillales	Bacilli	Firmicutes	7	7	7	7	reverse		7	C	27		needs_exact_same_strain_protein_and_experimental_gold	aggregate_consensus_flanks_no_raw_target_ids
LR594046.1	CAS-TypeIIA	Streptococcus	Streptococcaceae	Lactobacillales	Bacilli	Firmicutes	8	7	7	7	reverse		8	C	27		needs_exact_same_strain_protein_and_experimental_gold	aggregate_consensus_flanks_no_raw_target_ids
LS483329.1	CAS-TypeIIA	Streptococcus	Streptococcaceae	Lactobacillales	Bacilli	Firmicutes	8	7	7	7	reverse		8	C	27		needs_exact_same_strain_protein_and_experimental_gold	aggregate_consensus_flanks_no_raw_target_ids
LS483366.1	CAS-TypeIIC	Streptococcus	Streptococcaceae	Lactobacillales	Bacilli	Firmicutes	8	7	7	7	reverse	XnnAAAGnnA	8	C	37		needs_exact_same_strain_protein_and_experimental_gold	aggregate_consensus_flanks_no_raw_target_ids
LS483425.1	CAS-TypeIIA	Streptococcus	Streptococcaceae	Lactobacillales	Bacilli	Firmicutes	7	7	7	7	reverse		7	C	27		needs_exact_same_strain_protein_and_experimental_gold	aggregate_consensus_flanks_no_raw_target_ids
AL592022.1	CAS-TypeIIA	Listeria	Listeriaceae	Bacillales	Bacilli	Firmicutes	10	6	6	6	reverse		10	C	26		needs_exact_same_strain_protein_and_experimental_gold	aggregate_consensus_flanks_no_raw_target_ids
AP018400.1	CAS-TypeIIC	Streptococcus	Streptococcaceae	Lactobacillales	Bacilli	Firmicutes	9	6	6	6	reverse		9	C	26		needs_exact_same_strain_protein_and_experimental_gold	aggregate_consensus_flanks_no_raw_target_ids
CP002282.1	CAS-TypeIIC	Ilyobacter	Fusobacteriaceae	Fusobacteriales	Fusobacteriia	Fusobacteria	20	6	6	6	reverse		20	C	26		needs_exact_same_strain_protein_and_experimental_gold	aggregate_consensus_flanks_no_raw_target_ids
CP002422.1	CAS-TypeIIC	Neisseria	Neisseriaceae	Neisseriales	Betaproteobacteria	Proteobacteria	16	6	6	6	reverse		16	C	26		needs_exact_same_strain_protein_and_experimental_gold	aggregate_consensus_flanks_no_raw_target_ids
CP003745.1	CAS-TypeIIC	Bibersteinia	Pasteurellaceae	Pasteurellales	Gammaproteobacteria	Proteobacteria	12	6	6	6	forward		12	C	26		needs_exact_same_strain_protein_and_experimental_gold	aggregate_consensus_flanks_no_raw_target_ids
CP005941.1	CAS-TypeIIA	Streptococcus	Streptococcaceae	Lactobacillales	Bacilli	Firmicutes	8	6	6	6	reverse		8	C	26		needs_exact_same_strain_protein_and_experimental_gold	aggregate_consensus_flanks_no_raw_target_ids
CP007188.1	CAS-TypeIIC	Campylobacter	Campylobacteraceae	Campylobacterales	Epsilonproteobacteria	Proteobacteria	6	6	6	6	forward		6	C	26		needs_exact_same_strain_protein_and_experimental_gold	aggregate_consensus_flanks_no_raw_target_ids
CP007189.1	CAS-TypeIIC	Campylobacter	Campylobacteraceae	Campylobacterales	Epsilonproteobacteria	Proteobacteria	7	6	6	6	reverse	TnnTnnnnnnX	7	C	36		needs_exact_same_strain_protein_and_experimental_gold	aggregate_consensus_flanks_no_raw_target_ids
CP007190.1	CAS-TypeIIC	Campylobacter	Campylobacteraceae	Campylobacterales	Epsilonproteobacteria	Proteobacteria	7	6	6	6	reverse	TnnTnnnnnnX	7	C	36		needs_exact_same_strain_protein_and_experimental_gold	aggregate_consensus_flanks_no_raw_target_ids
CP007503.1	CAS-TypeIIC	Riemerella	Flavobacteriaceae	Flavobacteriales	Flavobacteriia	Bacteroidetes	15	6	6	6	forward		15	C	26		needs_exact_same_strain_protein_and_experimental_gold	aggregate_consensus_flanks_no_raw_target_ids
CP007687.1	CAS-TypeIIA	Listeria	Listeriaceae	Bacillales	Bacilli	Firmicutes	11	6	6	6	reverse	XnGG	11	C	36		needs_exact_same_strain_protein_and_experimental_gold	aggregate_consensus_flanks_no_raw_target_ids
CP008747.1	CAS-TypeIIC	Staphylococcus	Staphylococcaceae	Bacillales	Bacilli	Firmicutes	14	6	6	6	forward		14	C	26		needs_exact_same_strain_protein_and_experimental_gold	aggregate_consensus_flanks_no_raw_target_ids
CP014924.1	CAS-TypeIIA	Lactobacillus	Lactobacillaceae	Lactobacillales	Bacilli	Firmicutes	13	6	6	6	forward		13	C	26		needs_exact_same_strain_protein_and_experimental_gold	aggregate_consensus_flanks_no_raw_target_ids
CP015398.1	CAS-TypeIIA	Lactobacillus	Lactobacillaceae	Lactobacillales	Bacilli	Firmicutes	17	6	6	6	reverse		17	C	26		needs_exact_same_strain_protein_and_experimental_gold	aggregate_consensus_flanks_no_raw_target_ids
CP015857.1	CAS-TypeIIA	Lactobacillus	Lactobacillaceae	Lactobacillales	Bacilli	Firmicutes	7	6	6	6	reverse		7	C	26		needs_exact_same_strain_protein_and_experimental_gold	aggregate_consensus_flanks_no_raw_target_ids
CP017456.1	CAS-TypeIIC	Campylobacter	Campylobacteraceae	Campylobacterales	Epsilonproteobacteria	Proteobacteria	6	6	6	6	reverse		6	C	26		needs_exact_same_strain_protein_and_experimental_gold	aggregate_consensus_flanks_no_raw_target_ids
CP017952.1	CAS-TypeIIA	Streptococcus	Streptococcaceae	Lactobacillales	Bacilli	Firmicutes	9	6	6	6	reverse		9	C	26		needs_exact_same_strain_protein_and_experimental_gold	aggregate_consensus_flanks_no_raw_target_ids
CP018793.1	CAS-TypeIIB	Campylobacter	Campylobacteraceae	Campylobacterales	Epsilonproteobacteria	Proteobacteria	10	6	6	6	forward		10	C	26		needs_exact_same_strain_protein_and_experimental_gold	aggregate_consensus_flanks_no_raw_target_ids
CP019621.1	CAS-TypeIIA	Listeria	Listeriaceae	Bacillales	Bacilli	Firmicutes	9	6	6	6	reverse	XnGG	9	C	36		needs_exact_same_strain_protein_and_experimental_gold	aggregate_consensus_flanks_no_raw_target_ids
CP022079.1	CAS-TypeIIC	Campylobacter	Campylobacteraceae	Campylobacterales	Epsilonproteobacteria	Proteobacteria	7	6	6	6	forward		7	C	26		needs_exact_same_strain_protein_and_experimental_gold	aggregate_consensus_flanks_no_raw_target_ids
CP022385.1	CAS-TypeIIC	Capnocytophaga	Flavobacteriaceae	Flavobacteriales	Flavobacteriia	Bacteroidetes	6	6	6	6	reverse		6	C	26		needs_exact_same_strain_protein_and_experimental_gold	aggregate_consensus_flanks_no_raw_target_ids
CP028372.1	CAS-TypeIIC	Campylobacter	Campylobacteraceae	Campylobacterales	Epsilonproteobacteria	Proteobacteria	6	6	6	6	reverse		6	C	26		needs_exact_same_strain_protein_and_experimental_gold	aggregate_consensus_flanks_no_raw_target_ids
CP031545.1	CAS-TypeIIA	Streptococcus	Streptococcaceae	Lactobacillales	Bacilli	Firmicutes	6	6	6	6	reverse	XnGGnG	6	C	36		needs_exact_same_strain_protein_and_experimental_gold	aggregate_consensus_flanks_no_raw_target_ids
CP031701.1	CAS-TypeIIA	Lactobacillus	Lactobacillaceae	Lactobacillales	Bacilli	Firmicutes	14	6	6	6	forward		14	C	26		needs_exact_same_strain_protein_and_experimental_gold	aggregate_consensus_flanks_no_raw_target_ids
CP032654.1	CAS-TypeIIA	Lactobacillus	Lactobacillaceae	Lactobacillales	Bacilli	Firmicutes	23	6	6	6	forward		23	C	26		needs_exact_same_strain_protein_and_experimental_gold	aggregate_consensus_flanks_no_raw_target_ids
CP032659.1	CAS-TypeIIA	Lactobacillus	Lactobacillaceae	Lactobacillales	Bacilli	Firmicutes	23	6	6	6	forward		23	C	26		needs_exact_same_strain_protein_and_experimental_gold	aggregate_consensus_flanks_no_raw_target_ids
LS483304.1	CAS-TypeIIC	Staphylococcus	Staphylococcaceae	Bacillales	Bacilli	Firmicutes	14	6	6	6	forward		14	C	26		needs_exact_same_strain_protein_and_experimental_gold	aggregate_consensus_flanks_no_raw_target_ids
LS483321.1	CAS-TypeIIA	Streptococcus	Streptococcaceae	Lactobacillales	Bacilli	Firmicutes	6	6	6	6	reverse		6	C	26		needs_exact_same_strain_protein_and_experimental_gold	aggregate_consensus_flanks_no_raw_target_ids
LS483369.1	CAS-TypeIIC	Neisseria	Neisseriaceae	Neisseriales	Betaproteobacteria	Proteobacteria	7	6	6	6	forward		7	C	26		needs_exact_same_strain_protein_and_experimental_gold	aggregate_consensus_flanks_no_raw_target_ids
LT220504.1	CAS-TypeIIA	Lactobacillus	Lactobacillaceae	Lactobacillales	Bacilli	Firmicutes	30	6	6	6	forward		30	C	26		needs_exact_same_strain_protein_and_experimental_gold	aggregate_consensus_flanks_no_raw_target_ids
AM889285.1	CAS-TypeIIC	Gluconacetobacter	Acetobacteraceae	Rhodospirillales	Alphaproteobacteria	Proteobacteria	10	5	5	5	forward		10	C	25		needs_exact_same_strain_protein_and_experimental_gold	aggregate_consensus_flanks_no_raw_target_ids
AP009510.1	CAS-TypeIIC					Elusimicrobia	22	5	5	5	reverse		22	C	25		needs_exact_same_strain_protein_and_experimental_gold	aggregate_consensus_flanks_no_raw_target_ids
AP012336.1	CAS-TypeIIA	Streptococcus	Streptococcaceae	Lactobacillales	Bacilli	Firmicutes	8	5	5	5	forward		8	C	25		needs_exact_same_strain_protein_and_experimental_gold	aggregate_consensus_flanks_no_raw_target_ids
AP018405.1	CAS-TypeIIA	Lactobacillus	Lactobacillaceae	Lactobacillales	Bacilli	Firmicutes	6	5	5	5	reverse		6	C	25		needs_exact_same_strain_protein_and_experimental_gold	aggregate_consensus_flanks_no_raw_target_ids
AP018718.1	CAS-TypeIIC		Sterolibacteriaceae	Nitrosomonadales	Betaproteobacteria	Proteobacteria	14	5	5	5	reverse		14	C	25		needs_exact_same_strain_protein_and_experimental_gold	aggregate_consensus_flanks_no_raw_target_ids
CP000381.1	CAS-TypeIIC	Neisseria	Neisseriaceae	Neisseriales	Betaproteobacteria	Proteobacteria	9	5	5	5	forward		9	C	25		needs_exact_same_strain_protein_and_experimental_gold	aggregate_consensus_flanks_no_raw_target_ids
CP001084.2	CAS-TypeIIA	Lactobacillus	Lactobacillaceae	Lactobacillales	Bacilli	Firmicutes	16	5	5	5	reverse		16	C	25		needs_exact_same_strain_protein_and_experimental_gold	aggregate_consensus_flanks_no_raw_target_ids
CP002346.1	CAS-TypeIIC	Riemerella	Flavobacteriaceae	Flavobacteriales	Flavobacteriia	Bacteroidetes	12	5	5	5	forward		12	C	25		needs_exact_same_strain_protein_and_experimental_gold	aggregate_consensus_flanks_no_raw_target_ids
CP002452.1	CAS-TypeIIC	Nitratifractor		Campylobacterales	Epsilonproteobacteria	Proteobacteria	11	5	5	5	forward		11	C	25		needs_exact_same_strain_protein_and_experimental_gold	aggregate_consensus_flanks_no_raw_target_ids
CP002562.1	CAS-TypeIIC	Riemerella	Flavobacteriaceae	Flavobacteriales	Flavobacteriia	Bacteroidetes	12	5	5	5	reverse		12	C	25		needs_exact_same_strain_protein_and_experimental_gold	aggregate_consensus_flanks_no_raw_target_ids
CP003388.1	CAS-TypeIIC	Riemerella	Flavobacteriaceae	Flavobacteriales	Flavobacteriia	Bacteroidetes	12	5	5	5	forward		12	C	25		needs_exact_same_strain_protein_and_experimental_gold	aggregate_consensus_flanks_no_raw_target_ids
CP004020.1	CAS-TypeIIC	Riemerella	Flavobacteriaceae	Flavobacteriales	Flavobacteriia	Bacteroidetes	15	5	5	5	reverse		15	C	25		needs_exact_same_strain_protein_and_experimental_gold	aggregate_consensus_flanks_no_raw_target_ids
CP006254.2	CAS-TypeIIC	Geobacillus	Bacillaceae	Bacillales	Bacilli	Firmicutes	7	5	5	5	forward		7	C	25		needs_exact_same_strain_protein_and_experimental_gold	aggregate_consensus_flanks_no_raw_target_ids
CP007035.1	CAS-TypeIIC	Niabella	Chitinophagaceae	Chitinophagales	Chitinophagia	Bacteroidetes	35	5	5	5	forward		35	C	25		needs_exact_same_strain_protein_and_experimental_gold	aggregate_consensus_flanks_no_raw_target_ids
CP007504.1	CAS-TypeIIC	Riemerella	Flavobacteriaceae	Flavobacteriales	Flavobacteriia	Bacteroidetes	15	5	5	5	forward		10	C	25		needs_exact_same_strain_protein_and_experimental_gold	aggregate_consensus_flanks_no_raw_target_ids
CP007766.1	CAS-TypeIIC	Campylobacter	Campylobacteraceae	Campylobacterales	Epsilonproteobacteria	Proteobacteria	11	5	5	5	reverse		11	C	25		needs_exact_same_strain_protein_and_experimental_gold	aggregate_consensus_flanks_no_raw_target_ids
CP007775.1	CAS-TypeIIC	Campylobacter	Campylobacteraceae	Campylobacterales	Epsilonproteobacteria	Proteobacteria	13	5	5	5	forward		13	C	25		needs_exact_same_strain_protein_and_experimental_gold	aggregate_consensus_flanks_no_raw_target_ids
CP009762.1	CAS-TypeIIC	Staphylococcus	Staphylococcaceae	Bacillales	Bacilli	Firmicutes	5	5	5	5	reverse	XnnGAA	5	C	35		needs_exact_same_strain_protein_and_experimental_gold	aggregate_consensus_flanks_no_raw_target_ids
CP010307.1	CAS-TypeIIC	Campylobacter	Campylobacteraceae	Campylobacterales	Epsilonproteobacteria	Proteobacteria	6	5	5	5	reverse		6	C	25		needs_exact_same_strain_protein_and_experimental_gold	aggregate_consensus_flanks_no_raw_target_ids
CP010904.1	CAS-TypeIIC	Kiritimatiella	Kiritimatiellaceae	Kiritimatiellales	Kiritimatiellae	Kiritimatiellaeota	28	5	5	5	reverse		28	C	25		needs_exact_same_strain_protein_and_experimental_gold	aggregate_consensus_flanks_no_raw_target_ids
CP011308.1	CAS-TypeIIC	Sulfurovum			Epsilonproteobacteria	Proteobacteria	23	5	5	5	reverse		23	C	25		needs_exact_same_strain_protein_and_experimental_gold	aggregate_consensus_flanks_no_raw_target_ids
CP011859.1	CAS-TypeIIC	Riemerella	Flavobacteriaceae	Flavobacteriales	Flavobacteriia	Bacteroidetes	6	5	5	5	forward		6	C	25		needs_exact_same_strain_protein_and_experimental_gold	aggregate_consensus_flanks_no_raw_target_ids
CP014742.1	CAS-TypeIIC	Campylobacter	Campylobacteraceae	Campylobacterales	Epsilonproteobacteria	Proteobacteria	6	5	5	5	reverse		6	C	25		needs_exact_same_strain_protein_and_experimental_gold	aggregate_consensus_flanks_no_raw_target_ids
CP015285.1	CAS-TypeIIC	Azospirillum	Rhodospirillaceae	Rhodospirillales	Alphaproteobacteria	Proteobacteria	8	5	5	5	forward		8	C	25		needs_exact_same_strain_protein_and_experimental_gold	aggregate_consensus_flanks_no_raw_target_ids
CP015408.2	CAS-TypeIIA	Lactobacillus	Lactobacillaceae	Lactobacillales	Bacilli	Firmicutes	6	5	5	5	forward		6	C	25		needs_exact_same_strain_protein_and_experimental_gold	aggregate_consensus_flanks_no_raw_target_ids
CP016797.1	CAS-TypeIIA	Lactobacillus	Lactobacillaceae	Lactobacillales	Bacilli	Firmicutes	10	5	5	5	forward		10	C	25		needs_exact_same_strain_protein_and_experimental_gold	aggregate_consensus_flanks_no_raw_target_ids
CP017863.1	CAS-TypeIIC	Campylobacter	Campylobacteraceae	Campylobacterales	Epsilonproteobacteria	Proteobacteria	7	5	5	5	reverse		7	C	25		needs_exact_same_strain_protein_and_experimental_gold	aggregate_consensus_flanks_no_raw_target_ids
CP019750.1	CAS-TypeIIA	Lactobacillus	Lactobacillaceae	Lactobacillales	Bacilli	Firmicutes	10	5	5	5	forward		10	C	25		needs_exact_same_strain_protein_and_experimental_gold	aggregate_consensus_flanks_no_raw_target_ids
CP019965.1	CAS-TypeIIC	Campylobacter	Campylobacteraceae	Campylobacterales	Epsilonproteobacteria	Proteobacteria	5	5	5	5	reverse		5	C	25		needs_exact_same_strain_protein_and_experimental_gold	aggregate_consensus_flanks_no_raw_target_ids
CP020045.1	CAS-TypeIIC	Campylobacter	Campylobacteraceae	Campylobacterales	Epsilonproteobacteria	Proteobacteria	5	5	5	5	reverse		5	C	25		needs_exact_same_strain_protein_and_experimental_gold	aggregate_consensus_flanks_no_raw_target_ids
CP020867.1	CAS-TypeIIC	Campylobacter	Campylobacteraceae	Campylobacterales	Epsilonproteobacteria	Proteobacteria	18	5	5	5	forward		18	C	25		needs_exact_same_strain_protein_and_experimental_gold	aggregate_consensus_flanks_no_raw_target_ids
CP022383.1	CAS-TypeIIC	Capnocytophaga	Flavobacteriaceae	Flavobacteriales	Flavobacteriia	Bacteroidetes	7	5	5	5	forward		7	C	25		needs_exact_same_strain_protein_and_experimental_gold	aggregate_consensus_flanks_no_raw_target_ids
CP022470.1	CAS-TypeIIC	Campylobacter	Campylobacteraceae	Campylobacterales	Epsilonproteobacteria	Proteobacteria	6	5	5	5	reverse	TnnTnnnnnnX	6	C	35		needs_exact_same_strain_protein_and_experimental_gold	aggregate_consensus_flanks_no_raw_target_ids
CP022615.1	CAS-TypeIIA	Gemella		Bacillales	Bacilli	Firmicutes	9	5	5	5	forward		9	C	25		needs_exact_same_strain_protein_and_experimental_gold	aggregate_consensus_flanks_no_raw_target_ids
CP024058.1	CAS-TypeIIA	Lactobacillus	Lactobacillaceae	Lactobacillales	Bacilli	Firmicutes	13	5	5	5	reverse		13	C	25		needs_exact_same_strain_protein_and_experimental_gold	aggregate_consensus_flanks_no_raw_target_ids
CP024635.1	CAS-TypeIIA	Lactobacillus	Lactobacillaceae	Lactobacillales	Bacilli	Firmicutes	8	5	5	5	forward		8	C	25		needs_exact_same_strain_protein_and_experimental_gold	aggregate_consensus_flanks_no_raw_target_ids
CP025471.1	CAS-TypeIIA	Pediococcus	Lactobacillaceae	Lactobacillales	Bacilli	Firmicutes	11	5	5	5	forward		11	C	25		needs_exact_same_strain_protein_and_experimental_gold	aggregate_consensus_flanks_no_raw_target_ids
CP028911.1	CAS-TypeIIC	Campylobacter	Campylobacteraceae	Campylobacterales	Epsilonproteobacteria	Proteobacteria	5	5	5	5	reverse		5	C	25		needs_exact_same_strain_protein_and_experimental_gold	aggregate_consensus_flanks_no_raw_target_ids
CP029829.1	CAS-TypeIIC	Azospirillum	Rhodospirillaceae	Rhodospirillales	Alphaproteobacteria	Proteobacteria	13	5	5	5	forward		0	C	15		needs_exact_same_strain_protein_and_experimental_gold	aggregate_consensus_flanks_no_raw_target_ids
CP032159.1	CAS-TypeIIC	Staphylococcus	Staphylococcaceae	Bacillales	Bacilli	Firmicutes	9	5	5	5	forward	XAnGG	9	C	35		needs_exact_same_strain_protein_and_experimental_gold	aggregate_consensus_flanks_no_raw_target_ids
CP033809.1	CAS-TypeIIA	Streptococcus	Streptococcaceae	Lactobacillales	Bacilli	Firmicutes	17	5	5	5	reverse		17	C	25		needs_exact_same_strain_protein_and_experimental_gold	aggregate_consensus_flanks_no_raw_target_ids
CP035055.1	CAS-TypeIIA	Lactobacillus	Lactobacillaceae	Lactobacillales	Bacilli	Firmicutes	7	5	5	5	reverse		7	C	25		needs_exact_same_strain_protein_and_experimental_gold	aggregate_consensus_flanks_no_raw_target_ids
HG939456.1	CAS-TypeIIA	Streptococcus	Streptococcaceae	Lactobacillales	Bacilli	Firmicutes	5	5	5	5	forward		5	C	25		needs_exact_same_strain_protein_and_experimental_gold	aggregate_consensus_flanks_no_raw_target_ids
LR134272.1	CAS-TypeIIA	Streptococcus	Streptococcaceae	Lactobacillales	Bacilli	Firmicutes	5	5	5	5	forward		5	C	25		needs_exact_same_strain_protein_and_experimental_gold	aggregate_consensus_flanks_no_raw_target_ids
LR134394.1	CAS-TypeIIA	Listeria	Listeriaceae	Bacillales	Bacilli	Firmicutes	10	5	5	5	reverse		10	C	25		needs_exact_same_strain_protein_and_experimental_gold	aggregate_consensus_flanks_no_raw_target_ids
LR134404.1	CAS-TypeIIC	Weeksella	Flavobacteriaceae	Flavobacteriales	Flavobacteriia	Bacteroidetes	20	5	5	5	reverse		20	C	25		needs_exact_same_strain_protein_and_experimental_gold	aggregate_consensus_flanks_no_raw_target_ids
LR134530.1	CAS-TypeIIC	Campylobacter	Campylobacteraceae	Campylobacterales	Epsilonproteobacteria	Proteobacteria	5	5	5	5	reverse		5	C	25		needs_exact_same_strain_protein_and_experimental_gold	aggregate_consensus_flanks_no_raw_target_ids
LS483394.1	CAS-TypeIIA	Streptococcus	Streptococcaceae	Lactobacillales	Bacilli	Firmicutes	5	5	5	5	forward		5	C	25		needs_exact_same_strain_protein_and_experimental_gold	aggregate_consensus_flanks_no_raw_target_ids
LS483407.1	CAS-TypeIIA	Streptococcus	Streptococcaceae	Lactobacillales	Bacilli	Firmicutes	5	5	5	5	forward		5	C	25		needs_exact_same_strain_protein_and_experimental_gold	aggregate_consensus_flanks_no_raw_target_ids
LS483430.1	CAS-TypeIIA	Streptococcus	Streptococcaceae	Lactobacillales	Bacilli	Firmicutes	5	5	5	5	forward		5	C	25		needs_exact_same_strain_protein_and_experimental_gold	aggregate_consensus_flanks_no_raw_target_ids
LS483442.1	CAS-TypeIIA	Streptococcus	Streptococcaceae	Lactobacillales	Bacilli	Firmicutes	6	5	5	5	reverse		6	C	25		needs_exact_same_strain_protein_and_experimental_gold	aggregate_consensus_flanks_no_raw_target_ids
LT906475.1	CAS-TypeIIC	Riemerella	Flavobacteriaceae	Flavobacteriales	Flavobacteriia	Bacteroidetes	12	5	5	5	forward		12	C	25		needs_exact_same_strain_protein_and_experimental_gold	aggregate_consensus_flanks_no_raw_target_ids
LT960790.1	CAS-TypeIIC	Lactobacillus	Lactobacillaceae	Lactobacillales	Bacilli	Firmicutes	7	5	5	5	forward	XnnnnGCAC	7	C	35		needs_exact_same_strain_protein_and_experimental_gold	aggregate_consensus_flanks_no_raw_target_ids
